gender,SeniorCitizen,Partner,Dependents,tenure,PhoneService,MultipleLines,InternetService,OnlineSecurity,OnlineBackup,DeviceProtection,TechSupport,StreamingTV,StreamingMovies,Contract,PaperlessBilling,PaymentMethod,MonthlyCharges,TotalCharges,Segment,Actual_Churn,Predicted_Churn,Churn_Probability_Percent,Risk_Level,Segment_Strategy,Final_Retention_Action
Female,0,Yes,Yes,59,Yes,No,DSL,No,Yes,No,Yes,Yes,Yes,Two year,Yes,Credit card (automatic),75.95,4542.35,Loyal High-Spend Customers,No,No,3.36,Low Risk,Loyalty Rewards + Premium Benefits,Maintain Loyalty Benefits
Female,0,No,No,7,Yes,Yes,Fiber optic,No,Yes,No,No,No,No,Month-to-month,Yes,Bank transfer (automatic),78.55,522.95,High-Risk High-Spend Customers,No,Yes,79.49,High Risk,Priority Support + Personalized Offer + Long-Term Contract Incentive,Urgent Priority Support + Personalized Offer + Contract Incentive
Female,0,No,No,54,Yes,No,No,No internet service,No internet service,No internet service,No internet service,No internet service,No internet service,Two year,No,Mailed check,20.1,1079.45,Loyal Low-Spend Customers,No,No,0.95,Low Risk,Maintain Service + Loyalty Communication,Maintain Service Quality
Female,0,No,No,2,Yes,No,No,No internet service,No internet service,No internet service,No internet service,No internet service,No internet service,Month-to-month,No,Mailed check,20.65,38.7,New Low-Spend Customers,Yes,No,40.17,Medium Risk,Early Engagement + Welcome Offer + Service Guidance,Early Engagement + Service Guidance
Female,0,Yes,No,71,Yes,Yes,Fiber optic,No,Yes,Yes,No,Yes,Yes,Two year,Yes,Bank transfer (automatic),105.15,7555.0,Loyal High-Spend Customers,No,No,22.96,Low Risk,Loyalty Rewards + Premium Benefits,Maintain Loyalty Benefits
Female,0,No,No,60,Yes,Yes,Fiber optic,No,Yes,Yes,No,Yes,Yes,Month-to-month,Yes,Electronic check,105.9,6396.45,Loyal High-Spend Customers,Yes,Yes,73.27,High Risk,Loyalty Rewards + Premium Benefits,Priority Loyalty Offer + Proactive Support
Female,0,Yes,Yes,33,Yes,Yes,No,No internet service,No internet service,No internet service,No internet service,No internet service,No internet service,One year,No,Credit card (automatic),24.15,800.3,New Low-Spend Customers,No,No,5.84,Low Risk,Early Engagement + Welcome Offer + Service Guidance,Regular Onboarding Communication
Female,0,No,No,7,Yes,No,No,No internet service,No internet service,No internet service,No internet service,No internet service,No internet service,Month-to-month,No,Mailed check,20.65,155.9,New Low-Spend Customers,No,No,34.18,Medium Risk,Early Engagement + Welcome Offer + Service Guidance,Early Engagement + Service Guidance
Female,0,Yes,Yes,14,Yes,Yes,Fiber optic,No,No,Yes,No,No,Yes,Month-to-month,Yes,Electronic check,87.25,1258.6,High-Risk High-Spend Customers,Yes,Yes,86.44,High Risk,Priority Support + Personalized Offer + Long-Term Contract Incentive,Urgent Priority Support + Personalized Offer + Contract Incentive
Male,0,No,No,72,No,No phone service,DSL,Yes,No,Yes,Yes,Yes,Yes,Two year,Yes,Credit card (automatic),61.2,4390.25,Loyal High-Spend Customers,No,No,3.21,Low Risk,Loyalty Rewards + Premium Benefits,Maintain Loyalty Benefits
Male,1,Yes,No,4,Yes,No,Fiber optic,No,No,No,No,No,No,Month-to-month,Yes,Electronic check,70.2,280.35,High-Risk High-Spend Customers,No,Yes,86.68,High Risk,Priority Support + Personalized Offer + Long-Term Contract Incentive,Urgent Priority Support + Personalized Offer + Contract Incentive
Male,0,No,No,9,Yes,No,No,No internet service,No internet service,No internet service,No internet service,No internet service,No internet service,Month-to-month,No,Credit card (automatic),19.7,180.7,New Low-Spend Customers,No,No,34.2,Medium Risk,Early Engagement + Welcome Offer + Service Guidance,Early Engagement + Service Guidance
Female,0,Yes,No,14,Yes,No,Fiber optic,No,No,No,No,No,Yes,Month-to-month,Yes,Electronic check,78.1,1122.4,High-Risk High-Spend Customers,No,Yes,85.78,High Risk,Priority Support + Personalized Offer + Long-Term Contract Incentive,Urgent Priority Support + Personalized Offer + Contract Incentive
Male,0,Yes,Yes,37,No,No phone service,DSL,Yes,No,Yes,Yes,No,No,One year,Yes,Electronic check,40.2,1525.35,Loyal Low-Spend Customers,No,No,11.48,Low Risk,Maintain Service + Loyalty Communication,Maintain Service Quality
Female,0,Yes,Yes,30,No,No phone service,DSL,No,No,No,Yes,Yes,Yes,Month-to-month,No,Credit card (automatic),51.2,1561.5,Loyal Low-Spend Customers,Yes,No,38.48,Medium Risk,Maintain Service + Loyalty Communication,Customer Check-In + Loyalty Communication
Female,0,No,No,2,Yes,No,Fiber optic,No,No,No,No,Yes,Yes,Month-to-month,Yes,Electronic check,90.4,168.2,High-Risk High-Spend Customers,Yes,Yes,90.76,High Risk,Priority Support + Personalized Offer + Long-Term Contract Incentive,Urgent Priority Support + Personalized Offer + Contract Incentive
Male,0,No,No,3,Yes,Yes,Fiber optic,No,No,No,No,No,No,Month-to-month,No,Mailed check,75.0,209.1,High-Risk High-Spend Customers,Yes,Yes,81.63,High Risk,Priority Support + Personalized Offer + Long-Term Contract Incentive,Urgent Priority Support + Personalized Offer + Contract Incentive
Male,0,No,No,22,Yes,Yes,Fiber optic,No,Yes,No,No,No,No,Month-to-month,Yes,Electronic check,79.35,1730.35,High-Risk High-Spend Customers,Yes,Yes,78.92,High Risk,Priority Support + Personalized Offer + Long-Term Contract Incentive,Urgent Priority Support + Personalized Offer + Contract Incentive
Male,0,No,No,9,Yes,No,DSL,Yes,No,Yes,Yes,No,Yes,Month-to-month,Yes,Bank transfer (automatic),68.25,576.95,High-Risk High-Spend Customers,No,No,42.62,Medium Risk,Priority Support + Personalized Offer + Long-Term Contract Incentive,Proactive Support + Personalized Offer
Male,0,No,No,71,Yes,Yes,No,No internet service,No internet service,No internet service,No internet service,No internet service,No internet service,Two year,No,Bank transfer (automatic),25.55,1898.1,Loyal Low-Spend Customers,No,No,0.59,Low Risk,Maintain Service + Loyalty Communication,Maintain Service Quality
Female,0,Yes,Yes,70,Yes,No,No,No internet service,No internet service,No internet service,No internet service,No internet service,No internet service,Two year,Yes,Mailed check,19.2,1401.4,Loyal Low-Spend Customers,No,No,0.4,Low Risk,Maintain Service + Loyalty Communication,Maintain Service Quality
Female,0,No,No,4,Yes,Yes,DSL,No,No,No,Yes,Yes,No,Month-to-month,Yes,Mailed check,64.4,253.0,High-Risk High-Spend Customers,No,Yes,65.69,High Risk,Priority Support + Personalized Offer + Long-Term Contract Incentive,Urgent Priority Support + Personalized Offer + Contract Incentive
Male,0,No,No,1,Yes,No,DSL,No,No,No,Yes,No,No,Month-to-month,Yes,Electronic check,49.3,49.3,New Low-Spend Customers,No,Yes,66.29,High Risk,Early Engagement + Welcome Offer + Service Guidance,Immediate Welcome Offer + Onboarding Support
Female,0,Yes,Yes,48,Yes,Yes,Fiber optic,Yes,Yes,No,No,Yes,Yes,One year,Yes,Credit card (automatic),103.25,5037.55,Loyal High-Spend Customers,Yes,No,32.55,Medium Risk,Loyalty Rewards + Premium Benefits,Loyalty Reward + Customer Check-In
Male,0,No,No,4,Yes,No,No,No internet service,No internet service,No internet service,No internet service,No internet service,No internet service,Month-to-month,Yes,Mailed check,19.95,59.25,New Low-Spend Customers,No,No,45.63,Medium Risk,Early Engagement + Welcome Offer + Service Guidance,Early Engagement + Service Guidance
Female,1,Yes,No,38,Yes,Yes,Fiber optic,No,No,No,No,No,No,Month-to-month,Yes,Bank transfer (automatic),74.95,2869.85,High-Risk High-Spend Customers,Yes,Yes,63.87,High Risk,Priority Support + Personalized Offer + Long-Term Contract Incentive,Urgent Priority Support + Personalized Offer + Contract Incentive
Male,0,No,No,7,Yes,Yes,No,No internet service,No internet service,No internet service,No internet service,No internet service,No internet service,Month-to-month,No,Mailed check,23.5,173.0,New Low-Spend Customers,No,No,44.38,Medium Risk,Early Engagement + Welcome Offer + Service Guidance,Early Engagement + Service Guidance
Male,0,Yes,Yes,55,Yes,No,DSL,No,No,Yes,Yes,No,No,Two year,Yes,Credit card (automatic),55.25,3119.9,Loyal Low-Spend Customers,No,No,2.33,Low Risk,Maintain Service + Loyalty Communication,Maintain Service Quality
Male,0,Yes,Yes,49,Yes,No,DSL,Yes,Yes,No,Yes,No,No,Month-to-month,No,Credit card (automatic),59.6,2970.3,Loyal Low-Spend Customers,No,No,5.04,Low Risk,Maintain Service + Loyalty Communication,Maintain Service Quality
Male,1,Yes,No,62,Yes,Yes,Fiber optic,No,Yes,Yes,No,Yes,Yes,One year,Yes,Electronic check,103.75,6383.35,Loyal High-Spend Customers,Yes,Yes,55.33,Medium Risk,Loyalty Rewards + Premium Benefits,Loyalty Reward + Customer Check-In
Female,1,Yes,No,48,Yes,No,DSL,No,Yes,No,No,No,Yes,One year,Yes,Bank transfer (automatic),58.95,2789.7,Loyal Low-Spend Customers,No,No,12.86,Low Risk,Maintain Service + Loyalty Communication,Maintain Service Quality
Male,0,No,No,1,Yes,No,Fiber optic,No,No,No,No,No,No,Month-to-month,Yes,Electronic check,69.1,69.1,High-Risk High-Spend Customers,Yes,Yes,87.55,High Risk,Priority Support + Personalized Offer + Long-Term Contract Incentive,Urgent Priority Support + Personalized Offer + Contract Incentive
Male,0,No,No,1,Yes,No,No,No internet service,No internet service,No internet service,No internet service,No internet service,No internet service,Month-to-month,Yes,Mailed check,19.75,19.75,New Low-Spend Customers,No,No,49.94,Medium Risk,Early Engagement + Welcome Offer + Service Guidance,Early Engagement + Service Guidance
Male,0,Yes,Yes,66,Yes,Yes,DSL,No,No,Yes,No,Yes,No,Two year,Yes,Bank transfer (automatic),63.3,4189.7,Loyal High-Spend Customers,No,No,4.53,Low Risk,Loyalty Rewards + Premium Benefits,Maintain Loyalty Benefits
Female,1,Yes,No,1,Yes,No,Fiber optic,No,No,No,No,No,No,Month-to-month,Yes,Mailed check,70.45,70.45,High-Risk High-Spend Customers,Yes,Yes,82.64,High Risk,Priority Support + Personalized Offer + Long-Term Contract Incentive,Urgent Priority Support + Personalized Offer + Contract Incentive
Male,0,No,No,3,Yes,No,Fiber optic,No,Yes,Yes,No,No,Yes,Month-to-month,No,Electronic check,90.4,268.45,High-Risk High-Spend Customers,No,Yes,83.09,High Risk,Priority Support + Personalized Offer + Long-Term Contract Incentive,Urgent Priority Support + Personalized Offer + Contract Incentive
Female,0,No,No,29,Yes,Yes,DSL,No,Yes,No,No,No,No,One year,Yes,Electronic check,55.25,1620.2,High-Risk High-Spend Customers,No,No,30.85,Medium Risk,Priority Support + Personalized Offer + Long-Term Contract Incentive,Proactive Support + Personalized Offer
Male,0,Yes,No,61,No,No phone service,DSL,Yes,No,Yes,Yes,Yes,Yes,Two year,Yes,Mailed check,62.15,3778.85,Loyal Low-Spend Customers,No,No,4.53,Low Risk,Maintain Service + Loyalty Communication,Maintain Service Quality
Male,0,No,No,1,Yes,No,No,No internet service,No internet service,No internet service,No internet service,No internet service,No internet service,Month-to-month,No,Mailed check,20.6,20.6,New Low-Spend Customers,Yes,No,42.21,Medium Risk,Early Engagement + Welcome Offer + Service Guidance,Early Engagement + Service Guidance
Male,0,No,No,11,Yes,No,DSL,No,No,No,No,No,No,Month-to-month,No,Credit card (automatic),45.2,492.0,New Low-Spend Customers,No,Yes,52.39,Medium Risk,Early Engagement + Welcome Offer + Service Guidance,Early Engagement + Service Guidance
Female,0,Yes,No,44,Yes,No,DSL,Yes,Yes,Yes,No,No,No,One year,Yes,Mailed check,61.5,2722.2,Loyal Low-Spend Customers,No,No,6.98,Low Risk,Maintain Service + Loyalty Communication,Maintain Service Quality
Male,0,Yes,No,48,Yes,No,No,No internet service,No internet service,No internet service,No internet service,No internet service,No internet service,Two year,No,Mailed check,19.25,855.1,Loyal Low-Spend Customers,No,No,1.34,Low Risk,Maintain Service + Loyalty Communication,Maintain Service Quality
Male,0,Yes,Yes,67,Yes,Yes,Fiber optic,No,Yes,Yes,Yes,Yes,Yes,Two year,Yes,Bank transfer (automatic),111.2,7530.8,Loyal High-Spend Customers,No,No,13.55,Low Risk,Loyalty Rewards + Premium Benefits,Maintain Loyalty Benefits
Male,0,No,No,71,Yes,Yes,Fiber optic,Yes,No,No,Yes,No,Yes,One year,No,Credit card (automatic),97.65,6687.85,Loyal High-Spend Customers,No,No,11.14,Low Risk,Loyalty Rewards + Premium Benefits,Maintain Loyalty Benefits
Female,0,No,No,53,Yes,No,No,No internet service,No internet service,No internet service,No internet service,No internet service,No internet service,Two year,No,Credit card (automatic),19.85,1049.6,Loyal Low-Spend Customers,No,No,1.06,Low Risk,Maintain Service + Loyalty Communication,Maintain Service Quality
Male,0,No,Yes,49,Yes,Yes,Fiber optic,Yes,Yes,Yes,No,Yes,Yes,One year,Yes,Credit card (automatic),109.2,5290.45,Loyal High-Spend Customers,No,No,33.29,Medium Risk,Loyalty Rewards + Premium Benefits,Loyalty Reward + Customer Check-In
Male,0,Yes,No,64,Yes,Yes,DSL,No,Yes,No,Yes,No,Yes,One year,Yes,Mailed check,70.15,4480.7,Loyal High-Spend Customers,No,No,7.4,Low Risk,Loyalty Rewards + Premium Benefits,Maintain Loyalty Benefits
Female,0,Yes,No,59,Yes,Yes,DSL,No,Yes,No,Yes,Yes,Yes,One year,Yes,Electronic check,80.1,4693.2,Loyal High-Spend Customers,No,No,16.57,Low Risk,Loyalty Rewards + Premium Benefits,Maintain Loyalty Benefits
Female,0,Yes,No,70,Yes,No,DSL,Yes,Yes,Yes,Yes,Yes,Yes,Two year,No,Credit card (automatic),86.45,5950.2,Loyal High-Spend Customers,No,No,1.78,Low Risk,Loyalty Rewards + Premium Benefits,Maintain Loyalty Benefits
Female,0,Yes,No,48,Yes,No,DSL,No,Yes,Yes,No,No,Yes,One year,Yes,Electronic check,65.65,3094.65,Loyal Low-Spend Customers,No,No,18.29,Low Risk,Maintain Service + Loyalty Communication,Maintain Service Quality
Male,0,No,No,2,Yes,No,DSL,No,Yes,No,No,No,No,Month-to-month,Yes,Mailed check,50.3,92.75,New Low-Spend Customers,No,Yes,61.81,High Risk,Early Engagement + Welcome Offer + Service Guidance,Immediate Welcome Offer + Onboarding Support
Female,0,Yes,Yes,34,Yes,No,No,No internet service,No internet service,No internet service,No internet service,No internet service,No internet service,One year,Yes,Bank transfer (automatic),20.1,682.1,New Low-Spend Customers,No,No,4.47,Low Risk,Early Engagement + Welcome Offer + Service Guidance,Regular Onboarding Communication
Female,1,Yes,No,52,Yes,Yes,Fiber optic,No,Yes,Yes,No,Yes,Yes,One year,Yes,Electronic check,106.5,5621.85,Loyal High-Spend Customers,No,Yes,60.03,High Risk,Loyalty Rewards + Premium Benefits,Priority Loyalty Offer + Proactive Support
Female,1,Yes,No,8,Yes,Yes,Fiber optic,No,Yes,No,No,No,No,Month-to-month,Yes,Credit card (automatic),80.65,633.3,High-Risk High-Spend Customers,Yes,Yes,80.75,High Risk,Priority Support + Personalized Offer + Long-Term Contract Incentive,Urgent Priority Support + Personalized Offer + Contract Incentive
Female,0,Yes,Yes,23,Yes,Yes,DSL,Yes,Yes,Yes,Yes,Yes,Yes,Two year,Yes,Credit card (automatic),91.1,2198.3,High-Risk High-Spend Customers,No,No,9.6,Low Risk,Priority Support + Personalized Offer + Long-Term Contract Incentive,Maintain Premium Relationship
Female,0,Yes,Yes,23,No,No phone service,DSL,Yes,No,No,Yes,No,No,Two year,No,Mailed check,34.6,813.45,New Low-Spend Customers,No,No,5.75,Low Risk,Early Engagement + Welcome Offer + Service Guidance,Regular Onboarding Communication
Male,0,No,No,1,Yes,No,DSL,Yes,No,No,No,No,No,Month-to-month,Yes,Credit card (automatic),49.8,49.8,New Low-Spend Customers,No,Yes,57.35,Medium Risk,Early Engagement + Welcome Offer + Service Guidance,Early Engagement + Service Guidance
Female,0,Yes,Yes,9,Yes,No,Fiber optic,No,No,No,Yes,No,No,Month-to-month,Yes,Electronic check,75.85,647.5,High-Risk High-Spend Customers,No,Yes,67.0,High Risk,Priority Support + Personalized Offer + Long-Term Contract Incentive,Urgent Priority Support + Personalized Offer + Contract Incentive
Female,0,Yes,Yes,56,Yes,No,No,No internet service,No internet service,No internet service,No internet service,No internet service,No internet service,Two year,Yes,Credit card (automatic),19.8,1119.9,Loyal Low-Spend Customers,No,No,0.85,Low Risk,Maintain Service + Loyalty Communication,Maintain Service Quality
Male,0,No,No,6,Yes,Yes,Fiber optic,No,No,No,No,No,No,Month-to-month,Yes,Electronic check,74.9,469.8,High-Risk High-Spend Customers,Yes,Yes,88.72,High Risk,Priority Support + Personalized Offer + Long-Term Contract Incentive,Urgent Priority Support + Personalized Offer + Contract Incentive
Female,0,No,Yes,25,No,No phone service,DSL,Yes,No,No,Yes,No,No,Two year,No,Bank transfer (automatic),35.05,844.45,New Low-Spend Customers,No,No,4.79,Low Risk,Early Engagement + Welcome Offer + Service Guidance,Regular Onboarding Communication
Male,0,Yes,Yes,25,Yes,No,DSL,Yes,No,No,Yes,No,No,Month-to-month,No,Electronic check,54.3,1296.8,High-Risk High-Spend Customers,No,No,18.44,Low Risk,Priority Support + Personalized Offer + Long-Term Contract Incentive,Maintain Premium Relationship
Male,0,No,No,21,Yes,Yes,Fiber optic,No,No,No,No,No,No,Month-to-month,Yes,Electronic check,73.7,1558.7,High-Risk High-Spend Customers,No,Yes,83.08,High Risk,Priority Support + Personalized Offer + Long-Term Contract Incentive,Urgent Priority Support + Personalized Offer + Contract Incentive
Male,0,Yes,Yes,72,Yes,No,Fiber optic,Yes,Yes,No,Yes,Yes,Yes,Two year,No,Bank transfer (automatic),105.5,7611.55,Loyal High-Spend Customers,No,No,3.82,Low Risk,Loyalty Rewards + Premium Benefits,Maintain Loyalty Benefits
Male,0,Yes,Yes,43,Yes,Yes,No,No internet service,No internet service,No internet service,No internet service,No internet service,No internet service,Two year,No,Mailed check,24.25,1077.95,Loyal Low-Spend Customers,No,No,1.85,Low Risk,Maintain Service + Loyalty Communication,Maintain Service Quality
Female,0,Yes,Yes,11,Yes,No,DSL,Yes,No,No,No,No,No,Month-to-month,No,Bank transfer (automatic),51.0,581.7,New Low-Spend Customers,No,No,28.21,Low Risk,Early Engagement + Welcome Offer + Service Guidance,Regular Onboarding Communication
Male,0,Yes,Yes,57,Yes,No,No,No internet service,No internet service,No internet service,No internet service,No internet service,No internet service,One year,No,Mailed check,19.4,1061.6,Loyal Low-Spend Customers,No,No,1.16,Low Risk,Maintain Service + Loyalty Communication,Maintain Service Quality
Female,0,No,No,23,Yes,No,No,No internet service,No internet service,No internet service,No internet service,No internet service,No internet service,Month-to-month,Yes,Bank transfer (automatic),20.3,470.6,New Low-Spend Customers,No,No,21.81,Low Risk,Early Engagement + Welcome Offer + Service Guidance,Regular Onboarding Communication
Male,0,Yes,Yes,72,Yes,Yes,No,No internet service,No internet service,No internet service,No internet service,No internet service,No internet service,Two year,No,Bank transfer (automatic),24.3,1643.25,Loyal Low-Spend Customers,No,No,0.38,Low Risk,Maintain Service + Loyalty Communication,Maintain Service Quality
Female,0,No,No,44,Yes,Yes,DSL,No,No,No,No,No,No,Month-to-month,Yes,Mailed check,50.15,2139.1,Loyal Low-Spend Customers,No,No,31.18,Medium Risk,Maintain Service + Loyalty Communication,Customer Check-In + Loyalty Communication
Male,0,Yes,Yes,72,Yes,Yes,No,No internet service,No internet service,No internet service,No internet service,No internet service,No internet service,Two year,No,Credit card (automatic),25.55,1867.7,Loyal Low-Spend Customers,No,No,0.44,Low Risk,Maintain Service + Loyalty Communication,Maintain Service Quality
Male,0,No,No,1,Yes,Yes,Fiber optic,No,No,No,No,No,No,Month-to-month,Yes,Mailed check,74.25,74.25,High-Risk High-Spend Customers,Yes,Yes,86.67,High Risk,Priority Support + Personalized Offer + Long-Term Contract Incentive,Urgent Priority Support + Personalized Offer + Contract Incentive
Female,0,No,No,56,No,No phone service,DSL,Yes,Yes,Yes,Yes,No,No,Two year,No,Bank transfer (automatic),45.05,2560.1,Loyal Low-Spend Customers,No,No,1.58,Low Risk,Maintain Service + Loyalty Communication,Maintain Service Quality
Female,1,Yes,Yes,34,Yes,Yes,Fiber optic,No,Yes,No,No,No,No,Month-to-month,Yes,Mailed check,79.6,2718.3,High-Risk High-Spend Customers,Yes,Yes,56.32,Medium Risk,Priority Support + Personalized Offer + Long-Term Contract Incentive,Proactive Support + Personalized Offer
Female,0,No,No,69,Yes,Yes,No,No internet service,No internet service,No internet service,No internet service,No internet service,No internet service,Two year,No,Credit card (automatic),24.6,1678.05,Loyal Low-Spend Customers,No,No,0.7,Low Risk,Maintain Service + Loyalty Communication,Maintain Service Quality
Male,1,Yes,No,27,Yes,Yes,Fiber optic,No,No,No,No,No,No,Month-to-month,Yes,Electronic check,75.5,1893.95,High-Risk High-Spend Customers,Yes,Yes,79.39,High Risk,Priority Support + Personalized Offer + Long-Term Contract Incentive,Urgent Priority Support + Personalized Offer + Contract Incentive
Male,0,No,No,10,Yes,No,Fiber optic,Yes,No,Yes,No,Yes,Yes,One year,Yes,Electronic check,98.9,1064.95,High-Risk High-Spend Customers,No,Yes,69.38,High Risk,Priority Support + Personalized Offer + Long-Term Contract Incentive,Urgent Priority Support + Personalized Offer + Contract Incentive
Female,0,No,No,39,No,No phone service,DSL,Yes,Yes,No,Yes,No,No,One year,No,Bank transfer (automatic),41.15,1700.9,Loyal Low-Spend Customers,No,No,5.71,Low Risk,Maintain Service + Loyalty Communication,Maintain Service Quality
Male,0,Yes,Yes,72,Yes,Yes,DSL,Yes,Yes,Yes,Yes,Yes,Yes,Two year,No,Credit card (automatic),89.85,6562.9,Loyal High-Spend Customers,No,No,2.05,Low Risk,Loyalty Rewards + Premium Benefits,Maintain Loyalty Benefits
Female,0,No,No,48,No,No phone service,DSL,Yes,Yes,No,No,Yes,No,Month-to-month,Yes,Electronic check,44.8,2104.55,Loyal Low-Spend Customers,No,No,29.93,Low Risk,Maintain Service + Loyalty Communication,Maintain Service Quality
Male,0,No,No,24,Yes,No,No,No internet service,No internet service,No internet service,No internet service,No internet service,No internet service,Two year,No,Mailed check,20.75,487.05,New Low-Spend Customers,No,No,4.48,Low Risk,Early Engagement + Welcome Offer + Service Guidance,Regular Onboarding Communication
Male,0,No,Yes,27,Yes,No,No,No internet service,No internet service,No internet service,No internet service,No internet service,No internet service,Month-to-month,No,Mailed check,19.15,537.35,New Low-Spend Customers,No,No,12.29,Low Risk,Early Engagement + Welcome Offer + Service Guidance,Regular Onboarding Communication
Female,0,No,Yes,34,Yes,No,DSL,Yes,No,Yes,Yes,Yes,No,Two year,No,Credit card (automatic),67.65,2339.3,High-Risk High-Spend Customers,No,No,3.58,Low Risk,Priority Support + Personalized Offer + Long-Term Contract Incentive,Maintain Premium Relationship
Female,1,No,No,26,Yes,No,Fiber optic,No,No,No,No,Yes,Yes,Month-to-month,Yes,Electronic check,91.25,2351.8,High-Risk High-Spend Customers,Yes,Yes,83.81,High Risk,Priority Support + Personalized Offer + Long-Term Contract Incentive,Urgent Priority Support + Personalized Offer + Contract Incentive
Female,0,Yes,No,46,Yes,No,DSL,Yes,Yes,No,Yes,No,Yes,One year,No,Mailed check,70.6,3231.05,Loyal Low-Spend Customers,No,No,4.53,Low Risk,Maintain Service + Loyalty Communication,Maintain Service Quality
Female,0,Yes,Yes,71,Yes,No,No,No internet service,No internet service,No internet service,No internet service,No internet service,No internet service,Two year,No,Bank transfer (automatic),19.85,1326.35,Loyal Low-Spend Customers,No,No,0.25,Low Risk,Maintain Service + Loyalty Communication,Maintain Service Quality
Male,0,No,No,43,Yes,Yes,Fiber optic,No,No,No,No,No,No,Month-to-month,Yes,Credit card (automatic),75.35,3161.4,Loyal High-Spend Customers,No,Yes,60.42,High Risk,Loyalty Rewards + Premium Benefits,Priority Loyalty Offer + Proactive Support
Female,0,Yes,Yes,10,Yes,No,DSL,No,No,Yes,Yes,No,No,Month-to-month,No,Credit card (automatic),55.2,528.35,New Low-Spend Customers,Yes,No,32.92,Medium Risk,Early Engagement + Welcome Offer + Service Guidance,Early Engagement + Service Guidance
Female,0,No,No,1,Yes,No,Fiber optic,No,No,No,No,No,No,Month-to-month,Yes,Electronic check,70.25,70.25,High-Risk High-Spend Customers,No,Yes,86.7,High Risk,Priority Support + Personalized Offer + Long-Term Contract Incentive,Urgent Priority Support + Personalized Offer + Contract Incentive
Male,0,Yes,No,28,Yes,Yes,Fiber optic,No,Yes,Yes,No,Yes,No,Month-to-month,No,Credit card (automatic),96.6,2684.35,High-Risk High-Spend Customers,No,Yes,68.52,High Risk,Priority Support + Personalized Offer + Long-Term Contract Incentive,Urgent Priority Support + Personalized Offer + Contract Incentive
Male,0,No,No,24,Yes,No,DSL,Yes,Yes,No,Yes,No,No,Month-to-month,No,Bank transfer (automatic),60.45,1440.75,High-Risk High-Spend Customers,No,No,14.55,Low Risk,Priority Support + Personalized Offer + Long-Term Contract Incentive,Maintain Premium Relationship
Female,1,No,No,11,Yes,Yes,Fiber optic,No,No,No,No,No,Yes,Month-to-month,Yes,Credit card (automatic),84.8,906.85,High-Risk High-Spend Customers,Yes,Yes,86.8,High Risk,Priority Support + Personalized Offer + Long-Term Contract Incentive,Urgent Priority Support + Personalized Offer + Contract Incentive
Male,0,No,No,20,Yes,No,No,No internet service,No internet service,No internet service,No internet service,No internet service,No internet service,Two year,Yes,Mailed check,19.7,419.4,New Low-Spend Customers,No,No,7.4,Low Risk,Early Engagement + Welcome Offer + Service Guidance,Regular Onboarding Communication
Female,1,Yes,No,58,Yes,Yes,Fiber optic,No,No,No,Yes,Yes,Yes,Month-to-month,Yes,Bank transfer (automatic),100.4,5749.8,Loyal High-Spend Customers,No,Yes,56.67,Medium Risk,Loyalty Rewards + Premium Benefits,Loyalty Reward + Customer Check-In
Male,0,No,No,57,Yes,No,DSL,Yes,No,Yes,No,Yes,Yes,Two year,Yes,Bank transfer (automatic),74.35,4317.35,Loyal High-Spend Customers,No,No,5.98,Low Risk,Loyalty Rewards + Premium Benefits,Maintain Loyalty Benefits
Female,1,Yes,No,70,Yes,Yes,Fiber optic,Yes,Yes,Yes,Yes,Yes,Yes,Two year,Yes,Electronic check,113.65,7714.65,Loyal High-Spend Customers,No,No,17.43,Low Risk,Loyalty Rewards + Premium Benefits,Maintain Loyalty Benefits
Male,0,Yes,Yes,72,No,No phone service,DSL,Yes,Yes,Yes,Yes,Yes,Yes,Two year,Yes,Bank transfer (automatic),65.65,4664.5,Loyal High-Spend Customers,No,No,1.81,Low Risk,Loyalty Rewards + Premium Benefits,Maintain Loyalty Benefits
Female,0,No,Yes,46,Yes,No,Fiber optic,No,Yes,Yes,No,Yes,Yes,Month-to-month,Yes,Electronic check,99.8,4391.25,Loyal High-Spend Customers,No,Yes,63.54,High Risk,Loyalty Rewards + Premium Benefits,Priority Loyalty Offer + Proactive Support
Female,0,Yes,Yes,8,Yes,No,DSL,No,No,No,Yes,Yes,Yes,Month-to-month,Yes,Electronic check,68.55,564.35,High-Risk High-Spend Customers,No,Yes,62.99,High Risk,Priority Support + Personalized Offer + Long-Term Contract Incentive,Urgent Priority Support + Personalized Offer + Contract Incentive
Male,0,Yes,Yes,72,Yes,Yes,Fiber optic,No,No,No,No,No,Yes,Two year,Yes,Credit card (automatic),84.5,6130.85,Loyal High-Spend Customers,No,No,13.17,Low Risk,Loyalty Rewards + Premium Benefits,Maintain Loyalty Benefits
Female,0,No,Yes,4,No,No phone service,DSL,Yes,Yes,Yes,No,Yes,Yes,Month-to-month,Yes,Mailed check,57.2,223.75,New Low-Spend Customers,No,Yes,68.39,High Risk,Early Engagement + Welcome Offer + Service Guidance,Immediate Welcome Offer + Onboarding Support
Male,0,Yes,Yes,8,Yes,No,DSL,No,No,No,No,Yes,No,Month-to-month,Yes,Electronic check,54.4,475.1,New Low-Spend Customers,No,Yes,68.05,High Risk,Early Engagement + Welcome Offer + Service Guidance,Immediate Welcome Offer + Onboarding Support
Male,0,Yes,Yes,43,Yes,Yes,Fiber optic,No,No,Yes,Yes,Yes,Yes,One year,Yes,Credit card (automatic),104.3,4451.85,Loyal High-Spend Customers,No,No,40.93,Medium Risk,Loyalty Rewards + Premium Benefits,Loyalty Reward + Customer Check-In
Male,0,Yes,Yes,20,Yes,No,DSL,No,No,Yes,No,No,No,Month-to-month,Yes,Electronic check,49.6,939.8,New Low-Spend Customers,No,Yes,50.4,Medium Risk,Early Engagement + Welcome Offer + Service Guidance,Early Engagement + Service Guidance
Female,0,No,No,34,Yes,Yes,DSL,Yes,Yes,No,Yes,No,No,One year,Yes,Mailed check,64.4,2088.75,High-Risk High-Spend Customers,Yes,No,8.78,Low Risk,Priority Support + Personalized Offer + Long-Term Contract Incentive,Maintain Premium Relationship
Female,0,No,No,2,Yes,Yes,DSL,No,No,No,Yes,No,No,Month-to-month,Yes,Mailed check,54.35,117.05,New Low-Spend Customers,No,Yes,63.05,High Risk,Early Engagement + Welcome Offer + Service Guidance,Immediate Welcome Offer + Onboarding Support
Male,0,Yes,No,20,Yes,No,Fiber optic,No,No,No,No,Yes,Yes,Month-to-month,Yes,Mailed check,89.0,1820.45,High-Risk High-Spend Customers,Yes,Yes,81.44,High Risk,Priority Support + Personalized Offer + Long-Term Contract Incentive,Urgent Priority Support + Personalized Offer + Contract Incentive
Female,0,No,No,1,Yes,No,Fiber optic,No,No,No,No,No,No,Month-to-month,No,Mailed check,71.1,71.1,High-Risk High-Spend Customers,No,Yes,76.55,High Risk,Priority Support + Personalized Offer + Long-Term Contract Incentive,Urgent Priority Support + Personalized Offer + Contract Incentive
Male,1,Yes,No,14,Yes,Yes,Fiber optic,No,No,No,No,No,No,Month-to-month,Yes,Electronic check,75.1,1013.35,High-Risk High-Spend Customers,No,Yes,86.27,High Risk,Priority Support + Personalized Offer + Long-Term Contract Incentive,Urgent Priority Support + Personalized Offer + Contract Incentive
Female,0,No,No,47,Yes,Yes,Fiber optic,No,Yes,Yes,No,Yes,Yes,Month-to-month,Yes,Electronic check,106.4,5127.95,Loyal High-Spend Customers,Yes,Yes,79.07,High Risk,Loyalty Rewards + Premium Benefits,Priority Loyalty Offer + Proactive Support
Female,0,No,No,1,Yes,No,No,No internet service,No internet service,No internet service,No internet service,No internet service,No internet service,Month-to-month,Yes,Mailed check,20.25,20.25,New Low-Spend Customers,No,No,48.7,Medium Risk,Early Engagement + Welcome Offer + Service Guidance,Early Engagement + Service Guidance
Male,0,Yes,No,22,Yes,No,Fiber optic,No,No,Yes,No,Yes,No,Month-to-month,Yes,Bank transfer (automatic),87.0,1850.65,High-Risk High-Spend Customers,No,Yes,71.81,High Risk,Priority Support + Personalized Offer + Long-Term Contract Incentive,Urgent Priority Support + Personalized Offer + Contract Incentive
Male,0,Yes,Yes,46,Yes,No,No,No internet service,No internet service,No internet service,No internet service,No internet service,No internet service,Two year,Yes,Mailed check,20.2,917.45,Loyal Low-Spend Customers,No,No,1.38,Low Risk,Maintain Service + Loyalty Communication,Maintain Service Quality
Male,0,Yes,Yes,72,Yes,Yes,Fiber optic,Yes,Yes,No,Yes,No,Yes,Two year,Yes,Credit card (automatic),97.75,6991.6,Loyal High-Spend Customers,No,No,5.65,Low Risk,Loyalty Rewards + Premium Benefits,Maintain Loyalty Benefits
Male,0,No,Yes,23,No,No phone service,DSL,Yes,No,Yes,Yes,No,No,Two year,No,Mailed check,40.1,857.75,New Low-Spend Customers,No,No,5.97,Low Risk,Early Engagement + Welcome Offer + Service Guidance,Regular Onboarding Communication
Male,0,No,No,1,Yes,No,Fiber optic,No,No,No,No,Yes,Yes,Month-to-month,Yes,Electronic check,89.55,89.55,High-Risk High-Spend Customers,Yes,Yes,91.54,High Risk,Priority Support + Personalized Offer + Long-Term Contract Incentive,Urgent Priority Support + Personalized Offer + Contract Incentive
Male,0,No,No,37,Yes,Yes,Fiber optic,Yes,No,No,No,Yes,No,Month-to-month,Yes,Electronic check,91.15,3369.25,High-Risk High-Spend Customers,No,Yes,69.14,High Risk,Priority Support + Personalized Offer + Long-Term Contract Incentive,Urgent Priority Support + Personalized Offer + Contract Incentive
Male,0,No,No,72,Yes,No,No,No internet service,No internet service,No internet service,No internet service,No internet service,No internet service,Two year,Yes,Credit card (automatic),19.8,1468.75,Loyal Low-Spend Customers,No,No,0.54,Low Risk,Maintain Service + Loyalty Communication,Maintain Service Quality
Male,1,Yes,No,72,Yes,Yes,DSL,Yes,Yes,Yes,No,Yes,Yes,Two year,No,Credit card (automatic),84.45,5899.85,Loyal High-Spend Customers,No,No,4.15,Low Risk,Loyalty Rewards + Premium Benefits,Maintain Loyalty Benefits
Female,1,No,No,32,Yes,No,Fiber optic,No,Yes,No,No,No,No,Month-to-month,Yes,Electronic check,74.4,2276.95,High-Risk High-Spend Customers,Yes,Yes,65.8,High Risk,Priority Support + Personalized Offer + Long-Term Contract Incentive,Urgent Priority Support + Personalized Offer + Contract Incentive
Male,0,No,No,35,Yes,Yes,No,No internet service,No internet service,No internet service,No internet service,No internet service,No internet service,One year,No,Bank transfer (automatic),26.2,954.9,Loyal Low-Spend Customers,No,No,6.49,Low Risk,Maintain Service + Loyalty Communication,Maintain Service Quality
Female,0,Yes,Yes,14,Yes,No,No,No internet service,No internet service,No internet service,No internet service,No internet service,No internet service,Two year,No,Mailed check,18.8,255.55,New Low-Spend Customers,No,No,5.51,Low Risk,Early Engagement + Welcome Offer + Service Guidance,Regular Onboarding Communication
Female,0,Yes,No,56,Yes,Yes,Fiber optic,No,No,Yes,Yes,Yes,Yes,Two year,No,Bank transfer (automatic),103.2,5744.35,Loyal High-Spend Customers,No,No,19.77,Low Risk,Loyalty Rewards + Premium Benefits,Maintain Loyalty Benefits
Female,0,Yes,Yes,49,Yes,Yes,Fiber optic,No,Yes,No,No,Yes,Yes,One year,No,Mailed check,100.45,4941.8,Loyal High-Spend Customers,Yes,No,33.31,Medium Risk,Loyalty Rewards + Premium Benefits,Loyalty Reward + Customer Check-In
Female,1,Yes,No,37,Yes,Yes,Fiber optic,No,No,No,No,No,No,Month-to-month,Yes,Electronic check,76.5,2868.15,High-Risk High-Spend Customers,Yes,Yes,73.39,High Risk,Priority Support + Personalized Offer + Long-Term Contract Incentive,Urgent Priority Support + Personalized Offer + Contract Incentive
Male,0,No,No,1,Yes,Yes,No,No internet service,No internet service,No internet service,No internet service,No internet service,No internet service,Month-to-month,Yes,Mailed check,25.0,25.0,New Low-Spend Customers,No,Yes,57.31,Medium Risk,Early Engagement + Welcome Offer + Service Guidance,Early Engagement + Service Guidance
Male,0,Yes,No,6,Yes,Yes,Fiber optic,No,No,No,No,Yes,No,Month-to-month,Yes,Electronic check,82.85,460.25,High-Risk High-Spend Customers,Yes,Yes,91.13,High Risk,Priority Support + Personalized Offer + Long-Term Contract Incentive,Urgent Priority Support + Personalized Offer + Contract Incentive
Male,0,Yes,Yes,68,Yes,No,DSL,Yes,Yes,No,Yes,Yes,Yes,Two year,No,Bank transfer (automatic),82.85,5776.45,Loyal High-Spend Customers,No,No,1.15,Low Risk,Loyalty Rewards + Premium Benefits,Maintain Loyalty Benefits
Male,0,Yes,No,71,Yes,No,DSL,Yes,No,No,Yes,No,No,Two year,No,Bank transfer (automatic),54.5,3778.2,Loyal Low-Spend Customers,No,No,0.65,Low Risk,Maintain Service + Loyalty Communication,Maintain Service Quality
Male,0,Yes,Yes,42,Yes,No,DSL,Yes,Yes,No,No,No,No,Month-to-month,No,Mailed check,54.5,2301.15,Loyal Low-Spend Customers,No,No,9.35,Low Risk,Maintain Service + Loyalty Communication,Maintain Service Quality
Female,0,Yes,Yes,30,Yes,No,No,No internet service,No internet service,No internet service,No internet service,No internet service,No internet service,Two year,No,Mailed check,19.7,599.25,New Low-Spend Customers,No,No,2.38,Low Risk,Early Engagement + Welcome Offer + Service Guidance,Regular Onboarding Communication
Female,0,Yes,No,1,No,No phone service,DSL,No,No,No,No,No,No,Month-to-month,Yes,Electronic check,24.8,24.8,New Low-Spend Customers,Yes,Yes,86.03,High Risk,Early Engagement + Welcome Offer + Service Guidance,Immediate Welcome Offer + Onboarding Support
Male,0,Yes,Yes,71,Yes,No,DSL,Yes,Yes,Yes,Yes,Yes,Yes,Two year,No,Bank transfer (automatic),85.45,6029.9,Loyal High-Spend Customers,No,No,1.17,Low Risk,Loyalty Rewards + Premium Benefits,Maintain Loyalty Benefits
Male,0,No,No,1,Yes,No,DSL,No,Yes,No,No,No,No,Month-to-month,Yes,Electronic check,50.75,50.75,New Low-Spend Customers,Yes,Yes,70.85,High Risk,Early Engagement + Welcome Offer + Service Guidance,Immediate Welcome Offer + Onboarding Support
Female,0,Yes,Yes,72,Yes,Yes,DSL,Yes,No,Yes,Yes,Yes,Yes,Two year,Yes,Bank transfer (automatic),84.2,5986.55,Loyal High-Spend Customers,No,No,2.51,Low Risk,Loyalty Rewards + Premium Benefits,Maintain Loyalty Benefits
Female,0,No,No,16,Yes,No,No,No internet service,No internet service,No internet service,No internet service,No internet service,No internet service,One year,No,Mailed check,19.05,326.65,New Low-Spend Customers,No,No,12.7,Low Risk,Early Engagement + Welcome Offer + Service Guidance,Regular Onboarding Communication
Female,0,Yes,No,1,Yes,No,Fiber optic,No,No,No,No,Yes,No,Month-to-month,No,Electronic check,78.8,78.8,High-Risk High-Spend Customers,Yes,Yes,86.37,High Risk,Priority Support + Personalized Offer + Long-Term Contract Incentive,Urgent Priority Support + Personalized Offer + Contract Incentive
Female,0,No,No,4,Yes,Yes,Fiber optic,No,No,No,No,No,No,Month-to-month,Yes,Electronic check,75.65,302.35,High-Risk High-Spend Customers,No,Yes,88.74,High Risk,Priority Support + Personalized Offer + Long-Term Contract Incentive,Urgent Priority Support + Personalized Offer + Contract Incentive
Male,0,No,No,46,Yes,Yes,Fiber optic,Yes,No,No,No,Yes,No,Month-to-month,Yes,Credit card (automatic),89.15,4245.55,Loyal High-Spend Customers,No,Yes,57.81,Medium Risk,Loyalty Rewards + Premium Benefits,Loyalty Reward + Customer Check-In
Male,0,No,No,11,Yes,No,No,No internet service,No internet service,No internet service,No internet service,No internet service,No internet service,Month-to-month,Yes,Credit card (automatic),20.45,237.3,New Low-Spend Customers,No,No,37.56,Medium Risk,Early Engagement + Welcome Offer + Service Guidance,Early Engagement + Service Guidance
Male,0,No,No,72,Yes,Yes,No,No internet service,No internet service,No internet service,No internet service,No internet service,No internet service,Two year,No,Bank transfer (automatic),24.75,1777.6,Loyal Low-Spend Customers,No,No,0.55,Low Risk,Maintain Service + Loyalty Communication,Maintain Service Quality
Male,0,Yes,No,72,Yes,Yes,Fiber optic,Yes,Yes,Yes,No,Yes,Yes,Two year,Yes,Electronic check,109.65,7880.25,Loyal High-Spend Customers,No,No,23.22,Low Risk,Loyalty Rewards + Premium Benefits,Maintain Loyalty Benefits
Male,0,Yes,Yes,22,Yes,No,Fiber optic,No,Yes,Yes,No,Yes,Yes,One year,Yes,Mailed check,100.05,2090.25,High-Risk High-Spend Customers,No,No,49.27,Medium Risk,Priority Support + Personalized Offer + Long-Term Contract Incentive,Proactive Support + Personalized Offer
Female,1,No,No,57,Yes,No,DSL,Yes,No,Yes,Yes,Yes,No,Two year,No,Bank transfer (automatic),69.85,4003.0,Loyal High-Spend Customers,No,No,2.03,Low Risk,Loyalty Rewards + Premium Benefits,Maintain Loyalty Benefits
Male,0,Yes,Yes,18,Yes,No,DSL,No,No,Yes,No,No,Yes,Month-to-month,No,Electronic check,57.45,990.85,High-Risk High-Spend Customers,Yes,Yes,55.41,Medium Risk,Priority Support + Personalized Offer + Long-Term Contract Incentive,Proactive Support + Personalized Offer
Female,0,No,No,47,Yes,Yes,Fiber optic,No,Yes,Yes,No,Yes,Yes,Month-to-month,Yes,Electronic check,106.35,4849.1,Loyal High-Spend Customers,No,Yes,77.5,High Risk,Loyalty Rewards + Premium Benefits,Priority Loyalty Offer + Proactive Support
Male,0,No,No,55,Yes,Yes,DSL,No,No,Yes,No,Yes,Yes,Two year,Yes,Bank transfer (automatic),77.8,4323.35,Loyal High-Spend Customers,No,No,12.62,Low Risk,Loyalty Rewards + Premium Benefits,Maintain Loyalty Benefits
Male,0,No,No,9,Yes,Yes,Fiber optic,No,Yes,No,No,Yes,Yes,Month-to-month,Yes,Credit card (automatic),99.3,918.75,High-Risk High-Spend Customers,No,Yes,87.26,High Risk,Priority Support + Personalized Offer + Long-Term Contract Incentive,Urgent Priority Support + Personalized Offer + Contract Incentive
Male,0,No,No,58,Yes,Yes,No,No internet service,No internet service,No internet service,No internet service,No internet service,No internet service,Two year,Yes,Credit card (automatic),24.45,1513.6,Loyal Low-Spend Customers,No,No,1.71,Low Risk,Maintain Service + Loyalty Communication,Maintain Service Quality
Male,0,Yes,Yes,17,Yes,Yes,DSL,Yes,No,Yes,No,Yes,No,One year,Yes,Bank transfer (automatic),70.35,1201.65,High-Risk High-Spend Customers,No,No,24.92,Low Risk,Priority Support + Personalized Offer + Long-Term Contract Incentive,Maintain Premium Relationship
Female,0,Yes,Yes,68,No,No phone service,DSL,No,Yes,Yes,Yes,Yes,Yes,Two year,No,Credit card (automatic),60.3,4109.0,Loyal High-Spend Customers,No,No,2.69,Low Risk,Loyalty Rewards + Premium Benefits,Maintain Loyalty Benefits
Male,0,Yes,No,4,Yes,No,DSL,No,No,No,Yes,No,No,Month-to-month,No,Mailed check,50.05,179.35,New Low-Spend Customers,Yes,No,46.26,Medium Risk,Early Engagement + Welcome Offer + Service Guidance,Early Engagement + Service Guidance
Male,0,Yes,No,42,Yes,Yes,Fiber optic,No,No,Yes,Yes,Yes,Yes,One year,Yes,Electronic check,108.3,4586.15,Loyal High-Spend Customers,No,Yes,56.3,Medium Risk,Loyalty Rewards + Premium Benefits,Loyalty Reward + Customer Check-In
Male,0,Yes,Yes,60,Yes,No,DSL,Yes,Yes,Yes,Yes,No,No,One year,Yes,Bank transfer (automatic),65.85,3928.3,Loyal High-Spend Customers,No,No,1.79,Low Risk,Loyalty Rewards + Premium Benefits,Maintain Loyalty Benefits
Male,0,No,No,13,Yes,Yes,Fiber optic,Yes,No,No,No,Yes,Yes,Month-to-month,No,Mailed check,98.15,1230.25,High-Risk High-Spend Customers,Yes,Yes,77.32,High Risk,Priority Support + Personalized Offer + Long-Term Contract Incentive,Urgent Priority Support + Personalized Offer + Contract Incentive
Male,0,Yes,Yes,39,Yes,No,DSL,Yes,Yes,Yes,No,No,No,One year,No,Electronic check,59.8,2343.85,Loyal Low-Spend Customers,No,No,7.16,Low Risk,Maintain Service + Loyalty Communication,Maintain Service Quality
Female,1,No,No,27,Yes,Yes,Fiber optic,No,No,Yes,No,No,No,Month-to-month,Yes,Electronic check,78.05,2135.5,High-Risk High-Spend Customers,Yes,Yes,82.05,High Risk,Priority Support + Personalized Offer + Long-Term Contract Incentive,Urgent Priority Support + Personalized Offer + Contract Incentive
Female,0,Yes,No,72,Yes,Yes,DSL,Yes,Yes,Yes,Yes,Yes,Yes,Two year,Yes,Bank transfer (automatic),91.15,6637.9,Loyal High-Spend Customers,No,No,3.18,Low Risk,Loyalty Rewards + Premium Benefits,Maintain Loyalty Benefits
Male,0,Yes,Yes,20,Yes,No,No,No internet service,No internet service,No internet service,No internet service,No internet service,No internet service,Two year,No,Mailed check,20.05,400.0,New Low-Spend Customers,No,No,4.02,Low Risk,Early Engagement + Welcome Offer + Service Guidance,Regular Onboarding Communication
Female,0,Yes,Yes,6,Yes,No,No,No internet service,No internet service,No internet service,No internet service,No internet service,No internet service,One year,No,Mailed check,19.7,94.45,New Low-Spend Customers,No,No,14.32,Low Risk,Early Engagement + Welcome Offer + Service Guidance,Regular Onboarding Communication
Male,0,No,No,15,Yes,Yes,DSL,No,No,No,No,No,No,Month-to-month,Yes,Electronic check,49.0,749.25,New Low-Spend Customers,No,Yes,71.4,High Risk,Early Engagement + Welcome Offer + Service Guidance,Immediate Welcome Offer + Onboarding Support
Male,0,No,No,72,No,No phone service,DSL,Yes,Yes,Yes,Yes,Yes,Yes,Two year,Yes,Bank transfer (automatic),63.7,4464.8,Loyal High-Spend Customers,No,No,2.57,Low Risk,Loyalty Rewards + Premium Benefits,Maintain Loyalty Benefits
Female,0,No,Yes,50,Yes,No,DSL,Yes,No,Yes,Yes,Yes,No,One year,Yes,Credit card (automatic),70.8,3478.15,Loyal High-Spend Customers,No,No,4.57,Low Risk,Loyalty Rewards + Premium Benefits,Maintain Loyalty Benefits
Female,0,No,No,15,Yes,Yes,DSL,Yes,No,No,No,No,No,Month-to-month,Yes,Mailed check,55.7,899.8,High-Risk High-Spend Customers,Yes,No,48.75,Medium Risk,Priority Support + Personalized Offer + Long-Term Contract Incentive,Proactive Support + Personalized Offer
Female,0,No,No,71,Yes,Yes,Fiber optic,No,Yes,Yes,Yes,Yes,Yes,Two year,Yes,Electronic check,111.25,7984.15,Loyal High-Spend Customers,No,No,23.7,Low Risk,Loyalty Rewards + Premium Benefits,Maintain Loyalty Benefits
Female,0,No,No,35,No,No phone service,DSL,No,No,No,No,No,No,Month-to-month,No,Electronic check,24.15,812.5,Loyal Low-Spend Customers,No,No,45.57,Medium Risk,Maintain Service + Loyalty Communication,Customer Check-In + Loyalty Communication
Female,0,No,No,29,Yes,Yes,DSL,Yes,No,No,No,No,Yes,Month-to-month,Yes,Electronic check,66.1,1912.15,High-Risk High-Spend Customers,No,Yes,51.97,Medium Risk,Priority Support + Personalized Offer + Long-Term Contract Incentive,Proactive Support + Personalized Offer
Male,0,Yes,Yes,46,Yes,No,No,No internet service,No internet service,No internet service,No internet service,No internet service,No internet service,Two year,No,Credit card (automatic),19.95,862.4,Loyal Low-Spend Customers,No,No,1.09,Low Risk,Maintain Service + Loyalty Communication,Maintain Service Quality
Female,0,No,No,15,No,No phone service,DSL,Yes,Yes,Yes,Yes,No,No,One year,No,Mailed check,45.9,693.45,New Low-Spend Customers,No,No,16.42,Low Risk,Early Engagement + Welcome Offer + Service Guidance,Regular Onboarding Communication
Female,0,No,No,34,Yes,No,DSL,Yes,Yes,No,No,No,No,One year,No,Mailed check,55.0,1885.15,Loyal Low-Spend Customers,No,No,7.57,Low Risk,Maintain Service + Loyalty Communication,Maintain Service Quality
Female,1,Yes,Yes,57,Yes,No,Fiber optic,No,Yes,Yes,Yes,Yes,No,Month-to-month,Yes,Credit card (automatic),95.3,5567.45,Loyal High-Spend Customers,No,No,32.1,Medium Risk,Loyalty Rewards + Premium Benefits,Loyalty Reward + Customer Check-In
Male,0,No,No,63,Yes,Yes,DSL,Yes,Yes,Yes,Yes,No,No,One year,No,Bank transfer (automatic),68.8,4111.35,Loyal High-Spend Customers,No,No,2.52,Low Risk,Loyalty Rewards + Premium Benefits,Maintain Loyalty Benefits
Male,0,No,No,11,Yes,No,Fiber optic,No,No,Yes,No,No,No,Month-to-month,No,Electronic check,72.9,818.45,High-Risk High-Spend Customers,No,Yes,80.17,High Risk,Priority Support + Personalized Offer + Long-Term Contract Incentive,Urgent Priority Support + Personalized Offer + Contract Incentive
Female,1,No,No,44,Yes,No,DSL,No,No,Yes,Yes,Yes,Yes,One year,No,Bank transfer (automatic),74.85,3268.05,Loyal High-Spend Customers,No,No,13.1,Low Risk,Loyalty Rewards + Premium Benefits,Maintain Loyalty Benefits
Female,0,Yes,Yes,14,Yes,No,Fiber optic,No,No,No,No,No,No,Month-to-month,No,Electronic check,70.2,1046.5,High-Risk High-Spend Customers,No,Yes,69.23,High Risk,Priority Support + Personalized Offer + Long-Term Contract Incentive,Urgent Priority Support + Personalized Offer + Contract Incentive
Male,0,No,No,5,Yes,No,Fiber optic,No,No,No,No,No,No,Month-to-month,Yes,Electronic check,69.7,316.9,High-Risk High-Spend Customers,Yes,Yes,85.48,High Risk,Priority Support + Personalized Offer + Long-Term Contract Incentive,Urgent Priority Support + Personalized Offer + Contract Incentive
Male,0,No,No,23,Yes,No,DSL,No,No,No,No,Yes,Yes,One year,Yes,Bank transfer (automatic),64.9,1509.8,High-Risk High-Spend Customers,No,No,37.38,Medium Risk,Priority Support + Personalized Offer + Long-Term Contract Incentive,Proactive Support + Personalized Offer
Male,0,No,No,4,Yes,No,Fiber optic,No,No,Yes,No,No,No,Month-to-month,Yes,Electronic check,73.9,280.85,High-Risk High-Spend Customers,Yes,Yes,86.59,High Risk,Priority Support + Personalized Offer + Long-Term Contract Incentive,Urgent Priority Support + Personalized Offer + Contract Incentive
Female,0,Yes,Yes,11,Yes,No,No,No internet service,No internet service,No internet service,No internet service,No internet service,No internet service,One year,No,Mailed check,20.6,233.9,New Low-Spend Customers,No,No,11.15,Low Risk,Early Engagement + Welcome Offer + Service Guidance,Regular Onboarding Communication
Male,0,Yes,Yes,69,Yes,No,DSL,Yes,Yes,Yes,No,No,No,Two year,Yes,Bank transfer (automatic),59.75,4069.9,Loyal High-Spend Customers,No,No,0.99,Low Risk,Loyalty Rewards + Premium Benefits,Maintain Loyalty Benefits
Male,0,Yes,Yes,45,Yes,No,No,No internet service,No internet service,No internet service,No internet service,No internet service,No internet service,Two year,No,Electronic check,19.2,903.7,Loyal Low-Spend Customers,No,No,1.68,Low Risk,Maintain Service + Loyalty Communication,Maintain Service Quality
Female,1,No,No,37,Yes,Yes,Fiber optic,Yes,Yes,No,No,Yes,Yes,Month-to-month,Yes,Bank transfer (automatic),106.75,4056.75,Loyal High-Spend Customers,Yes,Yes,65.13,High Risk,Loyalty Rewards + Premium Benefits,Priority Loyalty Offer + Proactive Support
Male,1,Yes,No,25,Yes,Yes,Fiber optic,Yes,No,No,No,No,Yes,One year,Yes,Electronic check,89.05,2177.45,High-Risk High-Spend Customers,Yes,Yes,61.69,High Risk,Priority Support + Personalized Offer + Long-Term Contract Incentive,Urgent Priority Support + Personalized Offer + Contract Incentive
Female,0,No,No,5,Yes,Yes,DSL,No,No,No,No,No,No,Month-to-month,Yes,Mailed check,50.6,249.95,New Low-Spend Customers,Yes,Yes,70.34,High Risk,Early Engagement + Welcome Offer + Service Guidance,Immediate Welcome Offer + Onboarding Support
Female,0,Yes,No,72,Yes,Yes,No,No internet service,No internet service,No internet service,No internet service,No internet service,No internet service,Two year,No,Bank transfer (automatic),25.65,1887.0,Loyal Low-Spend Customers,No,No,0.53,Low Risk,Maintain Service + Loyalty Communication,Maintain Service Quality
Male,0,No,Yes,1,Yes,No,Fiber optic,No,No,No,No,No,No,Month-to-month,Yes,Electronic check,71.65,71.65,High-Risk High-Spend Customers,Yes,Yes,81.79,High Risk,Priority Support + Personalized Offer + Long-Term Contract Incentive,Urgent Priority Support + Personalized Offer + Contract Incentive
Male,0,No,No,1,Yes,No,Fiber optic,No,No,No,No,No,Yes,Month-to-month,No,Electronic check,80.5,80.5,High-Risk High-Spend Customers,Yes,Yes,86.68,High Risk,Priority Support + Personalized Offer + Long-Term Contract Incentive,Urgent Priority Support + Personalized Offer + Contract Incentive
Male,0,No,No,53,Yes,No,No,No internet service,No internet service,No internet service,No internet service,No internet service,No internet service,Two year,No,Credit card (automatic),19.5,1050.5,Loyal Low-Spend Customers,No,No,1.1,Low Risk,Maintain Service + Loyalty Communication,Maintain Service Quality
Female,0,Yes,Yes,41,No,No phone service,DSL,Yes,No,Yes,No,No,No,One year,No,Credit card (automatic),35.4,1412.4,Loyal Low-Spend Customers,No,No,7.91,Low Risk,Maintain Service + Loyalty Communication,Maintain Service Quality
Male,0,No,Yes,22,Yes,Yes,Fiber optic,No,Yes,No,No,Yes,No,Month-to-month,Yes,Credit card (automatic),89.1,1949.4,High-Risk High-Spend Customers,No,Yes,71.37,High Risk,Priority Support + Personalized Offer + Long-Term Contract Incentive,Urgent Priority Support + Personalized Offer + Contract Incentive
Male,0,Yes,No,8,Yes,No,No,No internet service,No internet service,No internet service,No internet service,No internet service,No internet service,Month-to-month,Yes,Bank transfer (automatic),19.55,161.15,New Low-Spend Customers,No,No,39.26,Medium Risk,Early Engagement + Welcome Offer + Service Guidance,Early Engagement + Service Guidance
Female,0,No,No,69,Yes,Yes,DSL,Yes,No,Yes,Yes,Yes,Yes,Two year,Yes,Credit card (automatic),85.35,5897.4,Loyal High-Spend Customers,No,No,4.32,Low Risk,Loyalty Rewards + Premium Benefits,Maintain Loyalty Benefits
Female,0,No,No,35,Yes,No,No,No internet service,No internet service,No internet service,No internet service,No internet service,No internet service,One year,No,Mailed check,21.1,741.0,Loyal Low-Spend Customers,No,No,4.74,Low Risk,Maintain Service + Loyalty Communication,Maintain Service Quality
Female,0,No,No,1,Yes,No,DSL,No,No,No,No,No,Yes,Month-to-month,Yes,Electronic check,55.45,55.45,New Low-Spend Customers,No,Yes,79.72,High Risk,Early Engagement + Welcome Offer + Service Guidance,Immediate Welcome Offer + Onboarding Support
Male,0,Yes,No,10,Yes,Yes,Fiber optic,No,No,No,No,Yes,No,Month-to-month,Yes,Electronic check,85.6,813.85,High-Risk High-Spend Customers,Yes,Yes,89.07,High Risk,Priority Support + Personalized Offer + Long-Term Contract Incentive,Urgent Priority Support + Personalized Offer + Contract Incentive
Female,0,No,No,11,Yes,No,DSL,No,No,No,No,Yes,Yes,Month-to-month,Yes,Electronic check,64.9,716.1,High-Risk High-Spend Customers,No,Yes,77.06,High Risk,Priority Support + Personalized Offer + Long-Term Contract Incentive,Urgent Priority Support + Personalized Offer + Contract Incentive
Female,0,No,No,59,Yes,No,Fiber optic,No,No,Yes,No,Yes,Yes,Two year,No,Electronic check,95.8,5655.45,Loyal High-Spend Customers,No,No,25.86,Low Risk,Loyalty Rewards + Premium Benefits,Maintain Loyalty Benefits
Female,0,Yes,Yes,56,Yes,Yes,DSL,Yes,No,No,No,Yes,No,One year,No,Bank transfer (automatic),65.2,3512.15,Loyal Low-Spend Customers,No,No,4.99,Low Risk,Maintain Service + Loyalty Communication,Maintain Service Quality
Female,0,No,Yes,41,Yes,No,No,No internet service,No internet service,No internet service,No internet service,No internet service,No internet service,One year,Yes,Credit card (automatic),20.25,865.0,Loyal Low-Spend Customers,No,No,3.55,Low Risk,Maintain Service + Loyalty Communication,Maintain Service Quality
Female,0,No,No,4,Yes,No,Fiber optic,No,Yes,No,No,No,No,Month-to-month,Yes,Bank transfer (automatic),76.65,333.6,High-Risk High-Spend Customers,Yes,Yes,73.79,High Risk,Priority Support + Personalized Offer + Long-Term Contract Incentive,Urgent Priority Support + Personalized Offer + Contract Incentive
Female,0,Yes,Yes,35,Yes,Yes,No,No internet service,No internet service,No internet service,No internet service,No internet service,No internet service,Two year,Yes,Credit card (automatic),25.4,949.8,Loyal Low-Spend Customers,No,No,3.58,Low Risk,Maintain Service + Loyalty Communication,Maintain Service Quality
Female,0,No,No,58,Yes,Yes,Fiber optic,Yes,Yes,Yes,No,Yes,Yes,One year,Yes,Electronic check,107.75,6332.75,Loyal High-Spend Customers,No,No,45.91,Medium Risk,Loyalty Rewards + Premium Benefits,Loyalty Reward + Customer Check-In
Male,0,No,Yes,19,Yes,Yes,No,No internet service,No internet service,No internet service,No internet service,No internet service,No internet service,Month-to-month,Yes,Credit card (automatic),24.1,439.2,New Low-Spend Customers,No,No,28.97,Low Risk,Early Engagement + Welcome Offer + Service Guidance,Regular Onboarding Communication
Female,1,Yes,No,56,Yes,Yes,Fiber optic,Yes,Yes,Yes,Yes,No,No,One year,No,Electronic check,95.65,5471.75,Loyal High-Spend Customers,No,No,16.58,Low Risk,Loyalty Rewards + Premium Benefits,Maintain Loyalty Benefits
Male,1,No,No,32,Yes,Yes,Fiber optic,No,No,Yes,No,No,No,Month-to-month,Yes,Credit card (automatic),81.1,2619.25,High-Risk High-Spend Customers,No,Yes,72.16,High Risk,Priority Support + Personalized Offer + Long-Term Contract Incentive,Urgent Priority Support + Personalized Offer + Contract Incentive
Female,1,No,No,3,Yes,No,Fiber optic,No,No,Yes,No,No,No,Month-to-month,No,Electronic check,73.85,196.4,High-Risk High-Spend Customers,No,Yes,84.18,High Risk,Priority Support + Personalized Offer + Long-Term Contract Incentive,Urgent Priority Support + Personalized Offer + Contract Incentive
Female,0,No,Yes,17,Yes,Yes,Fiber optic,No,Yes,Yes,Yes,No,No,Month-to-month,Yes,Credit card (automatic),92.7,1556.85,High-Risk High-Spend Customers,No,Yes,55.18,Medium Risk,Priority Support + Personalized Offer + Long-Term Contract Incentive,Proactive Support + Personalized Offer
Female,1,Yes,No,2,Yes,No,DSL,No,Yes,No,No,No,No,Month-to-month,No,Credit card (automatic),50.15,115.1,New Low-Spend Customers,Yes,Yes,57.61,Medium Risk,Early Engagement + Welcome Offer + Service Guidance,Early Engagement + Service Guidance
Female,0,Yes,Yes,31,Yes,Yes,Fiber optic,No,Yes,No,No,No,Yes,Month-to-month,Yes,Electronic check,91.15,2995.45,High-Risk High-Spend Customers,Yes,Yes,73.41,High Risk,Priority Support + Personalized Offer + Long-Term Contract Incentive,Urgent Priority Support + Personalized Offer + Contract Incentive
Female,1,No,No,46,Yes,No,Fiber optic,No,Yes,Yes,No,Yes,No,One year,Yes,Bank transfer (automatic),91.3,4126.35,Loyal High-Spend Customers,No,No,32.3,Medium Risk,Loyalty Rewards + Premium Benefits,Loyalty Reward + Customer Check-In
Female,1,No,No,20,Yes,Yes,Fiber optic,No,No,No,No,No,Yes,Month-to-month,Yes,Credit card (automatic),85.8,1727.5,High-Risk High-Spend Customers,Yes,Yes,83.01,High Risk,Priority Support + Personalized Offer + Long-Term Contract Incentive,Urgent Priority Support + Personalized Offer + Contract Incentive
Male,1,No,No,3,Yes,Yes,Fiber optic,No,No,No,No,Yes,Yes,Month-to-month,Yes,Electronic check,94.85,335.75,High-Risk High-Spend Customers,No,Yes,93.81,High Risk,Priority Support + Personalized Offer + Long-Term Contract Incentive,Urgent Priority Support + Personalized Offer + Contract Incentive
Male,1,No,No,17,Yes,No,DSL,No,No,No,No,No,No,Month-to-month,Yes,Electronic check,45.05,770.6,New Low-Spend Customers,Yes,Yes,63.02,High Risk,Early Engagement + Welcome Offer + Service Guidance,Immediate Welcome Offer + Onboarding Support
Female,0,No,Yes,13,Yes,Yes,Fiber optic,No,Yes,Yes,No,Yes,Yes,One year,Yes,Credit card (automatic),104.15,1299.1,High-Risk High-Spend Customers,No,Yes,64.53,High Risk,Priority Support + Personalized Offer + Long-Term Contract Incentive,Urgent Priority Support + Personalized Offer + Contract Incentive
Female,0,Yes,No,2,No,No phone service,DSL,No,No,No,No,No,Yes,Month-to-month,Yes,Electronic check,35.1,68.75,New Low-Spend Customers,Yes,Yes,88.22,High Risk,Early Engagement + Welcome Offer + Service Guidance,Immediate Welcome Offer + Onboarding Support
Male,0,Yes,Yes,11,Yes,No,DSL,No,No,Yes,No,Yes,No,Month-to-month,Yes,Bank transfer (automatic),59.65,683.25,High-Risk High-Spend Customers,No,Yes,54.99,Medium Risk,Priority Support + Personalized Offer + Long-Term Contract Incentive,Proactive Support + Personalized Offer
Female,0,No,No,41,Yes,No,DSL,No,No,No,Yes,No,No,One year,No,Bank transfer (automatic),50.05,2029.05,Loyal Low-Spend Customers,No,No,6.44,Low Risk,Maintain Service + Loyalty Communication,Maintain Service Quality
Female,0,Yes,No,21,No,No phone service,DSL,Yes,No,No,No,No,No,Month-to-month,No,Electronic check,28.5,629.35,New Low-Spend Customers,No,Yes,51.92,Medium Risk,Early Engagement + Welcome Offer + Service Guidance,Early Engagement + Service Guidance
Female,1,No,No,41,Yes,Yes,Fiber optic,Yes,Yes,Yes,No,Yes,Yes,Month-to-month,Yes,Electronic check,113.2,4689.5,Loyal High-Spend Customers,Yes,Yes,73.2,High Risk,Loyalty Rewards + Premium Benefits,Priority Loyalty Offer + Proactive Support
Male,0,No,Yes,39,No,No phone service,DSL,Yes,No,No,Yes,Yes,No,One year,No,Bank transfer (automatic),45.05,1790.6,Loyal Low-Spend Customers,No,No,6.85,Low Risk,Maintain Service + Loyalty Communication,Maintain Service Quality
Male,0,Yes,Yes,10,Yes,No,DSL,No,No,Yes,No,Yes,No,Month-to-month,No,Mailed check,60.2,563.5,High-Risk High-Spend Customers,No,No,49.75,Medium Risk,Priority Support + Personalized Offer + Long-Term Contract Incentive,Proactive Support + Personalized Offer
Female,0,Yes,No,2,Yes,No,Fiber optic,Yes,No,No,No,No,No,Month-to-month,Yes,Electronic check,74.4,139.4,High-Risk High-Spend Customers,Yes,Yes,79.13,High Risk,Priority Support + Personalized Offer + Long-Term Contract Incentive,Urgent Priority Support + Personalized Offer + Contract Incentive
Female,1,Yes,No,1,Yes,No,Fiber optic,No,Yes,No,No,No,No,Month-to-month,Yes,Mailed check,76.4,76.4,High-Risk High-Spend Customers,Yes,Yes,78.26,High Risk,Priority Support + Personalized Offer + Long-Term Contract Incentive,Urgent Priority Support + Personalized Offer + Contract Incentive
Male,1,No,No,62,Yes,Yes,Fiber optic,No,Yes,Yes,Yes,Yes,Yes,One year,Yes,Bank transfer (automatic),110.75,7053.35,Loyal High-Spend Customers,No,No,35.4,Medium Risk,Loyalty Rewards + Premium Benefits,Loyalty Reward + Customer Check-In
Female,0,Yes,Yes,52,Yes,No,DSL,No,No,Yes,No,No,No,One year,Yes,Bank transfer (automatic),50.95,2610.65,Loyal Low-Spend Customers,No,No,6.21,Low Risk,Maintain Service + Loyalty Communication,Maintain Service Quality
Male,0,No,No,3,Yes,No,DSL,No,No,No,Yes,No,Yes,Month-to-month,No,Mailed check,60.65,196.9,High-Risk High-Spend Customers,No,Yes,53.69,Medium Risk,Priority Support + Personalized Offer + Long-Term Contract Incentive,Proactive Support + Personalized Offer
Male,1,Yes,No,48,Yes,Yes,Fiber optic,No,No,Yes,No,No,Yes,Month-to-month,Yes,Credit card (automatic),91.05,4370.75,Loyal High-Spend Customers,No,Yes,69.99,High Risk,Loyalty Rewards + Premium Benefits,Priority Loyalty Offer + Proactive Support
Male,0,Yes,Yes,69,Yes,Yes,Fiber optic,No,No,Yes,No,Yes,Yes,Month-to-month,Yes,Credit card (automatic),99.45,7007.6,Loyal High-Spend Customers,Yes,Yes,58.1,Medium Risk,Loyalty Rewards + Premium Benefits,Loyalty Reward + Customer Check-In
Female,1,Yes,No,55,Yes,Yes,Fiber optic,No,Yes,Yes,Yes,No,No,Month-to-month,No,Electronic check,90.45,5044.8,Loyal High-Spend Customers,No,No,42.72,Medium Risk,Loyalty Rewards + Premium Benefits,Loyalty Reward + Customer Check-In
Male,0,No,No,1,Yes,No,No,No internet service,No internet service,No internet service,No internet service,No internet service,No internet service,Month-to-month,No,Mailed check,19.75,19.75,New Low-Spend Customers,No,No,43.07,Medium Risk,Early Engagement + Welcome Offer + Service Guidance,Early Engagement + Service Guidance
Male,0,No,No,1,Yes,No,No,No internet service,No internet service,No internet service,No internet service,No internet service,No internet service,Month-to-month,No,Mailed check,19.4,19.4,New Low-Spend Customers,Yes,No,43.42,Medium Risk,Early Engagement + Welcome Offer + Service Guidance,Early Engagement + Service Guidance
Male,0,No,No,50,No,No phone service,DSL,Yes,No,No,Yes,No,No,One year,Yes,Mailed check,35.4,1748.9,Loyal Low-Spend Customers,No,No,5.79,Low Risk,Maintain Service + Loyalty Communication,Maintain Service Quality
Female,0,Yes,No,46,Yes,No,DSL,No,Yes,No,Yes,Yes,No,Two year,Yes,Credit card (automatic),64.2,3009.5,Loyal Low-Spend Customers,No,No,5.0,Low Risk,Maintain Service + Loyalty Communication,Maintain Service Quality
Male,0,No,No,3,Yes,No,Fiber optic,Yes,No,No,No,No,Yes,Month-to-month,Yes,Mailed check,86.05,244.85,High-Risk High-Spend Customers,No,Yes,75.91,High Risk,Priority Support + Personalized Offer + Long-Term Contract Incentive,Urgent Priority Support + Personalized Offer + Contract Incentive
Male,1,No,No,30,Yes,Yes,Fiber optic,Yes,No,No,No,No,Yes,Month-to-month,Yes,Credit card (automatic),90.5,2595.85,High-Risk High-Spend Customers,No,Yes,68.83,High Risk,Priority Support + Personalized Offer + Long-Term Contract Incentive,Urgent Priority Support + Personalized Offer + Contract Incentive
Female,0,Yes,Yes,70,Yes,Yes,DSL,Yes,No,No,Yes,Yes,Yes,Two year,Yes,Bank transfer (automatic),80.6,5460.2,Loyal High-Spend Customers,No,No,2.21,Low Risk,Loyalty Rewards + Premium Benefits,Maintain Loyalty Benefits
Female,0,Yes,Yes,72,Yes,Yes,DSL,Yes,Yes,Yes,Yes,Yes,Yes,Two year,No,Credit card (automatic),89.75,6595.9,Loyal High-Spend Customers,No,No,2.02,Low Risk,Loyalty Rewards + Premium Benefits,Maintain Loyalty Benefits
Male,0,Yes,Yes,68,Yes,Yes,DSL,Yes,Yes,Yes,Yes,Yes,Yes,Two year,Yes,Credit card (automatic),92.2,6392.85,Loyal High-Spend Customers,No,No,2.91,Low Risk,Loyalty Rewards + Premium Benefits,Maintain Loyalty Benefits
Male,0,Yes,Yes,54,No,No phone service,DSL,No,No,Yes,Yes,No,Yes,Two year,No,Credit card (automatic),46.0,2424.05,Loyal Low-Spend Customers,No,No,3.64,Low Risk,Maintain Service + Loyalty Communication,Maintain Service Quality
Male,0,No,No,47,Yes,No,No,No internet service,No internet service,No internet service,No internet service,No internet service,No internet service,Two year,No,Bank transfer (automatic),20.45,943.0,Loyal Low-Spend Customers,No,No,1.3,Low Risk,Maintain Service + Loyalty Communication,Maintain Service Quality
Female,0,No,Yes,50,Yes,No,Fiber optic,No,No,No,No,No,No,Two year,No,Credit card (automatic),70.35,3533.6,Loyal High-Spend Customers,No,No,8.66,Low Risk,Loyalty Rewards + Premium Benefits,Maintain Loyalty Benefits
Female,1,No,No,8,Yes,No,No,No internet service,No internet service,No internet service,No internet service,No internet service,No internet service,Month-to-month,No,Electronic check,19.65,164.3,New Low-Spend Customers,Yes,No,44.74,Medium Risk,Early Engagement + Welcome Offer + Service Guidance,Early Engagement + Service Guidance
Male,0,Yes,No,14,Yes,Yes,DSL,No,No,No,Yes,Yes,No,Month-to-month,Yes,Credit card (automatic),66.6,979.5,High-Risk High-Spend Customers,No,Yes,56.91,Medium Risk,Priority Support + Personalized Offer + Long-Term Contract Incentive,Proactive Support + Personalized Offer
Female,0,Yes,No,32,Yes,No,Fiber optic,No,Yes,No,No,No,Yes,Month-to-month,No,Bank transfer (automatic),84.15,2585.95,High-Risk High-Spend Customers,Yes,Yes,55.27,Medium Risk,Priority Support + Personalized Offer + Long-Term Contract Incentive,Proactive Support + Personalized Offer
Female,0,Yes,No,65,Yes,No,DSL,No,No,No,Yes,Yes,No,Two year,Yes,Credit card (automatic),59.8,3808.2,Loyal Low-Spend Customers,No,No,2.7,Low Risk,Maintain Service + Loyalty Communication,Maintain Service Quality
Female,0,No,No,68,Yes,Yes,DSL,Yes,Yes,Yes,Yes,Yes,Yes,Two year,Yes,Electronic check,88.15,6148.45,Loyal High-Spend Customers,No,No,5.92,Low Risk,Loyalty Rewards + Premium Benefits,Maintain Loyalty Benefits
Female,0,Yes,No,71,Yes,No,No,No internet service,No internet service,No internet service,No internet service,No internet service,No internet service,Two year,No,Credit card (automatic),19.1,1372.45,Loyal Low-Spend Customers,No,No,0.42,Low Risk,Maintain Service + Loyalty Communication,Maintain Service Quality
Female,1,No,No,7,Yes,No,Fiber optic,Yes,No,No,No,No,No,Month-to-month,No,Bank transfer (automatic),76.45,503.6,High-Risk High-Spend Customers,Yes,Yes,60.62,High Risk,Priority Support + Personalized Offer + Long-Term Contract Incentive,Urgent Priority Support + Personalized Offer + Contract Incentive
Female,0,No,No,4,Yes,Yes,Fiber optic,No,Yes,No,Yes,No,Yes,Month-to-month,Yes,Electronic check,93.5,362.2,High-Risk High-Spend Customers,Yes,Yes,84.16,High Risk,Priority Support + Personalized Offer + Long-Term Contract Incentive,Urgent Priority Support + Personalized Offer + Contract Incentive
Male,1,Yes,No,19,Yes,No,DSL,Yes,No,Yes,No,Yes,No,Month-to-month,No,Bank transfer (automatic),66.4,1286.05,High-Risk High-Spend Customers,No,No,36.98,Medium Risk,Priority Support + Personalized Offer + Long-Term Contract Incentive,Proactive Support + Personalized Offer
Male,0,No,Yes,30,Yes,Yes,No,No internet service,No internet service,No internet service,No internet service,No internet service,No internet service,One year,No,Bank transfer (automatic),25.35,723.3,New Low-Spend Customers,No,No,5.96,Low Risk,Early Engagement + Welcome Offer + Service Guidance,Regular Onboarding Communication
Male,0,Yes,No,31,Yes,No,DSL,No,No,Yes,Yes,No,Yes,Month-to-month,Yes,Credit card (automatic),66.4,2019.8,High-Risk High-Spend Customers,No,No,35.44,Medium Risk,Priority Support + Personalized Offer + Long-Term Contract Incentive,Proactive Support + Personalized Offer
Female,0,Yes,No,24,Yes,Yes,Fiber optic,No,No,Yes,No,No,No,Month-to-month,Yes,Mailed check,79.65,1928.7,High-Risk High-Spend Customers,No,Yes,74.98,High Risk,Priority Support + Personalized Offer + Long-Term Contract Incentive,Urgent Priority Support + Personalized Offer + Contract Incentive
Female,0,Yes,Yes,71,Yes,No,DSL,Yes,No,Yes,No,Yes,Yes,Two year,No,Credit card (automatic),77.55,5574.35,Loyal High-Spend Customers,No,No,2.12,Low Risk,Loyalty Rewards + Premium Benefits,Maintain Loyalty Benefits
Male,0,Yes,Yes,17,Yes,Yes,No,No internet service,No internet service,No internet service,No internet service,No internet service,No internet service,Two year,Yes,Mailed check,25.15,412.6,New Low-Spend Customers,No,No,8.23,Low Risk,Early Engagement + Welcome Offer + Service Guidance,Regular Onboarding Communication
Female,0,Yes,No,15,Yes,No,Fiber optic,No,No,Yes,No,Yes,No,Month-to-month,Yes,Electronic check,84.3,1308.4,High-Risk High-Spend Customers,Yes,Yes,84.56,High Risk,Priority Support + Personalized Offer + Long-Term Contract Incentive,Urgent Priority Support + Personalized Offer + Contract Incentive
Male,0,Yes,Yes,68,Yes,No,DSL,Yes,Yes,Yes,Yes,No,No,Two year,No,Credit card (automatic),62.65,4375.8,Loyal High-Spend Customers,No,No,0.65,Low Risk,Loyalty Rewards + Premium Benefits,Maintain Loyalty Benefits
Female,0,Yes,Yes,28,Yes,No,Fiber optic,No,No,No,No,Yes,Yes,One year,Yes,Bank transfer (automatic),90.1,2598.95,High-Risk High-Spend Customers,Yes,No,47.9,Medium Risk,Priority Support + Personalized Offer + Long-Term Contract Incentive,Proactive Support + Personalized Offer
Female,0,No,No,63,Yes,Yes,Fiber optic,No,Yes,Yes,Yes,Yes,Yes,Month-to-month,Yes,Credit card (automatic),109.85,7002.95,Loyal High-Spend Customers,No,Yes,55.67,Medium Risk,Loyalty Rewards + Premium Benefits,Loyalty Reward + Customer Check-In
Male,0,No,No,12,Yes,Yes,Fiber optic,No,Yes,Yes,No,Yes,Yes,Month-to-month,Yes,Electronic check,106.7,1253.9,High-Risk High-Spend Customers,Yes,Yes,89.19,High Risk,Priority Support + Personalized Offer + Long-Term Contract Incentive,Urgent Priority Support + Personalized Offer + Contract Incentive
Male,0,Yes,Yes,67,Yes,Yes,No,No internet service,No internet service,No internet service,No internet service,No internet service,No internet service,Two year,No,Bank transfer (automatic),24.65,1620.45,Loyal Low-Spend Customers,No,No,0.5,Low Risk,Maintain Service + Loyalty Communication,Maintain Service Quality
Male,0,No,No,1,No,No phone service,DSL,No,No,No,No,No,Yes,Month-to-month,Yes,Electronic check,35.55,35.55,New Low-Spend Customers,Yes,Yes,88.87,High Risk,Early Engagement + Welcome Offer + Service Guidance,Immediate Welcome Offer + Onboarding Support
Female,0,No,Yes,1,Yes,No,DSL,No,No,Yes,No,No,Yes,Month-to-month,No,Electronic check,59.2,59.2,New Low-Spend Customers,Yes,Yes,69.29,High Risk,Early Engagement + Welcome Offer + Service Guidance,Immediate Welcome Offer + Onboarding Support
Female,0,Yes,No,64,Yes,Yes,Fiber optic,Yes,Yes,Yes,Yes,Yes,Yes,One year,Yes,Electronic check,115.0,7396.15,Loyal High-Spend Customers,No,No,31.62,Medium Risk,Loyalty Rewards + Premium Benefits,Loyalty Reward + Customer Check-In
Male,0,No,No,44,Yes,No,No,No internet service,No internet service,No internet service,No internet service,No internet service,No internet service,One year,No,Credit card (automatic),19.5,835.5,Loyal Low-Spend Customers,No,No,3.34,Low Risk,Maintain Service + Loyalty Communication,Maintain Service Quality
Male,0,No,No,1,Yes,No,DSL,No,No,No,No,Yes,No,Month-to-month,Yes,Mailed check,53.5,53.5,New Low-Spend Customers,Yes,Yes,73.78,High Risk,Early Engagement + Welcome Offer + Service Guidance,Immediate Welcome Offer + Onboarding Support
Female,1,No,No,35,Yes,No,Fiber optic,No,No,No,No,No,No,Month-to-month,No,Electronic check,70.55,2419.0,High-Risk High-Spend Customers,No,Yes,60.9,High Risk,Priority Support + Personalized Offer + Long-Term Contract Incentive,Urgent Priority Support + Personalized Offer + Contract Incentive
Male,0,Yes,Yes,72,Yes,Yes,Fiber optic,Yes,Yes,Yes,Yes,Yes,Yes,Two year,Yes,Electronic check,114.0,8093.15,Loyal High-Spend Customers,No,No,12.41,Low Risk,Loyalty Rewards + Premium Benefits,Maintain Loyalty Benefits
Male,0,No,No,32,Yes,Yes,Fiber optic,No,Yes,No,No,No,No,Month-to-month,Yes,Bank transfer (automatic),80.35,2596.15,High-Risk High-Spend Customers,Yes,Yes,62.91,High Risk,Priority Support + Personalized Offer + Long-Term Contract Incentive,Urgent Priority Support + Personalized Offer + Contract Incentive
Male,0,No,No,19,Yes,No,Fiber optic,No,No,Yes,Yes,Yes,No,Month-to-month,No,Mailed check,89.95,1682.4,High-Risk High-Spend Customers,No,Yes,60.49,High Risk,Priority Support + Personalized Offer + Long-Term Contract Incentive,Urgent Priority Support + Personalized Offer + Contract Incentive
Female,0,No,No,7,Yes,No,Fiber optic,No,No,Yes,No,No,No,Month-to-month,Yes,Electronic check,75.15,525.0,High-Risk High-Spend Customers,No,Yes,84.41,High Risk,Priority Support + Personalized Offer + Long-Term Contract Incentive,Urgent Priority Support + Personalized Offer + Contract Incentive
Male,0,No,No,25,Yes,No,Fiber optic,Yes,No,Yes,Yes,Yes,Yes,Month-to-month,Yes,Electronic check,105.5,2686.05,High-Risk High-Spend Customers,No,Yes,68.14,High Risk,Priority Support + Personalized Offer + Long-Term Contract Incentive,Urgent Priority Support + Personalized Offer + Contract Incentive
Male,0,Yes,No,63,Yes,Yes,DSL,No,Yes,No,Yes,No,Yes,Two year,No,Mailed check,67.25,4234.15,Loyal High-Spend Customers,No,No,3.3,Low Risk,Loyalty Rewards + Premium Benefits,Maintain Loyalty Benefits
Male,1,No,No,46,Yes,No,Fiber optic,Yes,No,No,No,No,Yes,Month-to-month,No,Electronic check,85.0,3969.4,Loyal High-Spend Customers,Yes,Yes,52.09,Medium Risk,Loyalty Rewards + Premium Benefits,Loyalty Reward + Customer Check-In
Female,0,No,Yes,15,Yes,No,No,No internet service,No internet service,No internet service,No internet service,No internet service,No internet service,One year,No,Mailed check,19.65,270.6,New Low-Spend Customers,No,No,9.48,Low Risk,Early Engagement + Welcome Offer + Service Guidance,Regular Onboarding Communication
Female,0,No,No,7,Yes,No,DSL,No,No,No,Yes,Yes,No,Month-to-month,Yes,Mailed check,59.5,415.95,High-Risk High-Spend Customers,Yes,Yes,55.4,Medium Risk,Priority Support + Personalized Offer + Long-Term Contract Incentive,Proactive Support + Personalized Offer
Female,1,No,No,11,Yes,Yes,Fiber optic,No,No,No,No,Yes,Yes,Month-to-month,Yes,Bank transfer (automatic),95.15,997.65,High-Risk High-Spend Customers,Yes,Yes,87.83,High Risk,Priority Support + Personalized Offer + Long-Term Contract Incentive,Urgent Priority Support + Personalized Offer + Contract Incentive
Female,0,Yes,Yes,67,Yes,Yes,Fiber optic,No,Yes,No,Yes,Yes,No,Two year,No,Credit card (automatic),94.1,6302.8,Loyal High-Spend Customers,No,No,6.66,Low Risk,Loyalty Rewards + Premium Benefits,Maintain Loyalty Benefits
Male,0,Yes,Yes,47,Yes,Yes,DSL,Yes,Yes,Yes,Yes,Yes,Yes,Two year,Yes,Mailed check,90.5,4318.35,Loyal High-Spend Customers,No,No,5.03,Low Risk,Loyalty Rewards + Premium Benefits,Maintain Loyalty Benefits
Male,0,No,No,24,Yes,No,DSL,No,Yes,No,No,No,No,Month-to-month,Yes,Mailed check,49.7,1218.25,New Low-Spend Customers,No,No,39.71,Medium Risk,Early Engagement + Welcome Offer + Service Guidance,Early Engagement + Service Guidance
Male,0,Yes,No,55,No,No phone service,DSL,No,No,Yes,Yes,Yes,Yes,Month-to-month,Yes,Bank transfer (automatic),54.55,2978.3,Loyal Low-Spend Customers,Yes,No,29.83,Low Risk,Maintain Service + Loyalty Communication,Maintain Service Quality
Female,0,No,No,22,Yes,No,Fiber optic,No,No,No,No,Yes,Yes,Month-to-month,No,Electronic check,89.25,1907.85,High-Risk High-Spend Customers,Yes,Yes,81.13,High Risk,Priority Support + Personalized Offer + Long-Term Contract Incentive,Urgent Priority Support + Personalized Offer + Contract Incentive
Male,0,Yes,No,72,Yes,Yes,Fiber optic,No,Yes,No,No,Yes,Yes,Two year,Yes,Electronic check,99.4,7285.7,Loyal High-Spend Customers,No,No,29.68,Low Risk,Loyalty Rewards + Premium Benefits,Maintain Loyalty Benefits
Male,0,No,No,46,No,No phone service,DSL,Yes,No,No,No,No,No,One year,Yes,Bank transfer (automatic),30.75,1489.3,Loyal Low-Spend Customers,No,No,9.87,Low Risk,Maintain Service + Loyalty Communication,Maintain Service Quality
Female,1,Yes,No,65,Yes,Yes,Fiber optic,No,Yes,Yes,No,Yes,Yes,One year,Yes,Electronic check,106.25,6979.8,Loyal High-Spend Customers,Yes,Yes,52.64,Medium Risk,Loyalty Rewards + Premium Benefits,Loyalty Reward + Customer Check-In
Female,0,No,No,17,Yes,Yes,No,No internet service,No internet service,No internet service,No internet service,No internet service,No internet service,Month-to-month,No,Mailed check,24.8,475.25,New Low-Spend Customers,No,No,31.01,Medium Risk,Early Engagement + Welcome Offer + Service Guidance,Early Engagement + Service Guidance
Female,1,Yes,No,17,Yes,Yes,Fiber optic,Yes,No,Yes,No,No,No,Month-to-month,Yes,Bank transfer (automatic),85.35,1463.45,High-Risk High-Spend Customers,Yes,Yes,68.97,High Risk,Priority Support + Personalized Offer + Long-Term Contract Incentive,Urgent Priority Support + Personalized Offer + Contract Incentive
Male,0,No,No,11,Yes,No,No,No internet service,No internet service,No internet service,No internet service,No internet service,No internet service,Two year,No,Mailed check,20.4,231.45,New Low-Spend Customers,No,No,8.62,Low Risk,Early Engagement + Welcome Offer + Service Guidance,Regular Onboarding Communication
Male,0,No,No,63,Yes,No,Fiber optic,Yes,Yes,Yes,Yes,Yes,Yes,Two year,No,Credit card (automatic),109.2,7049.75,Loyal High-Spend Customers,No,No,8.68,Low Risk,Loyalty Rewards + Premium Benefits,Maintain Loyalty Benefits
Male,0,No,No,42,Yes,Yes,Fiber optic,Yes,Yes,Yes,No,No,Yes,One year,Yes,Electronic check,99.0,4298.45,Loyal High-Spend Customers,No,No,47.1,Medium Risk,Loyalty Rewards + Premium Benefits,Loyalty Reward + Customer Check-In
Female,0,No,No,11,Yes,No,DSL,Yes,No,Yes,No,No,Yes,Month-to-month,No,Bank transfer (automatic),64.05,733.95,High-Risk High-Spend Customers,No,No,45.32,Medium Risk,Priority Support + Personalized Offer + Long-Term Contract Incentive,Proactive Support + Personalized Offer
Female,0,Yes,No,60,Yes,No,Fiber optic,Yes,No,No,Yes,Yes,Yes,Two year,Yes,Electronic check,97.2,5611.75,Loyal High-Spend Customers,No,No,14.57,Low Risk,Loyalty Rewards + Premium Benefits,Maintain Loyalty Benefits
Male,0,No,No,4,Yes,No,No,No internet service,No internet service,No internet service,No internet service,No internet service,No internet service,Month-to-month,Yes,Mailed check,19.65,67.55,New Low-Spend Customers,No,No,46.01,Medium Risk,Early Engagement + Welcome Offer + Service Guidance,Early Engagement + Service Guidance
Female,0,Yes,Yes,67,Yes,Yes,Fiber optic,Yes,No,Yes,Yes,Yes,Yes,Two year,Yes,Credit card (automatic),108.75,7156.2,Loyal High-Spend Customers,Yes,No,11.02,Low Risk,Loyalty Rewards + Premium Benefits,Maintain Loyalty Benefits
Male,0,No,No,32,Yes,Yes,Fiber optic,Yes,Yes,No,Yes,Yes,Yes,Month-to-month,Yes,Credit card (automatic),108.15,3432.9,High-Risk High-Spend Customers,Yes,Yes,60.07,High Risk,Priority Support + Personalized Offer + Long-Term Contract Incentive,Urgent Priority Support + Personalized Offer + Contract Incentive
Female,0,Yes,Yes,64,Yes,Yes,Fiber optic,Yes,No,No,Yes,No,No,Month-to-month,Yes,Bank transfer (automatic),86.8,5327.25,Loyal High-Spend Customers,No,No,15.57,Low Risk,Loyalty Rewards + Premium Benefits,Maintain Loyalty Benefits
Male,0,Yes,No,63,Yes,No,DSL,Yes,Yes,No,Yes,Yes,No,One year,No,Credit card (automatic),70.8,4448.8,Loyal High-Spend Customers,No,No,2.55,Low Risk,Loyalty Rewards + Premium Benefits,Maintain Loyalty Benefits
Male,0,No,No,8,No,No phone service,DSL,Yes,No,No,No,No,No,Month-to-month,No,Mailed check,29.35,216.45,New Low-Spend Customers,No,Yes,58.09,Medium Risk,Early Engagement + Welcome Offer + Service Guidance,Early Engagement + Service Guidance
Male,0,Yes,No,71,Yes,No,DSL,Yes,No,Yes,Yes,Yes,Yes,Two year,Yes,Electronic check,82.55,5832.65,Loyal High-Spend Customers,No,No,3.65,Low Risk,Loyalty Rewards + Premium Benefits,Maintain Loyalty Benefits
Female,0,Yes,Yes,9,Yes,No,No,No internet service,No internet service,No internet service,No internet service,No internet service,No internet service,Two year,No,Mailed check,20.35,191.1,New Low-Spend Customers,No,No,6.71,Low Risk,Early Engagement + Welcome Offer + Service Guidance,Regular Onboarding Communication
Female,0,Yes,No,54,Yes,Yes,DSL,No,No,No,No,Yes,Yes,One year,Yes,Credit card (automatic),70.15,3715.65,Loyal High-Spend Customers,Yes,No,22.56,Low Risk,Loyalty Rewards + Premium Benefits,Maintain Loyalty Benefits
Male,0,Yes,No,61,Yes,Yes,Fiber optic,No,Yes,Yes,Yes,Yes,Yes,Month-to-month,Yes,Electronic check,114.1,7132.15,Loyal High-Spend Customers,No,Yes,64.01,High Risk,Loyalty Rewards + Premium Benefits,Priority Loyalty Offer + Proactive Support
Female,0,Yes,No,59,Yes,No,No,No internet service,No internet service,No internet service,No internet service,No internet service,No internet service,One year,No,Mailed check,20.35,1267.0,Loyal Low-Spend Customers,No,No,1.45,Low Risk,Maintain Service + Loyalty Communication,Maintain Service Quality
Female,0,No,No,53,Yes,Yes,Fiber optic,No,Yes,Yes,No,Yes,Yes,Two year,No,Electronic check,105.55,5682.25,Loyal High-Spend Customers,No,No,35.1,Medium Risk,Loyalty Rewards + Premium Benefits,Loyalty Reward + Customer Check-In
Male,0,No,No,1,Yes,No,Fiber optic,No,No,No,No,No,No,Month-to-month,Yes,Electronic check,69.55,69.55,High-Risk High-Spend Customers,Yes,Yes,87.35,High Risk,Priority Support + Personalized Offer + Long-Term Contract Incentive,Urgent Priority Support + Personalized Offer + Contract Incentive
Female,0,No,No,5,Yes,No,DSL,No,No,No,No,No,No,Month-to-month,Yes,Credit card (automatic),44.05,202.15,New Low-Spend Customers,No,Yes,65.67,High Risk,Early Engagement + Welcome Offer + Service Guidance,Immediate Welcome Offer + Onboarding Support
Female,0,Yes,Yes,61,Yes,Yes,DSL,Yes,Yes,Yes,Yes,Yes,Yes,Two year,No,Mailed check,88.1,5526.75,Loyal High-Spend Customers,No,No,2.75,Low Risk,Loyalty Rewards + Premium Benefits,Maintain Loyalty Benefits
Male,0,No,No,11,No,No phone service,DSL,No,No,Yes,No,Yes,No,One year,Yes,Electronic check,41.6,470.6,New Low-Spend Customers,Yes,Yes,66.23,High Risk,Early Engagement + Welcome Offer + Service Guidance,Immediate Welcome Offer + Onboarding Support
Female,0,Yes,Yes,54,Yes,Yes,DSL,Yes,Yes,Yes,Yes,Yes,Yes,Two year,No,Credit card (automatic),91.3,4965.0,Loyal High-Spend Customers,No,No,3.14,Low Risk,Loyalty Rewards + Premium Benefits,Maintain Loyalty Benefits
Female,0,No,No,69,Yes,Yes,DSL,Yes,Yes,No,Yes,No,No,Two year,Yes,Mailed check,66.9,4577.9,Loyal High-Spend Customers,No,No,1.28,Low Risk,Loyalty Rewards + Premium Benefits,Maintain Loyalty Benefits
Male,0,No,No,17,Yes,No,Fiber optic,No,No,Yes,No,No,No,Month-to-month,Yes,Electronic check,76.65,1313.55,High-Risk High-Spend Customers,Yes,Yes,79.08,High Risk,Priority Support + Personalized Offer + Long-Term Contract Incentive,Urgent Priority Support + Personalized Offer + Contract Incentive
Male,0,Yes,Yes,1,Yes,No,DSL,Yes,No,No,No,No,No,Month-to-month,Yes,Mailed check,48.75,48.75,New Low-Spend Customers,No,No,48.69,Medium Risk,Early Engagement + Welcome Offer + Service Guidance,Early Engagement + Service Guidance
Female,1,Yes,No,50,Yes,Yes,Fiber optic,Yes,Yes,Yes,No,Yes,Yes,Month-to-month,No,Bank transfer (automatic),108.75,5431.9,Loyal High-Spend Customers,No,Yes,54.35,Medium Risk,Loyalty Rewards + Premium Benefits,Loyalty Reward + Customer Check-In
Female,0,No,No,37,Yes,No,No,No internet service,No internet service,No internet service,No internet service,No internet service,No internet service,Two year,No,Mailed check,19.8,813.3,Loyal Low-Spend Customers,No,No,2.39,Low Risk,Maintain Service + Loyalty Communication,Maintain Service Quality
Male,0,No,Yes,61,Yes,No,No,No internet service,No internet service,No internet service,No internet service,No internet service,No internet service,Two year,No,Mailed check,19.75,1124.2,Loyal Low-Spend Customers,No,No,0.48,Low Risk,Maintain Service + Loyalty Communication,Maintain Service Quality
Female,0,Yes,Yes,41,Yes,No,DSL,No,Yes,No,Yes,No,Yes,One year,Yes,Bank transfer (automatic),66.5,2728.6,Loyal Low-Spend Customers,Yes,No,7.17,Low Risk,Maintain Service + Loyalty Communication,Maintain Service Quality
Female,1,No,No,44,Yes,No,Fiber optic,No,Yes,Yes,No,No,Yes,One year,No,Credit card (automatic),89.15,3990.75,Loyal High-Spend Customers,No,No,33.66,Medium Risk,Loyalty Rewards + Premium Benefits,Loyalty Reward + Customer Check-In
Female,0,No,No,41,No,No phone service,DSL,No,Yes,No,No,No,Yes,Month-to-month,Yes,Electronic check,40.35,1677.85,Loyal Low-Spend Customers,No,No,49.92,Medium Risk,Maintain Service + Loyalty Communication,Customer Check-In + Loyalty Communication
Female,0,No,No,66,Yes,Yes,Fiber optic,No,No,Yes,No,Yes,No,One year,Yes,Bank transfer (automatic),92.15,6056.9,Loyal High-Spend Customers,No,No,30.18,Medium Risk,Loyalty Rewards + Premium Benefits,Loyalty Reward + Customer Check-In
Male,0,No,Yes,69,Yes,Yes,DSL,Yes,Yes,Yes,Yes,Yes,No,Two year,Yes,Credit card (automatic),79.45,5502.55,Loyal High-Spend Customers,No,No,1.79,Low Risk,Loyalty Rewards + Premium Benefits,Maintain Loyalty Benefits
Female,1,Yes,No,50,Yes,Yes,No,No internet service,No internet service,No internet service,No internet service,No internet service,No internet service,One year,No,Electronic check,25.2,1306.3,Loyal Low-Spend Customers,No,No,5.21,Low Risk,Maintain Service + Loyalty Communication,Maintain Service Quality
Female,0,No,Yes,16,Yes,No,No,No internet service,No internet service,No internet service,No internet service,No internet service,No internet service,One year,Yes,Bank transfer (automatic),19.3,360.35,New Low-Spend Customers,No,No,11.26,Low Risk,Early Engagement + Welcome Offer + Service Guidance,Regular Onboarding Communication
Male,0,Yes,No,50,Yes,Yes,Fiber optic,Yes,No,Yes,No,Yes,Yes,One year,Yes,Electronic check,103.95,5231.3,Loyal High-Spend Customers,No,Yes,53.86,Medium Risk,Loyalty Rewards + Premium Benefits,Loyalty Reward + Customer Check-In
Female,0,Yes,No,10,Yes,No,DSL,No,No,Yes,No,Yes,Yes,Month-to-month,Yes,Credit card (automatic),67.8,653.15,High-Risk High-Spend Customers,No,Yes,73.24,High Risk,Priority Support + Personalized Offer + Long-Term Contract Incentive,Urgent Priority Support + Personalized Offer + Contract Incentive
Female,0,Yes,No,1,Yes,No,Fiber optic,No,No,No,No,Yes,No,Month-to-month,Yes,Bank transfer (automatic),79.35,79.35,High-Risk High-Spend Customers,Yes,Yes,83.88,High Risk,Priority Support + Personalized Offer + Long-Term Contract Incentive,Urgent Priority Support + Personalized Offer + Contract Incentive
Female,1,No,No,3,Yes,No,Fiber optic,No,No,Yes,No,No,No,Month-to-month,No,Mailed check,75.05,202.9,High-Risk High-Spend Customers,No,Yes,77.62,High Risk,Priority Support + Personalized Offer + Long-Term Contract Incentive,Urgent Priority Support + Personalized Offer + Contract Incentive
Female,0,Yes,No,64,Yes,Yes,Fiber optic,No,Yes,No,Yes,Yes,Yes,Two year,Yes,Bank transfer (automatic),105.4,6794.75,Loyal High-Spend Customers,No,No,16.95,Low Risk,Loyalty Rewards + Premium Benefits,Maintain Loyalty Benefits
Female,0,Yes,No,72,Yes,No,DSL,Yes,Yes,Yes,Yes,Yes,Yes,Two year,No,Mailed check,85.1,6155.4,Loyal High-Spend Customers,No,No,1.71,Low Risk,Loyalty Rewards + Premium Benefits,Maintain Loyalty Benefits
Female,1,Yes,No,60,Yes,Yes,Fiber optic,Yes,Yes,Yes,Yes,Yes,Yes,Two year,Yes,Bank transfer (automatic),116.05,6925.9,Loyal High-Spend Customers,No,No,14.44,Low Risk,Loyalty Rewards + Premium Benefits,Maintain Loyalty Benefits
Female,0,Yes,No,8,Yes,Yes,Fiber optic,No,No,No,Yes,No,Yes,Month-to-month,Yes,Electronic check,90.25,743.75,High-Risk High-Spend Customers,No,Yes,84.91,High Risk,Priority Support + Personalized Offer + Long-Term Contract Incentive,Urgent Priority Support + Personalized Offer + Contract Incentive
Male,1,No,No,57,Yes,Yes,Fiber optic,No,Yes,No,Yes,Yes,Yes,Month-to-month,Yes,Bank transfer (automatic),104.9,5913.95,Loyal High-Spend Customers,No,Yes,54.87,Medium Risk,Loyalty Rewards + Premium Benefits,Loyalty Reward + Customer Check-In
Female,0,Yes,No,26,Yes,No,DSL,No,Yes,No,Yes,Yes,Yes,Month-to-month,Yes,Electronic check,73.05,1959.5,High-Risk High-Spend Customers,No,Yes,51.46,Medium Risk,Priority Support + Personalized Offer + Long-Term Contract Incentive,Proactive Support + Personalized Offer
Male,0,Yes,No,61,Yes,Yes,DSL,No,Yes,Yes,No,Yes,Yes,Two year,No,Bank transfer (automatic),80.9,4932.5,Loyal High-Spend Customers,No,No,7.38,Low Risk,Loyalty Rewards + Premium Benefits,Maintain Loyalty Benefits
Female,0,No,No,5,Yes,Yes,Fiber optic,No,No,No,No,No,No,Month-to-month,No,Electronic check,75.6,402.5,High-Risk High-Spend Customers,No,Yes,85.38,High Risk,Priority Support + Personalized Offer + Long-Term Contract Incentive,Urgent Priority Support + Personalized Offer + Contract Incentive
Female,1,No,Yes,1,Yes,No,Fiber optic,No,No,No,No,No,No,Month-to-month,Yes,Electronic check,71.0,71.0,High-Risk High-Spend Customers,Yes,Yes,82.91,High Risk,Priority Support + Personalized Offer + Long-Term Contract Incentive,Urgent Priority Support + Personalized Offer + Contract Incentive
Male,0,Yes,Yes,7,No,No phone service,DSL,Yes,No,No,Yes,No,No,Month-to-month,Yes,Electronic check,34.5,279.25,New Low-Spend Customers,Yes,Yes,54.86,Medium Risk,Early Engagement + Welcome Offer + Service Guidance,Early Engagement + Service Guidance
Male,0,No,No,46,Yes,No,No,No internet service,No internet service,No internet service,No internet service,No internet service,No internet service,Two year,No,Bank transfer (automatic),20.05,902.0,Loyal Low-Spend Customers,No,No,1.38,Low Risk,Maintain Service + Loyalty Communication,Maintain Service Quality
Female,0,No,No,68,Yes,Yes,Fiber optic,Yes,Yes,No,Yes,Yes,Yes,Two year,No,Credit card (automatic),110.25,7279.35,Loyal High-Spend Customers,No,No,8.7,Low Risk,Loyalty Rewards + Premium Benefits,Maintain Loyalty Benefits
Female,0,No,No,57,Yes,Yes,Fiber optic,Yes,Yes,Yes,No,Yes,Yes,Two year,Yes,Bank transfer (automatic),112.95,6465.0,Loyal High-Spend Customers,Yes,No,19.84,Low Risk,Loyalty Rewards + Premium Benefits,Maintain Loyalty Benefits
Female,0,No,No,53,Yes,Yes,Fiber optic,Yes,Yes,Yes,No,No,No,Month-to-month,No,Electronic check,90.8,4921.2,Loyal High-Spend Customers,No,No,41.88,Medium Risk,Loyalty Rewards + Premium Benefits,Loyalty Reward + Customer Check-In
Female,0,No,No,46,Yes,Yes,Fiber optic,No,Yes,Yes,No,No,Yes,One year,Yes,Electronic check,94.15,4408.45,Loyal High-Spend Customers,No,Yes,54.61,Medium Risk,Loyalty Rewards + Premium Benefits,Loyalty Reward + Customer Check-In
Female,1,No,No,8,Yes,Yes,Fiber optic,No,No,No,No,No,Yes,Month-to-month,No,Electronic check,85.2,695.75,High-Risk High-Spend Customers,No,Yes,88.43,High Risk,Priority Support + Personalized Offer + Long-Term Contract Incentive,Urgent Priority Support + Personalized Offer + Contract Incentive
Male,0,Yes,Yes,40,Yes,No,Fiber optic,No,No,Yes,No,Yes,No,One year,Yes,Electronic check,85.05,3355.65,Loyal High-Spend Customers,No,No,42.59,Medium Risk,Loyalty Rewards + Premium Benefits,Loyalty Reward + Customer Check-In
Male,0,No,Yes,26,No,No phone service,DSL,No,Yes,No,No,Yes,No,One year,Yes,Bank transfer (automatic),39.95,1023.75,New Low-Spend Customers,No,No,26.7,Low Risk,Early Engagement + Welcome Offer + Service Guidance,Regular Onboarding Communication
Male,1,Yes,Yes,60,Yes,Yes,Fiber optic,Yes,Yes,No,No,No,Yes,Month-to-month,Yes,Electronic check,93.25,5774.55,Loyal High-Spend Customers,No,No,48.2,Medium Risk,Loyalty Rewards + Premium Benefits,Loyalty Reward + Customer Check-In
Female,1,Yes,Yes,11,Yes,Yes,Fiber optic,No,No,Yes,No,No,No,Month-to-month,Yes,Credit card (automatic),78.1,864.85,High-Risk High-Spend Customers,No,Yes,79.42,High Risk,Priority Support + Personalized Offer + Long-Term Contract Incentive,Urgent Priority Support + Personalized Offer + Contract Incentive
Female,1,No,No,16,Yes,Yes,Fiber optic,No,No,No,No,Yes,Yes,Month-to-month,Yes,Electronic check,96.4,1581.2,High-Risk High-Spend Customers,Yes,Yes,90.69,High Risk,Priority Support + Personalized Offer + Long-Term Contract Incentive,Urgent Priority Support + Personalized Offer + Contract Incentive
Female,1,No,No,34,No,No phone service,DSL,No,Yes,Yes,No,Yes,Yes,Month-to-month,Yes,Electronic check,56.25,1765.95,Loyal Low-Spend Customers,No,Yes,66.5,High Risk,Maintain Service + Loyalty Communication,Proactive Support + Retention Offer
Male,0,Yes,No,47,Yes,No,No,No internet service,No internet service,No internet service,No internet service,No internet service,No internet service,Two year,No,Mailed check,19.65,973.1,Loyal Low-Spend Customers,No,No,1.45,Low Risk,Maintain Service + Loyalty Communication,Maintain Service Quality
Male,0,Yes,Yes,1,Yes,No,Fiber optic,No,No,No,No,No,No,Month-to-month,Yes,Mailed check,69.9,69.9,High-Risk High-Spend Customers,Yes,Yes,76.66,High Risk,Priority Support + Personalized Offer + Long-Term Contract Incentive,Urgent Priority Support + Personalized Offer + Contract Incentive
Female,1,Yes,No,63,Yes,Yes,Fiber optic,No,Yes,Yes,No,Yes,Yes,Month-to-month,Yes,Electronic check,103.5,6479.4,Loyal High-Spend Customers,No,Yes,73.73,High Risk,Loyalty Rewards + Premium Benefits,Priority Loyalty Offer + Proactive Support
Female,1,No,No,72,Yes,Yes,Fiber optic,Yes,Yes,Yes,Yes,No,Yes,Two year,Yes,Bank transfer (automatic),107.4,7748.75,Loyal High-Spend Customers,No,No,7.92,Low Risk,Loyalty Rewards + Premium Benefits,Maintain Loyalty Benefits
Female,0,No,No,40,Yes,No,No,No internet service,No internet service,No internet service,No internet service,No internet service,No internet service,Two year,Yes,Bank transfer (automatic),20.6,827.3,Loyal Low-Spend Customers,No,No,2.39,Low Risk,Maintain Service + Loyalty Communication,Maintain Service Quality
Male,0,No,No,4,Yes,Yes,Fiber optic,No,No,No,No,No,No,Month-to-month,Yes,Electronic check,74.35,265.35,High-Risk High-Spend Customers,Yes,Yes,89.42,High Risk,Priority Support + Personalized Offer + Long-Term Contract Incentive,Urgent Priority Support + Personalized Offer + Contract Incentive
Male,0,Yes,Yes,5,Yes,Yes,Fiber optic,Yes,No,Yes,No,No,No,Month-to-month,Yes,Electronic check,84.5,453.75,High-Risk High-Spend Customers,Yes,Yes,77.91,High Risk,Priority Support + Personalized Offer + Long-Term Contract Incentive,Urgent Priority Support + Personalized Offer + Contract Incentive
Male,0,Yes,No,71,Yes,Yes,Fiber optic,Yes,Yes,Yes,Yes,Yes,Yes,Two year,Yes,Bank transfer (automatic),116.1,8310.55,Loyal High-Spend Customers,No,No,11.76,Low Risk,Loyalty Rewards + Premium Benefits,Maintain Loyalty Benefits
Male,0,No,No,3,Yes,No,Fiber optic,No,No,No,No,No,No,Month-to-month,Yes,Mailed check,70.3,220.4,High-Risk High-Spend Customers,No,Yes,81.06,High Risk,Priority Support + Personalized Offer + Long-Term Contract Incentive,Urgent Priority Support + Personalized Offer + Contract Incentive
Female,0,Yes,No,3,Yes,Yes,Fiber optic,No,No,No,No,No,No,Month-to-month,Yes,Electronic check,75.85,256.6,High-Risk High-Spend Customers,Yes,Yes,89.04,High Risk,Priority Support + Personalized Offer + Long-Term Contract Incentive,Urgent Priority Support + Personalized Offer + Contract Incentive
Male,0,No,No,27,Yes,No,No,No internet service,No internet service,No internet service,No internet service,No internet service,No internet service,One year,No,Mailed check,20.3,595.05,New Low-Spend Customers,No,No,7.5,Low Risk,Early Engagement + Welcome Offer + Service Guidance,Regular Onboarding Communication
Female,0,Yes,No,41,Yes,No,No,No internet service,No internet service,No internet service,No internet service,No internet service,No internet service,Two year,No,Credit card (automatic),20.65,875.55,Loyal Low-Spend Customers,No,No,1.94,Low Risk,Maintain Service + Loyalty Communication,Maintain Service Quality
Female,0,No,No,6,Yes,Yes,Fiber optic,No,No,No,No,No,No,Month-to-month,Yes,Mailed check,73.85,401.3,High-Risk High-Spend Customers,No,Yes,84.21,High Risk,Priority Support + Personalized Offer + Long-Term Contract Incentive,Urgent Priority Support + Personalized Offer + Contract Incentive
Male,0,No,No,3,Yes,No,Fiber optic,No,No,Yes,Yes,Yes,No,Month-to-month,Yes,Mailed check,89.85,244.45,High-Risk High-Spend Customers,No,Yes,76.29,High Risk,Priority Support + Personalized Offer + Long-Term Contract Incentive,Urgent Priority Support + Personalized Offer + Contract Incentive
Female,0,Yes,No,60,Yes,Yes,Fiber optic,Yes,Yes,No,No,No,Yes,Month-to-month,Yes,Credit card (automatic),94.1,5475.9,Loyal High-Spend Customers,No,No,42.32,Medium Risk,Loyalty Rewards + Premium Benefits,Loyalty Reward + Customer Check-In
Male,1,Yes,No,57,Yes,Yes,Fiber optic,No,Yes,No,No,No,Yes,Month-to-month,Yes,Electronic check,89.85,4925.35,Loyal High-Spend Customers,No,Yes,65.31,High Risk,Loyalty Rewards + Premium Benefits,Priority Loyalty Offer + Proactive Support
Male,0,No,No,26,Yes,Yes,Fiber optic,No,No,Yes,No,Yes,Yes,Month-to-month,Yes,Electronic check,98.35,2515.3,High-Risk High-Spend Customers,Yes,Yes,88.97,High Risk,Priority Support + Personalized Offer + Long-Term Contract Incentive,Urgent Priority Support + Personalized Offer + Contract Incentive
Female,0,No,No,55,Yes,No,DSL,Yes,No,No,No,No,No,Month-to-month,Yes,Credit card (automatic),50.55,2832.75,Loyal Low-Spend Customers,No,No,11.66,Low Risk,Maintain Service + Loyalty Communication,Maintain Service Quality
Male,0,No,No,1,Yes,No,No,No internet service,No internet service,No internet service,No internet service,No internet service,No internet service,Month-to-month,Yes,Bank transfer (automatic),20.2,20.2,New Low-Spend Customers,Yes,No,47.72,Medium Risk,Early Engagement + Welcome Offer + Service Guidance,Early Engagement + Service Guidance
Male,0,No,No,49,Yes,Yes,DSL,No,No,No,Yes,Yes,No,Two year,Yes,Bank transfer (automatic),66.15,3199.0,Loyal Low-Spend Customers,No,No,6.47,Low Risk,Maintain Service + Loyalty Communication,Maintain Service Quality
Female,0,Yes,Yes,6,Yes,No,DSL,Yes,Yes,No,No,No,No,Month-to-month,No,Credit card (automatic),55.9,365.35,New Low-Spend Customers,Yes,No,30.23,Medium Risk,Early Engagement + Welcome Offer + Service Guidance,Early Engagement + Service Guidance
Female,1,No,No,1,Yes,No,Fiber optic,No,No,No,No,No,No,Month-to-month,Yes,Electronic check,69.6,69.6,High-Risk High-Spend Customers,Yes,Yes,87.87,High Risk,Priority Support + Personalized Offer + Long-Term Contract Incentive,Urgent Priority Support + Personalized Offer + Contract Incentive
Female,0,Yes,Yes,39,Yes,No,Fiber optic,No,No,Yes,Yes,No,No,Month-to-month,Yes,Bank transfer (automatic),81.5,3107.3,High-Risk High-Spend Customers,No,No,33.11,Medium Risk,Priority Support + Personalized Offer + Long-Term Contract Incentive,Proactive Support + Personalized Offer
Female,0,No,No,1,Yes,No,No,No internet service,No internet service,No internet service,No internet service,No internet service,No internet service,Month-to-month,No,Mailed check,19.55,19.55,New Low-Spend Customers,No,No,42.56,Medium Risk,Early Engagement + Welcome Offer + Service Guidance,Early Engagement + Service Guidance
Female,0,Yes,No,70,No,No phone service,DSL,No,Yes,Yes,Yes,Yes,Yes,Two year,No,Bank transfer (automatic),57.8,4039.3,Loyal Low-Spend Customers,No,No,3.24,Low Risk,Maintain Service + Loyalty Communication,Maintain Service Quality
Female,0,No,No,1,Yes,Yes,DSL,No,No,No,No,No,No,Month-to-month,Yes,Bank transfer (automatic),49.95,49.95,New Low-Spend Customers,Yes,Yes,72.9,High Risk,Early Engagement + Welcome Offer + Service Guidance,Immediate Welcome Offer + Onboarding Support
Female,0,Yes,No,13,No,No phone service,DSL,No,No,Yes,No,Yes,Yes,Month-to-month,Yes,Bank transfer (automatic),48.75,633.4,New Low-Spend Customers,Yes,Yes,79.58,High Risk,Early Engagement + Welcome Offer + Service Guidance,Immediate Welcome Offer + Onboarding Support
Female,0,Yes,Yes,65,Yes,Yes,DSL,Yes,Yes,Yes,Yes,Yes,Yes,Two year,Yes,Mailed check,90.45,5957.9,Loyal High-Spend Customers,No,No,3.0,Low Risk,Loyalty Rewards + Premium Benefits,Maintain Loyalty Benefits
Male,1,No,No,21,Yes,Yes,Fiber optic,No,Yes,Yes,No,Yes,Yes,Month-to-month,Yes,Electronic check,104.35,2271.85,High-Risk High-Spend Customers,No,Yes,89.06,High Risk,Priority Support + Personalized Offer + Long-Term Contract Incentive,Urgent Priority Support + Personalized Offer + Contract Incentive
Female,0,No,No,50,No,No phone service,DSL,No,Yes,Yes,Yes,No,No,Two year,No,Credit card (automatic),39.7,1932.75,Loyal Low-Spend Customers,No,No,3.47,Low Risk,Maintain Service + Loyalty Communication,Maintain Service Quality
Female,0,No,No,12,No,No phone service,DSL,No,Yes,Yes,Yes,Yes,Yes,One year,No,Electronic check,60.65,743.3,High-Risk High-Spend Customers,No,No,48.42,Medium Risk,Priority Support + Personalized Offer + Long-Term Contract Incentive,Proactive Support + Personalized Offer
Male,0,No,No,26,Yes,No,Fiber optic,No,Yes,No,No,No,No,One year,No,Bank transfer (automatic),75.5,2018.1,High-Risk High-Spend Customers,No,No,31.8,Medium Risk,Priority Support + Personalized Offer + Long-Term Contract Incentive,Proactive Support + Personalized Offer
Female,1,No,No,2,No,No phone service,DSL,No,No,Yes,No,No,No,Month-to-month,Yes,Electronic check,30.4,78.65,New Low-Spend Customers,Yes,Yes,86.39,High Risk,Early Engagement + Welcome Offer + Service Guidance,Immediate Welcome Offer + Onboarding Support
Female,1,No,No,46,Yes,Yes,DSL,No,No,Yes,Yes,No,Yes,One year,Yes,Credit card (automatic),69.1,3255.35,Loyal Low-Spend Customers,No,No,18.56,Low Risk,Maintain Service + Loyalty Communication,Maintain Service Quality
Female,0,Yes,No,46,Yes,Yes,Fiber optic,No,Yes,Yes,Yes,Yes,Yes,Two year,Yes,Credit card (automatic),108.9,4854.3,Loyal High-Spend Customers,No,No,27.08,Low Risk,Loyalty Rewards + Premium Benefits,Maintain Loyalty Benefits
Female,0,Yes,Yes,61,Yes,Yes,Fiber optic,No,Yes,No,No,Yes,Yes,Month-to-month,Yes,Electronic check,99.15,6010.05,Loyal High-Spend Customers,Yes,Yes,62.93,High Risk,Loyalty Rewards + Premium Benefits,Priority Loyalty Offer + Proactive Support
Female,0,Yes,No,18,Yes,Yes,Fiber optic,No,No,No,Yes,Yes,No,Month-to-month,Yes,Electronic check,88.85,1594.75,High-Risk High-Spend Customers,No,Yes,80.49,High Risk,Priority Support + Personalized Offer + Long-Term Contract Incentive,Urgent Priority Support + Personalized Offer + Contract Incentive
Male,0,No,No,19,Yes,Yes,DSL,No,No,No,No,Yes,Yes,Month-to-month,No,Mailed check,69.6,1394.55,High-Risk High-Spend Customers,No,Yes,65.86,High Risk,Priority Support + Personalized Offer + Long-Term Contract Incentive,Urgent Priority Support + Personalized Offer + Contract Incentive
Male,0,Yes,Yes,13,Yes,Yes,Fiber optic,No,No,No,No,No,No,Month-to-month,Yes,Credit card (automatic),74.4,896.75,High-Risk High-Spend Customers,Yes,Yes,75.52,High Risk,Priority Support + Personalized Offer + Long-Term Contract Incentive,Urgent Priority Support + Personalized Offer + Contract Incentive
Male,0,Yes,Yes,13,Yes,Yes,No,No internet service,No internet service,No internet service,No internet service,No internet service,No internet service,One year,No,Bank transfer (automatic),24.5,343.6,New Low-Spend Customers,No,No,13.62,Low Risk,Early Engagement + Welcome Offer + Service Guidance,Regular Onboarding Communication
Female,0,No,No,4,No,No phone service,DSL,Yes,No,Yes,No,No,No,Month-to-month,No,Mailed check,35.0,135.75,New Low-Spend Customers,No,Yes,62.08,High Risk,Early Engagement + Welcome Offer + Service Guidance,Immediate Welcome Offer + Onboarding Support
Female,0,Yes,Yes,72,Yes,Yes,Fiber optic,Yes,No,Yes,Yes,Yes,Yes,Two year,No,Mailed check,107.45,7576.7,Loyal High-Spend Customers,No,No,7.53,Low Risk,Loyalty Rewards + Premium Benefits,Maintain Loyalty Benefits
Male,0,No,Yes,1,No,No phone service,DSL,No,No,No,No,No,No,Month-to-month,No,Mailed check,24.2,24.2,New Low-Spend Customers,No,Yes,70.59,High Risk,Early Engagement + Welcome Offer + Service Guidance,Immediate Welcome Offer + Onboarding Support
Female,0,No,No,13,Yes,Yes,Fiber optic,No,Yes,Yes,Yes,No,No,Month-to-month,No,Electronic check,89.4,1132.35,High-Risk High-Spend Customers,Yes,Yes,69.9,High Risk,Priority Support + Personalized Offer + Long-Term Contract Incentive,Urgent Priority Support + Personalized Offer + Contract Incentive
Female,0,No,No,3,Yes,No,No,No internet service,No internet service,No internet service,No internet service,No internet service,No internet service,Month-to-month,Yes,Mailed check,19.6,59.75,New Low-Spend Customers,Yes,No,46.75,Medium Risk,Early Engagement + Welcome Offer + Service Guidance,Early Engagement + Service Guidance
Male,0,No,No,3,Yes,No,Fiber optic,No,No,Yes,No,No,Yes,Month-to-month,No,Credit card (automatic),85.7,256.75,High-Risk High-Spend Customers,No,Yes,81.47,High Risk,Priority Support + Personalized Offer + Long-Term Contract Incentive,Urgent Priority Support + Personalized Offer + Contract Incentive
Female,1,No,No,9,Yes,Yes,Fiber optic,No,No,Yes,No,Yes,No,Month-to-month,Yes,Electronic check,90.1,816.8,High-Risk High-Spend Customers,No,Yes,90.43,High Risk,Priority Support + Personalized Offer + Long-Term Contract Incentive,Urgent Priority Support + Personalized Offer + Contract Incentive
Male,0,Yes,Yes,20,Yes,No,Fiber optic,No,No,No,No,Yes,Yes,Month-to-month,Yes,Electronic check,90.2,1776.55,High-Risk High-Spend Customers,Yes,Yes,81.01,High Risk,Priority Support + Personalized Offer + Long-Term Contract Incentive,Urgent Priority Support + Personalized Offer + Contract Incentive
Female,0,No,No,7,Yes,Yes,Fiber optic,No,No,No,No,No,No,Month-to-month,Yes,Bank transfer (automatic),75.1,552.95,High-Risk High-Spend Customers,Yes,Yes,82.4,High Risk,Priority Support + Personalized Offer + Long-Term Contract Incentive,Urgent Priority Support + Personalized Offer + Contract Incentive
Male,1,No,No,1,Yes,No,Fiber optic,No,No,No,No,No,No,Month-to-month,Yes,Electronic check,69.75,69.75,High-Risk High-Spend Customers,Yes,Yes,88.11,High Risk,Priority Support + Personalized Offer + Long-Term Contract Incentive,Urgent Priority Support + Personalized Offer + Contract Incentive
Female,0,No,No,23,Yes,Yes,Fiber optic,No,No,No,No,Yes,Yes,Month-to-month,Yes,Electronic check,93.5,2341.55,High-Risk High-Spend Customers,No,Yes,89.66,High Risk,Priority Support + Personalized Offer + Long-Term Contract Incentive,Urgent Priority Support + Personalized Offer + Contract Incentive
Female,0,Yes,No,65,Yes,No,DSL,Yes,No,Yes,Yes,No,No,Two year,No,Credit card (automatic),58.9,3857.1,Loyal Low-Spend Customers,No,No,1.08,Low Risk,Maintain Service + Loyalty Communication,Maintain Service Quality
Female,0,Yes,Yes,52,Yes,No,No,No internet service,No internet service,No internet service,No internet service,No internet service,No internet service,Two year,No,Mailed check,19.35,1031.7,Loyal Low-Spend Customers,No,No,0.77,Low Risk,Maintain Service + Loyalty Communication,Maintain Service Quality
Male,0,No,No,3,Yes,No,DSL,No,No,No,Yes,No,No,Month-to-month,Yes,Mailed check,50.25,152.3,New Low-Spend Customers,No,Yes,54.32,Medium Risk,Early Engagement + Welcome Offer + Service Guidance,Early Engagement + Service Guidance
Female,0,Yes,No,6,Yes,Yes,Fiber optic,No,Yes,No,No,No,Yes,Month-to-month,Yes,Electronic check,90.75,512.25,High-Risk High-Spend Customers,No,Yes,88.27,High Risk,Priority Support + Personalized Offer + Long-Term Contract Incentive,Urgent Priority Support + Personalized Offer + Contract Incentive
Male,0,Yes,No,4,Yes,No,Fiber optic,No,No,No,No,No,No,Month-to-month,No,Electronic check,70.5,294.2,High-Risk High-Spend Customers,No,Yes,81.9,High Risk,Priority Support + Personalized Offer + Long-Term Contract Incentive,Urgent Priority Support + Personalized Offer + Contract Incentive
Male,0,Yes,No,44,Yes,Yes,Fiber optic,Yes,No,Yes,No,No,No,Month-to-month,Yes,Credit card (automatic),84.8,3626.35,Loyal High-Spend Customers,No,Yes,50.38,Medium Risk,Loyalty Rewards + Premium Benefits,Loyalty Reward + Customer Check-In
Male,1,No,No,47,Yes,Yes,Fiber optic,No,No,No,No,Yes,No,Month-to-month,Yes,Credit card (automatic),86.05,3865.6,Loyal High-Spend Customers,No,Yes,66.01,High Risk,Loyalty Rewards + Premium Benefits,Priority Loyalty Offer + Proactive Support
Female,0,No,No,6,No,No phone service,DSL,Yes,Yes,No,Yes,No,Yes,Month-to-month,No,Credit card (automatic),50.95,307.6,New Low-Spend Customers,No,No,48.0,Medium Risk,Early Engagement + Welcome Offer + Service Guidance,Early Engagement + Service Guidance
Male,0,No,No,7,Yes,Yes,Fiber optic,No,No,No,No,Yes,Yes,Month-to-month,No,Electronic check,96.2,639.7,High-Risk High-Spend Customers,No,Yes,89.78,High Risk,Priority Support + Personalized Offer + Long-Term Contract Incentive,Urgent Priority Support + Personalized Offer + Contract Incentive
Male,0,No,No,53,Yes,Yes,DSL,No,Yes,Yes,Yes,No,Yes,Two year,Yes,Bank transfer (automatic),73.9,3958.25,Loyal High-Spend Customers,No,No,6.16,Low Risk,Loyalty Rewards + Premium Benefits,Maintain Loyalty Benefits
Female,0,No,No,3,Yes,No,DSL,No,No,No,No,No,No,Month-to-month,No,Mailed check,44.75,148.05,New Low-Spend Customers,No,Yes,59.88,Medium Risk,Early Engagement + Welcome Offer + Service Guidance,Early Engagement + Service Guidance
Male,0,No,Yes,6,Yes,No,No,No internet service,No internet service,No internet service,No internet service,No internet service,No internet service,Month-to-month,No,Mailed check,19.55,128.6,New Low-Spend Customers,No,No,29.43,Low Risk,Early Engagement + Welcome Offer + Service Guidance,Regular Onboarding Communication
Male,0,No,No,10,Yes,No,Fiber optic,No,No,No,No,Yes,Yes,Month-to-month,Yes,Electronic check,89.5,863.1,High-Risk High-Spend Customers,Yes,Yes,89.21,High Risk,Priority Support + Personalized Offer + Long-Term Contract Incentive,Urgent Priority Support + Personalized Offer + Contract Incentive
Female,0,Yes,Yes,25,Yes,No,Fiber optic,No,Yes,Yes,No,Yes,No,Month-to-month,Yes,Bank transfer (automatic),89.15,2257.75,High-Risk High-Spend Customers,Yes,Yes,59.81,Medium Risk,Priority Support + Personalized Offer + Long-Term Contract Incentive,Proactive Support + Personalized Offer
Female,0,No,No,45,Yes,Yes,Fiber optic,No,No,Yes,No,No,Yes,Month-to-month,Yes,Credit card (automatic),89.3,4192.15,Loyal High-Spend Customers,No,Yes,71.78,High Risk,Loyalty Rewards + Premium Benefits,Priority Loyalty Offer + Proactive Support
Female,0,Yes,No,3,Yes,Yes,Fiber optic,No,No,No,No,Yes,Yes,Month-to-month,No,Electronic check,94.9,273.2,High-Risk High-Spend Customers,No,Yes,90.94,High Risk,Priority Support + Personalized Offer + Long-Term Contract Incentive,Urgent Priority Support + Personalized Offer + Contract Incentive
Male,0,No,No,2,Yes,No,Fiber optic,No,No,Yes,Yes,No,No,Month-to-month,Yes,Electronic check,79.85,152.45,High-Risk High-Spend Customers,Yes,Yes,80.02,High Risk,Priority Support + Personalized Offer + Long-Term Contract Incentive,Urgent Priority Support + Personalized Offer + Contract Incentive
Female,0,No,No,7,Yes,No,No,No internet service,No internet service,No internet service,No internet service,No internet service,No internet service,One year,No,Mailed check,19.9,173.15,New Low-Spend Customers,No,No,18.52,Low Risk,Early Engagement + Welcome Offer + Service Guidance,Regular Onboarding Communication
Female,0,No,No,50,Yes,Yes,Fiber optic,No,No,No,No,Yes,Yes,Month-to-month,Yes,Electronic check,95.7,4729.75,Loyal High-Spend Customers,No,Yes,78.17,High Risk,Loyalty Rewards + Premium Benefits,Priority Loyalty Offer + Proactive Support
Female,0,Yes,Yes,67,Yes,Yes,Fiber optic,Yes,No,Yes,Yes,No,Yes,One year,Yes,Bank transfer (automatic),100.25,6689.0,Loyal High-Spend Customers,No,No,12.56,Low Risk,Loyalty Rewards + Premium Benefits,Maintain Loyalty Benefits
Female,0,Yes,Yes,28,Yes,No,Fiber optic,No,No,No,No,No,Yes,Month-to-month,Yes,Electronic check,81.05,2227.1,High-Risk High-Spend Customers,Yes,Yes,70.57,High Risk,Priority Support + Personalized Offer + Long-Term Contract Incentive,Urgent Priority Support + Personalized Offer + Contract Incentive
Male,1,Yes,No,46,No,No phone service,DSL,No,Yes,Yes,Yes,Yes,Yes,One year,Yes,Bank transfer (automatic),59.9,2816.65,Loyal Low-Spend Customers,Yes,No,19.5,Low Risk,Maintain Service + Loyalty Communication,Maintain Service Quality
Male,0,No,No,66,No,No phone service,DSL,No,No,No,Yes,No,No,One year,No,Credit card (automatic),29.45,1983.15,Loyal Low-Spend Customers,No,No,3.5,Low Risk,Maintain Service + Loyalty Communication,Maintain Service Quality
Male,0,Yes,No,43,Yes,Yes,DSL,Yes,No,Yes,No,Yes,Yes,One year,Yes,Electronic check,80.2,3581.6,Loyal High-Spend Customers,No,No,31.3,Medium Risk,Loyalty Rewards + Premium Benefits,Loyalty Reward + Customer Check-In
Male,0,No,No,1,Yes,No,DSL,No,No,No,No,No,No,Month-to-month,Yes,Mailed check,45.85,45.85,New Low-Spend Customers,Yes,Yes,67.81,High Risk,Early Engagement + Welcome Offer + Service Guidance,Immediate Welcome Offer + Onboarding Support
Male,0,Yes,No,47,Yes,Yes,No,No internet service,No internet service,No internet service,No internet service,No internet service,No internet service,Month-to-month,No,Electronic check,25.4,1139.2,Loyal Low-Spend Customers,No,No,12.19,Low Risk,Maintain Service + Loyalty Communication,Maintain Service Quality
Male,0,Yes,Yes,61,Yes,No,No,No internet service,No internet service,No internet service,No internet service,No internet service,No internet service,One year,No,Mailed check,20.4,1226.45,Loyal Low-Spend Customers,No,No,0.93,Low Risk,Maintain Service + Loyalty Communication,Maintain Service Quality
Female,0,Yes,Yes,34,Yes,No,No,No internet service,No internet service,No internet service,No internet service,No internet service,No internet service,Month-to-month,No,Mailed check,20.65,716.4,New Low-Spend Customers,No,No,8.2,Low Risk,Early Engagement + Welcome Offer + Service Guidance,Regular Onboarding Communication
Male,0,No,No,1,Yes,No,No,No internet service,No internet service,No internet service,No internet service,No internet service,No internet service,Month-to-month,Yes,Mailed check,19.3,19.3,New Low-Spend Customers,Yes,Yes,50.4,Medium Risk,Early Engagement + Welcome Offer + Service Guidance,Early Engagement + Service Guidance
Male,0,Yes,Yes,70,No,No phone service,DSL,No,Yes,Yes,Yes,Yes,Yes,One year,No,Electronic check,60.35,4138.7,Loyal High-Spend Customers,No,No,6.53,Low Risk,Loyalty Rewards + Premium Benefits,Maintain Loyalty Benefits
Male,0,No,No,66,Yes,No,No,No internet service,No internet service,No internet service,No internet service,No internet service,No internet service,Two year,No,Bank transfer (automatic),19.7,1253.8,Loyal Low-Spend Customers,No,No,0.49,Low Risk,Maintain Service + Loyalty Communication,Maintain Service Quality
Female,0,No,No,18,Yes,No,Fiber optic,Yes,No,No,No,Yes,Yes,Month-to-month,Yes,Electronic check,96.05,1740.7,High-Risk High-Spend Customers,Yes,Yes,78.67,High Risk,Priority Support + Personalized Offer + Long-Term Contract Incentive,Urgent Priority Support + Personalized Offer + Contract Incentive
Female,0,Yes,Yes,20,Yes,No,No,No internet service,No internet service,No internet service,No internet service,No internet service,No internet service,Month-to-month,No,Mailed check,20.35,442.6,New Low-Spend Customers,No,No,15.9,Low Risk,Early Engagement + Welcome Offer + Service Guidance,Regular Onboarding Communication
Male,0,Yes,Yes,34,No,No phone service,DSL,Yes,No,No,No,No,No,One year,No,Bank transfer (automatic),30.4,938.65,Loyal Low-Spend Customers,No,No,9.14,Low Risk,Maintain Service + Loyalty Communication,Maintain Service Quality
Female,0,No,No,2,Yes,No,Fiber optic,No,No,No,No,No,No,Month-to-month,No,Electronic check,70.35,139.25,High-Risk High-Spend Customers,No,Yes,82.61,High Risk,Priority Support + Personalized Offer + Long-Term Contract Incentive,Urgent Priority Support + Personalized Offer + Contract Incentive
Male,0,Yes,Yes,2,Yes,No,Fiber optic,No,No,No,No,No,No,Month-to-month,No,Mailed check,69.95,143.9,High-Risk High-Spend Customers,No,Yes,70.61,High Risk,Priority Support + Personalized Offer + Long-Term Contract Incentive,Urgent Priority Support + Personalized Offer + Contract Incentive
Female,0,No,No,42,Yes,Yes,DSL,Yes,Yes,No,No,No,No,One year,Yes,Bank transfer (automatic),60.15,2421.6,Loyal Low-Spend Customers,No,No,9.2,Low Risk,Maintain Service + Loyalty Communication,Maintain Service Quality
Male,0,Yes,No,4,Yes,No,Fiber optic,No,No,No,No,Yes,No,Month-to-month,Yes,Electronic check,80.35,307.4,High-Risk High-Spend Customers,Yes,Yes,87.94,High Risk,Priority Support + Personalized Offer + Long-Term Contract Incentive,Urgent Priority Support + Personalized Offer + Contract Incentive
Female,0,Yes,No,6,Yes,Yes,Fiber optic,No,Yes,Yes,No,Yes,Yes,Month-to-month,Yes,Electronic check,105.3,545.2,High-Risk High-Spend Customers,Yes,Yes,90.47,High Risk,Priority Support + Personalized Offer + Long-Term Contract Incentive,Urgent Priority Support + Personalized Offer + Contract Incentive
Female,1,Yes,No,26,Yes,No,DSL,No,No,Yes,No,No,Yes,One year,No,Mailed check,60.7,1597.4,High-Risk High-Spend Customers,No,No,26.2,Low Risk,Priority Support + Personalized Offer + Long-Term Contract Incentive,Maintain Premium Relationship
Female,0,No,No,2,Yes,Yes,Fiber optic,No,No,No,No,No,Yes,Month-to-month,Yes,Electronic check,85.7,169.8,High-Risk High-Spend Customers,Yes,Yes,91.6,High Risk,Priority Support + Personalized Offer + Long-Term Contract Incentive,Urgent Priority Support + Personalized Offer + Contract Incentive
Female,0,Yes,No,47,Yes,Yes,Fiber optic,Yes,Yes,Yes,No,Yes,No,Month-to-month,Yes,Electronic check,98.75,4533.7,Loyal High-Spend Customers,Yes,Yes,60.91,High Risk,Loyalty Rewards + Premium Benefits,Priority Loyalty Offer + Proactive Support
Male,0,No,No,34,Yes,Yes,No,No internet service,No internet service,No internet service,No internet service,No internet service,No internet service,Two year,No,Bank transfer (automatic),26.1,980.35,Loyal Low-Spend Customers,No,No,3.68,Low Risk,Maintain Service + Loyalty Communication,Maintain Service Quality
Male,1,Yes,No,57,Yes,Yes,Fiber optic,No,Yes,Yes,No,No,Yes,Month-to-month,Yes,Bank transfer (automatic),95.25,5427.05,Loyal High-Spend Customers,Yes,Yes,58.61,Medium Risk,Loyalty Rewards + Premium Benefits,Loyalty Reward + Customer Check-In
Female,0,No,No,48,Yes,Yes,No,No internet service,No internet service,No internet service,No internet service,No internet service,No internet service,One year,No,Bank transfer (automatic),24.55,1203.95,Loyal Low-Spend Customers,No,No,3.51,Low Risk,Maintain Service + Loyalty Communication,Maintain Service Quality
Male,0,No,Yes,6,Yes,Yes,No,No internet service,No internet service,No internet service,No internet service,No internet service,No internet service,Month-to-month,No,Mailed check,26.35,184.05,New Low-Spend Customers,No,No,34.88,Medium Risk,Early Engagement + Welcome Offer + Service Guidance,Early Engagement + Service Guidance
Female,1,No,No,7,Yes,No,DSL,Yes,No,No,No,No,No,Month-to-month,Yes,Electronic check,48.2,340.35,New Low-Spend Customers,No,Yes,62.06,High Risk,Early Engagement + Welcome Offer + Service Guidance,Immediate Welcome Offer + Onboarding Support
Male,0,No,No,1,Yes,No,Fiber optic,No,No,No,No,No,No,Month-to-month,Yes,Electronic check,70.35,70.35,High-Risk High-Spend Customers,No,Yes,86.98,High Risk,Priority Support + Personalized Offer + Long-Term Contract Incentive,Urgent Priority Support + Personalized Offer + Contract Incentive
Female,0,Yes,Yes,69,Yes,Yes,DSL,Yes,No,Yes,Yes,No,No,Two year,Yes,Credit card (automatic),64.15,4254.1,Loyal High-Spend Customers,No,No,1.22,Low Risk,Loyalty Rewards + Premium Benefits,Maintain Loyalty Benefits
Female,0,No,No,39,Yes,No,No,No internet service,No internet service,No internet service,No internet service,No internet service,No internet service,Two year,No,Credit card (automatic),20.7,762.45,Loyal Low-Spend Customers,No,No,2.1,Low Risk,Maintain Service + Loyalty Communication,Maintain Service Quality
Male,0,Yes,No,31,Yes,Yes,Fiber optic,No,Yes,Yes,No,Yes,No,Month-to-month,No,Electronic check,93.8,3019.5,High-Risk High-Spend Customers,Yes,Yes,76.25,High Risk,Priority Support + Personalized Offer + Long-Term Contract Incentive,Urgent Priority Support + Personalized Offer + Contract Incentive
Male,0,No,No,62,Yes,Yes,Fiber optic,Yes,Yes,No,Yes,No,Yes,One year,No,Electronic check,102.0,6529.25,Loyal High-Spend Customers,Yes,No,18.63,Low Risk,Loyalty Rewards + Premium Benefits,Maintain Loyalty Benefits
Male,0,No,No,69,Yes,Yes,DSL,Yes,Yes,Yes,Yes,Yes,Yes,Two year,No,Mailed check,90.65,6322.1,Loyal High-Spend Customers,No,No,2.94,Low Risk,Loyalty Rewards + Premium Benefits,Maintain Loyalty Benefits
Female,0,No,No,4,Yes,No,Fiber optic,No,Yes,Yes,Yes,Yes,Yes,One year,Yes,Electronic check,105.65,443.9,High-Risk High-Spend Customers,Yes,Yes,65.53,High Risk,Priority Support + Personalized Offer + Long-Term Contract Incentive,Urgent Priority Support + Personalized Offer + Contract Incentive
Male,0,No,No,32,Yes,No,No,No internet service,No internet service,No internet service,No internet service,No internet service,No internet service,Two year,Yes,Bank transfer (automatic),20.05,614.45,New Low-Spend Customers,No,No,3.71,Low Risk,Early Engagement + Welcome Offer + Service Guidance,Regular Onboarding Communication
Female,0,No,Yes,4,Yes,Yes,Fiber optic,No,Yes,No,No,Yes,No,Month-to-month,No,Mailed check,89.6,365.65,High-Risk High-Spend Customers,Yes,Yes,74.57,High Risk,Priority Support + Personalized Offer + Long-Term Contract Incentive,Urgent Priority Support + Personalized Offer + Contract Incentive
Male,1,No,No,55,No,No phone service,DSL,Yes,Yes,No,No,Yes,No,Month-to-month,Yes,Electronic check,44.85,2479.05,Loyal Low-Spend Customers,No,No,26.24,Low Risk,Maintain Service + Loyalty Communication,Maintain Service Quality
Female,0,No,No,1,Yes,No,DSL,No,No,No,No,No,Yes,Month-to-month,Yes,Electronic check,55.4,55.4,New Low-Spend Customers,Yes,Yes,79.75,High Risk,Early Engagement + Welcome Offer + Service Guidance,Immediate Welcome Offer + Onboarding Support
Female,1,No,No,59,Yes,Yes,Fiber optic,Yes,Yes,Yes,No,No,No,Month-to-month,Yes,Electronic check,89.75,5496.9,Loyal High-Spend Customers,No,No,47.76,Medium Risk,Loyalty Rewards + Premium Benefits,Loyalty Reward + Customer Check-In
Female,1,No,No,4,Yes,Yes,DSL,No,No,No,No,No,No,Month-to-month,No,Mailed check,48.75,179.85,New Low-Spend Customers,No,Yes,68.53,High Risk,Early Engagement + Welcome Offer + Service Guidance,Immediate Welcome Offer + Onboarding Support
Female,0,No,No,23,Yes,No,DSL,No,Yes,Yes,No,No,No,One year,No,Bank transfer (automatic),55.8,1327.85,High-Risk High-Spend Customers,No,No,16.89,Low Risk,Priority Support + Personalized Offer + Long-Term Contract Incentive,Maintain Premium Relationship
Male,0,Yes,Yes,72,Yes,Yes,No,No internet service,No internet service,No internet service,No internet service,No internet service,No internet service,Two year,No,Bank transfer (automatic),25.0,1738.9,Loyal Low-Spend Customers,No,No,0.38,Low Risk,Maintain Service + Loyalty Communication,Maintain Service Quality
Female,0,Yes,Yes,19,Yes,Yes,No,No internet service,No internet service,No internet service,No internet service,No internet service,No internet service,Two year,Yes,Bank transfer (automatic),24.9,467.7,New Low-Spend Customers,No,No,6.91,Low Risk,Early Engagement + Welcome Offer + Service Guidance,Regular Onboarding Communication
Male,0,Yes,Yes,62,Yes,Yes,No,No internet service,No internet service,No internet service,No internet service,No internet service,No internet service,Two year,Yes,Bank transfer (automatic),24.25,1424.6,Loyal Low-Spend Customers,No,No,0.84,Low Risk,Maintain Service + Loyalty Communication,Maintain Service Quality
Male,0,Yes,Yes,72,Yes,Yes,Fiber optic,Yes,Yes,Yes,Yes,Yes,Yes,Two year,Yes,Credit card (automatic),114.05,8468.2,Loyal High-Spend Customers,No,No,10.28,Low Risk,Loyalty Rewards + Premium Benefits,Maintain Loyalty Benefits
Male,1,No,No,3,Yes,Yes,Fiber optic,No,No,No,No,No,No,Month-to-month,Yes,Electronic check,77.0,237.75,High-Risk High-Spend Customers,Yes,Yes,89.6,High Risk,Priority Support + Personalized Offer + Long-Term Contract Incentive,Urgent Priority Support + Personalized Offer + Contract Incentive
Female,1,No,No,42,Yes,Yes,Fiber optic,No,Yes,Yes,No,Yes,Yes,Month-to-month,Yes,Bank transfer (automatic),104.75,4323.45,Loyal High-Spend Customers,Yes,Yes,74.08,High Risk,Loyalty Rewards + Premium Benefits,Priority Loyalty Offer + Proactive Support
Female,0,No,No,8,Yes,No,DSL,Yes,No,No,No,Yes,No,Month-to-month,Yes,Electronic check,60.0,487.75,High-Risk High-Spend Customers,No,Yes,62.69,High Risk,Priority Support + Personalized Offer + Long-Term Contract Incentive,Urgent Priority Support + Personalized Offer + Contract Incentive
Female,1,Yes,No,27,Yes,No,Fiber optic,Yes,No,Yes,No,Yes,Yes,Month-to-month,Yes,Electronic check,101.25,2754.45,High-Risk High-Spend Customers,Yes,Yes,76.72,High Risk,Priority Support + Personalized Offer + Long-Term Contract Incentive,Urgent Priority Support + Personalized Offer + Contract Incentive
Female,0,No,No,1,Yes,Yes,Fiber optic,No,No,No,No,No,No,Month-to-month,Yes,Electronic check,74.5,74.5,High-Risk High-Spend Customers,Yes,Yes,90.14,High Risk,Priority Support + Personalized Offer + Long-Term Contract Incentive,Urgent Priority Support + Personalized Offer + Contract Incentive
Female,1,No,No,4,Yes,No,Fiber optic,No,Yes,Yes,No,Yes,Yes,Month-to-month,Yes,Credit card (automatic),99.8,442.85,High-Risk High-Spend Customers,Yes,Yes,85.76,High Risk,Priority Support + Personalized Offer + Long-Term Contract Incentive,Urgent Priority Support + Personalized Offer + Contract Incentive
Female,0,No,No,1,Yes,No,No,No internet service,No internet service,No internet service,No internet service,No internet service,No internet service,Month-to-month,No,Mailed check,19.75,19.75,New Low-Spend Customers,No,No,42.36,Medium Risk,Early Engagement + Welcome Offer + Service Guidance,Early Engagement + Service Guidance
Male,0,No,No,23,Yes,Yes,Fiber optic,No,No,No,Yes,Yes,No,Month-to-month,Yes,Electronic check,90.6,1943.2,High-Risk High-Spend Customers,Yes,Yes,76.85,High Risk,Priority Support + Personalized Offer + Long-Term Contract Incentive,Urgent Priority Support + Personalized Offer + Contract Incentive
Male,0,No,No,39,No,No phone service,DSL,Yes,Yes,No,Yes,Yes,No,Month-to-month,Yes,Credit card (automatic),48.95,1880.85,Loyal Low-Spend Customers,Yes,No,23.51,Low Risk,Maintain Service + Loyalty Communication,Maintain Service Quality
Female,1,Yes,No,33,Yes,Yes,Fiber optic,No,Yes,No,No,No,No,Month-to-month,Yes,Bank transfer (automatic),80.6,2656.5,High-Risk High-Spend Customers,Yes,Yes,62.82,High Risk,Priority Support + Personalized Offer + Long-Term Contract Incentive,Urgent Priority Support + Personalized Offer + Contract Incentive
Male,1,Yes,No,44,Yes,Yes,Fiber optic,No,Yes,No,No,No,Yes,One year,No,Mailed check,88.4,3912.9,Loyal High-Spend Customers,Yes,No,40.16,Medium Risk,Loyalty Rewards + Premium Benefits,Loyalty Reward + Customer Check-In
Male,0,Yes,Yes,1,Yes,Yes,Fiber optic,No,No,No,No,No,No,Month-to-month,Yes,Electronic check,74.5,74.5,High-Risk High-Spend Customers,Yes,Yes,86.91,High Risk,Priority Support + Personalized Offer + Long-Term Contract Incentive,Urgent Priority Support + Personalized Offer + Contract Incentive
Female,0,Yes,Yes,67,No,No phone service,DSL,Yes,No,No,Yes,No,No,Two year,No,Credit card (automatic),35.7,2545.7,Loyal Low-Spend Customers,No,No,0.8,Low Risk,Maintain Service + Loyalty Communication,Maintain Service Quality
Female,0,Yes,Yes,48,Yes,No,DSL,Yes,Yes,Yes,No,No,Yes,Two year,Yes,Credit card (automatic),70.1,3238.4,Loyal Low-Spend Customers,No,No,3.51,Low Risk,Maintain Service + Loyalty Communication,Maintain Service Quality
Male,0,Yes,Yes,6,Yes,No,No,No internet service,No internet service,No internet service,No internet service,No internet service,No internet service,One year,No,Mailed check,19.45,113.5,New Low-Spend Customers,No,No,14.89,Low Risk,Early Engagement + Welcome Offer + Service Guidance,Regular Onboarding Communication
Male,1,Yes,No,24,No,No phone service,DSL,Yes,No,No,No,No,Yes,Month-to-month,No,Bank transfer (automatic),39.1,971.3,New Low-Spend Customers,Yes,No,47.51,Medium Risk,Early Engagement + Welcome Offer + Service Guidance,Early Engagement + Service Guidance
Female,0,Yes,No,4,Yes,No,No,No internet service,No internet service,No internet service,No internet service,No internet service,No internet service,Month-to-month,No,Mailed check,19.6,93.45,New Low-Spend Customers,No,No,38.71,Medium Risk,Early Engagement + Welcome Offer + Service Guidance,Early Engagement + Service Guidance
Male,0,No,No,4,Yes,No,No,No internet service,No internet service,No internet service,No internet service,No internet service,No internet service,One year,No,Mailed check,19.7,117.8,New Low-Spend Customers,No,No,21.67,Low Risk,Early Engagement + Welcome Offer + Service Guidance,Regular Onboarding Communication
Female,1,Yes,No,56,Yes,Yes,DSL,Yes,Yes,Yes,Yes,No,No,One year,Yes,Credit card (automatic),68.45,4014.0,Loyal High-Spend Customers,No,No,5.6,Low Risk,Loyalty Rewards + Premium Benefits,Maintain Loyalty Benefits
Female,0,Yes,Yes,48,Yes,No,No,No internet service,No internet service,No internet service,No internet service,No internet service,No internet service,Two year,No,Mailed check,20.0,935.9,Loyal Low-Spend Customers,No,No,0.92,Low Risk,Maintain Service + Loyalty Communication,Maintain Service Quality
Male,0,Yes,Yes,45,Yes,No,DSL,Yes,No,No,Yes,No,No,Two year,No,Bank transfer (automatic),54.65,2553.7,Loyal Low-Spend Customers,No,No,1.41,Low Risk,Maintain Service + Loyalty Communication,Maintain Service Quality
Female,0,Yes,No,23,Yes,No,DSL,Yes,No,Yes,Yes,No,Yes,One year,Yes,Bank transfer (automatic),68.75,1689.45,High-Risk High-Spend Customers,No,No,15.86,Low Risk,Priority Support + Personalized Offer + Long-Term Contract Incentive,Maintain Premium Relationship
Male,1,Yes,No,72,Yes,Yes,No,No internet service,No internet service,No internet service,No internet service,No internet service,No internet service,Two year,Yes,Bank transfer (automatic),25.0,1802.55,Loyal Low-Spend Customers,No,No,0.78,Low Risk,Maintain Service + Loyalty Communication,Maintain Service Quality
Female,0,No,No,4,Yes,No,No,No internet service,No internet service,No internet service,No internet service,No internet service,No internet service,Month-to-month,No,Bank transfer (automatic),20.95,85.5,New Low-Spend Customers,Yes,No,35.81,Medium Risk,Early Engagement + Welcome Offer + Service Guidance,Early Engagement + Service Guidance
Female,0,Yes,No,54,Yes,Yes,Fiber optic,Yes,Yes,No,No,Yes,Yes,One year,No,Bank transfer (automatic),106.55,5763.3,Loyal High-Spend Customers,Yes,No,26.48,Low Risk,Loyalty Rewards + Premium Benefits,Maintain Loyalty Benefits
Male,0,Yes,No,48,Yes,Yes,Fiber optic,Yes,Yes,Yes,No,Yes,Yes,Month-to-month,Yes,Bank transfer (automatic),111.45,5315.1,Loyal High-Spend Customers,No,Yes,59.11,Medium Risk,Loyalty Rewards + Premium Benefits,Loyalty Reward + Customer Check-In
Male,0,No,No,4,No,No phone service,DSL,No,No,No,No,Yes,Yes,Month-to-month,Yes,Electronic check,44.55,174.3,New Low-Spend Customers,Yes,Yes,89.82,High Risk,Early Engagement + Welcome Offer + Service Guidance,Immediate Welcome Offer + Onboarding Support
Female,1,No,No,7,Yes,No,DSL,No,Yes,Yes,No,Yes,No,Month-to-month,Yes,Electronic check,64.95,493.65,High-Risk High-Spend Customers,No,Yes,72.46,High Risk,Priority Support + Personalized Offer + Long-Term Contract Incentive,Urgent Priority Support + Personalized Offer + Contract Incentive
Female,0,No,No,30,Yes,No,DSL,Yes,No,No,No,No,No,Month-to-month,Yes,Mailed check,48.8,1536.75,Loyal Low-Spend Customers,No,No,27.86,Low Risk,Maintain Service + Loyalty Communication,Maintain Service Quality
Male,0,Yes,No,32,Yes,Yes,Fiber optic,No,No,Yes,No,No,No,Month-to-month,Yes,Electronic check,78.9,2447.95,High-Risk High-Spend Customers,Yes,Yes,77.54,High Risk,Priority Support + Personalized Offer + Long-Term Contract Incentive,Urgent Priority Support + Personalized Offer + Contract Incentive
Male,0,Yes,Yes,65,Yes,No,No,No internet service,No internet service,No internet service,No internet service,No internet service,No internet service,Two year,No,Mailed check,19.9,1292.6,Loyal Low-Spend Customers,No,No,0.39,Low Risk,Maintain Service + Loyalty Communication,Maintain Service Quality
Male,0,Yes,No,14,Yes,No,DSL,No,No,No,No,No,No,One year,No,Electronic check,44.6,641.25,New Low-Spend Customers,No,No,36.88,Medium Risk,Early Engagement + Welcome Offer + Service Guidance,Early Engagement + Service Guidance
Male,0,Yes,Yes,35,Yes,No,No,No internet service,No internet service,No internet service,No internet service,No internet service,No internet service,One year,No,Bank transfer (automatic),20.05,746.75,Loyal Low-Spend Customers,No,No,3.41,Low Risk,Maintain Service + Loyalty Communication,Maintain Service Quality
Female,0,Yes,Yes,1,Yes,Yes,Fiber optic,Yes,No,Yes,No,Yes,Yes,Month-to-month,Yes,Electronic check,102.45,102.45,High-Risk High-Spend Customers,Yes,Yes,86.73,High Risk,Priority Support + Personalized Offer + Long-Term Contract Incentive,Urgent Priority Support + Personalized Offer + Contract Incentive
Female,0,No,No,2,Yes,Yes,Fiber optic,No,No,No,No,No,No,Month-to-month,No,Credit card (automatic),74.9,147.15,High-Risk High-Spend Customers,Yes,Yes,82.46,High Risk,Priority Support + Personalized Offer + Long-Term Contract Incentive,Urgent Priority Support + Personalized Offer + Contract Incentive
Female,0,Yes,Yes,1,Yes,No,No,No internet service,No internet service,No internet service,No internet service,No internet service,No internet service,Month-to-month,No,Electronic check,20.0,20.0,New Low-Spend Customers,No,No,42.88,Medium Risk,Early Engagement + Welcome Offer + Service Guidance,Early Engagement + Service Guidance
Male,0,No,No,1,Yes,No,No,No internet service,No internet service,No internet service,No internet service,No internet service,No internet service,Month-to-month,Yes,Mailed check,18.85,18.85,New Low-Spend Customers,Yes,Yes,50.86,Medium Risk,Early Engagement + Welcome Offer + Service Guidance,Early Engagement + Service Guidance
Male,0,No,No,50,Yes,No,No,No internet service,No internet service,No internet service,No internet service,No internet service,No internet service,One year,No,Credit card (automatic),20.15,989.05,Loyal Low-Spend Customers,No,No,2.43,Low Risk,Maintain Service + Loyalty Communication,Maintain Service Quality
Female,1,No,No,2,Yes,No,Fiber optic,No,No,No,No,Yes,No,Month-to-month,No,Mailed check,81.5,162.55,High-Risk High-Spend Customers,No,Yes,80.33,High Risk,Priority Support + Personalized Offer + Long-Term Contract Incentive,Urgent Priority Support + Personalized Offer + Contract Incentive
Male,0,No,No,4,Yes,Yes,Fiber optic,No,No,No,No,No,No,Month-to-month,Yes,Electronic check,76.05,318.9,High-Risk High-Spend Customers,Yes,Yes,88.92,High Risk,Priority Support + Personalized Offer + Long-Term Contract Incentive,Urgent Priority Support + Personalized Offer + Contract Incentive
Male,1,No,No,25,Yes,Yes,Fiber optic,No,Yes,No,No,Yes,No,Month-to-month,Yes,Electronic check,89.5,2196.15,High-Risk High-Spend Customers,Yes,Yes,82.67,High Risk,Priority Support + Personalized Offer + Long-Term Contract Incentive,Urgent Priority Support + Personalized Offer + Contract Incentive
Male,1,No,No,44,Yes,No,Fiber optic,No,No,Yes,No,No,No,Month-to-month,No,Electronic check,73.85,3122.4,Loyal High-Spend Customers,No,Yes,56.44,Medium Risk,Loyalty Rewards + Premium Benefits,Loyalty Reward + Customer Check-In
Male,0,No,No,18,Yes,No,No,No internet service,No internet service,No internet service,No internet service,No internet service,No internet service,Month-to-month,No,Electronic check,19.0,348.8,New Low-Spend Customers,No,No,31.76,Medium Risk,Early Engagement + Welcome Offer + Service Guidance,Early Engagement + Service Guidance
Female,0,No,No,55,Yes,No,Fiber optic,No,Yes,Yes,No,No,No,Month-to-month,Yes,Electronic check,81.55,4509.5,Loyal High-Spend Customers,No,No,47.27,Medium Risk,Loyalty Rewards + Premium Benefits,Loyalty Reward + Customer Check-In
Male,0,No,Yes,10,Yes,Yes,No,No internet service,No internet service,No internet service,No internet service,No internet service,No internet service,Month-to-month,No,Credit card (automatic),24.8,223.9,New Low-Spend Customers,No,No,32.27,Medium Risk,Early Engagement + Welcome Offer + Service Guidance,Early Engagement + Service Guidance
Female,0,No,No,6,Yes,No,No,No internet service,No internet service,No internet service,No internet service,No internet service,No internet service,Month-to-month,Yes,Mailed check,20.95,109.5,New Low-Spend Customers,No,No,41.4,Medium Risk,Early Engagement + Welcome Offer + Service Guidance,Early Engagement + Service Guidance
Male,0,Yes,Yes,1,Yes,No,Fiber optic,No,No,No,No,No,Yes,Month-to-month,No,Electronic check,80.0,80.0,High-Risk High-Spend Customers,Yes,Yes,82.42,High Risk,Priority Support + Personalized Offer + Long-Term Contract Incentive,Urgent Priority Support + Personalized Offer + Contract Incentive
Male,0,No,No,41,Yes,Yes,DSL,No,No,Yes,No,No,No,Month-to-month,Yes,Bank transfer (automatic),55.7,2237.55,Loyal Low-Spend Customers,No,No,34.7,Medium Risk,Maintain Service + Loyalty Communication,Customer Check-In + Loyalty Communication
Male,0,Yes,Yes,56,Yes,No,DSL,Yes,Yes,Yes,No,No,No,Two year,Yes,Bank transfer (automatic),59.8,3457.45,Loyal Low-Spend Customers,No,No,1.73,Low Risk,Maintain Service + Loyalty Communication,Maintain Service Quality
Male,0,Yes,No,71,Yes,Yes,Fiber optic,Yes,No,Yes,Yes,Yes,Yes,Two year,Yes,Credit card (automatic),108.55,7616.0,Loyal High-Spend Customers,No,No,14.32,Low Risk,Loyalty Rewards + Premium Benefits,Maintain Loyalty Benefits
Female,0,Yes,Yes,24,Yes,No,No,No internet service,No internet service,No internet service,No internet service,No internet service,No internet service,One year,No,Mailed check,19.9,533.5,New Low-Spend Customers,No,No,6.2,Low Risk,Early Engagement + Welcome Offer + Service Guidance,Regular Onboarding Communication
Female,1,No,No,2,Yes,Yes,DSL,No,Yes,No,No,No,No,Month-to-month,Yes,Credit card (automatic),56.55,118.25,New Low-Spend Customers,No,Yes,69.78,High Risk,Early Engagement + Welcome Offer + Service Guidance,Immediate Welcome Offer + Onboarding Support
Female,0,No,No,3,Yes,Yes,DSL,No,No,No,Yes,Yes,No,Month-to-month,No,Electronic check,64.6,174.2,High-Risk High-Spend Customers,No,Yes,68.51,High Risk,Priority Support + Personalized Offer + Long-Term Contract Incentive,Urgent Priority Support + Personalized Offer + Contract Incentive
Female,0,Yes,No,71,Yes,Yes,No,No internet service,No internet service,No internet service,No internet service,No internet service,No internet service,Two year,Yes,Credit card (automatic),24.45,1681.6,Loyal Low-Spend Customers,No,No,0.82,Low Risk,Maintain Service + Loyalty Communication,Maintain Service Quality
Male,0,No,No,9,Yes,No,No,No internet service,No internet service,No internet service,No internet service,No internet service,No internet service,Month-to-month,Yes,Mailed check,18.95,185.6,New Low-Spend Customers,Yes,No,40.43,Medium Risk,Early Engagement + Welcome Offer + Service Guidance,Early Engagement + Service Guidance
Male,1,Yes,No,53,Yes,Yes,Fiber optic,No,Yes,Yes,No,Yes,Yes,Month-to-month,Yes,Electronic check,103.85,5485.5,Loyal High-Spend Customers,Yes,Yes,78.64,High Risk,Loyalty Rewards + Premium Benefits,Priority Loyalty Offer + Proactive Support
Male,0,Yes,Yes,60,Yes,No,DSL,Yes,Yes,No,Yes,Yes,Yes,Month-to-month,Yes,Credit card (automatic),79.05,4663.4,Loyal High-Spend Customers,No,No,9.34,Low Risk,Loyalty Rewards + Premium Benefits,Maintain Loyalty Benefits
Female,0,Yes,Yes,71,Yes,Yes,Fiber optic,No,Yes,Yes,No,No,Yes,Two year,Yes,Credit card (automatic),95.75,6849.4,Loyal High-Spend Customers,No,No,13.07,Low Risk,Loyalty Rewards + Premium Benefits,Maintain Loyalty Benefits
Female,1,No,No,22,Yes,No,Fiber optic,Yes,Yes,No,No,No,No,Month-to-month,No,Electronic check,81.7,1820.9,High-Risk High-Spend Customers,No,Yes,54.61,Medium Risk,Priority Support + Personalized Offer + Long-Term Contract Incentive,Proactive Support + Personalized Offer
Female,0,No,No,39,Yes,No,Fiber optic,No,No,Yes,Yes,No,No,Two year,Yes,Electronic check,80.45,3201.55,High-Risk High-Spend Customers,Yes,No,20.38,Low Risk,Priority Support + Personalized Offer + Long-Term Contract Incentive,Maintain Premium Relationship
Male,0,No,No,1,Yes,No,DSL,No,No,Yes,No,No,No,Month-to-month,Yes,Electronic check,50.5,50.5,New Low-Spend Customers,Yes,Yes,76.01,High Risk,Early Engagement + Welcome Offer + Service Guidance,Immediate Welcome Offer + Onboarding Support
Male,0,No,No,17,Yes,No,No,No internet service,No internet service,No internet service,No internet service,No internet service,No internet service,One year,Yes,Mailed check,20.5,365.8,New Low-Spend Customers,No,No,15.08,Low Risk,Early Engagement + Welcome Offer + Service Guidance,Regular Onboarding Communication
Female,0,No,No,9,Yes,No,Fiber optic,No,No,No,No,Yes,Yes,Month-to-month,Yes,Mailed check,88.4,788.6,High-Risk High-Spend Customers,No,Yes,85.6,High Risk,Priority Support + Personalized Offer + Long-Term Contract Incentive,Urgent Priority Support + Personalized Offer + Contract Incentive
Female,0,No,No,12,Yes,Yes,Fiber optic,Yes,No,No,No,No,No,Month-to-month,Yes,Electronic check,78.95,927.35,High-Risk High-Spend Customers,Yes,Yes,79.17,High Risk,Priority Support + Personalized Offer + Long-Term Contract Incentive,Urgent Priority Support + Personalized Offer + Contract Incentive
Female,0,Yes,No,24,Yes,No,No,No internet service,No internet service,No internet service,No internet service,No internet service,No internet service,One year,No,Mailed check,20.15,456.85,New Low-Spend Customers,No,No,8.25,Low Risk,Early Engagement + Welcome Offer + Service Guidance,Regular Onboarding Communication
Female,0,Yes,No,21,Yes,Yes,Fiber optic,No,No,No,No,No,Yes,Month-to-month,Yes,Electronic check,86.5,1808.7,High-Risk High-Spend Customers,Yes,Yes,85.56,High Risk,Priority Support + Personalized Offer + Long-Term Contract Incentive,Urgent Priority Support + Personalized Offer + Contract Incentive
Female,0,No,No,54,Yes,No,Fiber optic,Yes,Yes,No,No,Yes,Yes,One year,Yes,Credit card (automatic),100.05,5299.65,Loyal High-Spend Customers,No,No,26.36,Low Risk,Loyalty Rewards + Premium Benefits,Maintain Loyalty Benefits
Male,0,No,No,1,Yes,No,No,No internet service,No internet service,No internet service,No internet service,No internet service,No internet service,Month-to-month,Yes,Mailed check,20.1,20.1,New Low-Spend Customers,Yes,No,49.58,Medium Risk,Early Engagement + Welcome Offer + Service Guidance,Early Engagement + Service Guidance
Female,0,No,No,1,Yes,No,No,No internet service,No internet service,No internet service,No internet service,No internet service,No internet service,Month-to-month,No,Mailed check,20.4,20.4,New Low-Spend Customers,Yes,No,41.71,Medium Risk,Early Engagement + Welcome Offer + Service Guidance,Early Engagement + Service Guidance
Female,0,Yes,Yes,65,Yes,Yes,DSL,Yes,Yes,No,Yes,Yes,Yes,Two year,Yes,Bank transfer (automatic),82.5,5215.1,Loyal High-Spend Customers,No,No,2.44,Low Risk,Loyalty Rewards + Premium Benefits,Maintain Loyalty Benefits
Male,0,No,No,26,Yes,No,DSL,Yes,No,No,Yes,Yes,Yes,One year,No,Bank transfer (automatic),75.0,1908.35,High-Risk High-Spend Customers,No,No,13.12,Low Risk,Priority Support + Personalized Offer + Long-Term Contract Incentive,Maintain Premium Relationship
Female,0,No,No,13,Yes,Yes,Fiber optic,Yes,Yes,No,No,Yes,No,Month-to-month,Yes,Electronic check,96.65,1244.5,High-Risk High-Spend Customers,Yes,Yes,77.19,High Risk,Priority Support + Personalized Offer + Long-Term Contract Incentive,Urgent Priority Support + Personalized Offer + Contract Incentive
Male,1,No,No,34,Yes,No,Fiber optic,No,No,No,No,No,No,Month-to-month,No,Credit card (automatic),69.15,2275.1,High-Risk High-Spend Customers,No,Yes,55.06,Medium Risk,Priority Support + Personalized Offer + Long-Term Contract Incentive,Proactive Support + Personalized Offer
Male,0,Yes,No,72,Yes,Yes,No,No internet service,No internet service,No internet service,No internet service,No internet service,No internet service,Two year,No,Credit card (automatic),25.75,1864.2,Loyal Low-Spend Customers,No,No,0.61,Low Risk,Maintain Service + Loyalty Communication,Maintain Service Quality
Female,0,No,No,6,Yes,No,Fiber optic,No,No,Yes,No,No,Yes,Month-to-month,No,Electronic check,83.9,497.55,High-Risk High-Spend Customers,Yes,Yes,85.41,High Risk,Priority Support + Personalized Offer + Long-Term Contract Incentive,Urgent Priority Support + Personalized Offer + Contract Incentive
Male,0,No,No,24,Yes,No,Fiber optic,No,No,No,No,Yes,Yes,Month-to-month,Yes,Electronic check,90.35,2238.5,High-Risk High-Spend Customers,Yes,Yes,84.71,High Risk,Priority Support + Personalized Offer + Long-Term Contract Incentive,Urgent Priority Support + Personalized Offer + Contract Incentive
Female,0,No,No,2,Yes,No,No,No internet service,No internet service,No internet service,No internet service,No internet service,No internet service,Month-to-month,Yes,Mailed check,20.45,42.45,New Low-Spend Customers,No,No,47.2,Medium Risk,Early Engagement + Welcome Offer + Service Guidance,Early Engagement + Service Guidance
Male,0,No,No,6,Yes,No,DSL,No,Yes,No,No,Yes,No,Month-to-month,No,Electronic check,59.45,357.6,High-Risk High-Spend Customers,No,Yes,65.98,High Risk,Priority Support + Personalized Offer + Long-Term Contract Incentive,Urgent Priority Support + Personalized Offer + Contract Incentive
Male,0,Yes,Yes,67,Yes,No,DSL,Yes,Yes,No,No,No,No,Two year,Yes,Bank transfer (automatic),54.2,3838.2,Loyal Low-Spend Customers,No,No,1.05,Low Risk,Maintain Service + Loyalty Communication,Maintain Service Quality
Male,1,Yes,Yes,35,Yes,No,DSL,No,Yes,No,Yes,Yes,Yes,Month-to-month,Yes,Electronic check,76.05,2747.2,High-Risk High-Spend Customers,No,No,36.15,Medium Risk,Priority Support + Personalized Offer + Long-Term Contract Incentive,Proactive Support + Personalized Offer
Female,0,No,No,29,No,No phone service,DSL,No,No,No,Yes,No,No,Month-to-month,Yes,Electronic check,31.2,926.2,New Low-Spend Customers,No,No,47.37,Medium Risk,Early Engagement + Welcome Offer + Service Guidance,Early Engagement + Service Guidance
Female,0,No,Yes,21,Yes,No,DSL,Yes,No,Yes,No,No,Yes,One year,No,Mailed check,64.85,1336.8,High-Risk High-Spend Customers,No,No,14.85,Low Risk,Priority Support + Personalized Offer + Long-Term Contract Incentive,Maintain Premium Relationship
Male,0,Yes,Yes,27,Yes,Yes,Fiber optic,No,No,No,No,No,No,Month-to-month,Yes,Bank transfer (automatic),75.75,1929.0,High-Risk High-Spend Customers,No,Yes,61.69,High Risk,Priority Support + Personalized Offer + Long-Term Contract Incentive,Urgent Priority Support + Personalized Offer + Contract Incentive
Male,1,Yes,No,1,No,No phone service,DSL,No,No,No,No,No,No,Month-to-month,No,Electronic check,25.05,25.05,New Low-Spend Customers,Yes,Yes,83.74,High Risk,Early Engagement + Welcome Offer + Service Guidance,Immediate Welcome Offer + Onboarding Support
Male,0,Yes,No,72,Yes,Yes,DSL,Yes,Yes,Yes,Yes,Yes,Yes,Two year,No,Credit card (automatic),92.3,6719.9,Loyal High-Spend Customers,No,No,2.73,Low Risk,Loyalty Rewards + Premium Benefits,Maintain Loyalty Benefits
Male,0,Yes,Yes,62,Yes,Yes,Fiber optic,Yes,Yes,No,No,Yes,Yes,Month-to-month,Yes,Electronic check,105.5,6487.2,Loyal High-Spend Customers,No,Yes,51.71,Medium Risk,Loyalty Rewards + Premium Benefits,Loyalty Reward + Customer Check-In
Male,0,Yes,No,17,Yes,Yes,Fiber optic,No,Yes,Yes,No,Yes,Yes,Month-to-month,Yes,Electronic check,102.55,1742.5,High-Risk High-Spend Customers,No,Yes,89.53,High Risk,Priority Support + Personalized Offer + Long-Term Contract Incentive,Urgent Priority Support + Personalized Offer + Contract Incentive
Male,1,No,No,14,Yes,No,Fiber optic,No,No,No,No,Yes,Yes,Month-to-month,No,Credit card (automatic),90.45,1266.1,High-Risk High-Spend Customers,Yes,Yes,80.8,High Risk,Priority Support + Personalized Offer + Long-Term Contract Incentive,Urgent Priority Support + Personalized Offer + Contract Incentive
Female,0,Yes,No,5,Yes,No,Fiber optic,No,No,No,No,No,No,Month-to-month,No,Electronic check,69.95,330.15,High-Risk High-Spend Customers,Yes,Yes,81.1,High Risk,Priority Support + Personalized Offer + Long-Term Contract Incentive,Urgent Priority Support + Personalized Offer + Contract Incentive
Female,0,No,No,1,Yes,No,Fiber optic,No,No,Yes,No,No,No,Month-to-month,No,Electronic check,76.35,76.35,High-Risk High-Spend Customers,Yes,Yes,82.74,High Risk,Priority Support + Personalized Offer + Long-Term Contract Incentive,Urgent Priority Support + Personalized Offer + Contract Incentive
Male,0,No,No,18,Yes,Yes,Fiber optic,No,No,No,No,No,No,Month-to-month,No,Mailed check,74.15,1387.0,High-Risk High-Spend Customers,No,Yes,73.8,High Risk,Priority Support + Personalized Offer + Long-Term Contract Incentive,Urgent Priority Support + Personalized Offer + Contract Incentive
Female,0,No,No,35,Yes,Yes,DSL,Yes,No,Yes,Yes,Yes,Yes,One year,Yes,Credit card (automatic),85.95,3110.1,High-Risk High-Spend Customers,Yes,No,20.14,Low Risk,Priority Support + Personalized Offer + Long-Term Contract Incentive,Maintain Premium Relationship
Female,0,Yes,Yes,14,Yes,No,No,No internet service,No internet service,No internet service,No internet service,No internet service,No internet service,Two year,Yes,Mailed check,19.7,263.65,New Low-Spend Customers,No,No,6.91,Low Risk,Early Engagement + Welcome Offer + Service Guidance,Regular Onboarding Communication
Female,0,Yes,Yes,30,Yes,No,No,No internet service,No internet service,No internet service,No internet service,No internet service,No internet service,Two year,No,Mailed check,19.3,602.9,New Low-Spend Customers,No,No,2.42,Low Risk,Early Engagement + Welcome Offer + Service Guidance,Regular Onboarding Communication
Male,0,No,Yes,13,Yes,No,Fiber optic,No,No,No,No,Yes,No,Month-to-month,Yes,Credit card (automatic),78.3,1033.95,High-Risk High-Spend Customers,No,Yes,75.16,High Risk,Priority Support + Personalized Offer + Long-Term Contract Incentive,Urgent Priority Support + Personalized Offer + Contract Incentive
Male,0,No,No,64,Yes,Yes,DSL,Yes,Yes,Yes,Yes,Yes,No,One year,No,Electronic check,81.25,5567.55,Loyal High-Spend Customers,No,No,6.39,Low Risk,Loyalty Rewards + Premium Benefits,Maintain Loyalty Benefits
Female,0,No,No,12,Yes,No,No,No internet service,No internet service,No internet service,No internet service,No internet service,No internet service,One year,No,Mailed check,19.7,260.9,New Low-Spend Customers,No,No,14.93,Low Risk,Early Engagement + Welcome Offer + Service Guidance,Regular Onboarding Communication
Female,0,Yes,No,72,Yes,Yes,No,No internet service,No internet service,No internet service,No internet service,No internet service,No internet service,Two year,No,Bank transfer (automatic),24.65,1830.05,Loyal Low-Spend Customers,No,No,0.55,Low Risk,Maintain Service + Loyalty Communication,Maintain Service Quality
Male,0,No,No,57,No,No phone service,DSL,Yes,No,Yes,No,Yes,Yes,Month-to-month,Yes,Electronic check,53.75,3196.0,Loyal Low-Spend Customers,No,No,39.3,Medium Risk,Maintain Service + Loyalty Communication,Customer Check-In + Loyalty Communication
Male,0,Yes,No,61,Yes,Yes,DSL,Yes,No,Yes,No,No,Yes,Two year,Yes,Mailed check,69.9,4226.7,Loyal High-Spend Customers,No,No,5.4,Low Risk,Loyalty Rewards + Premium Benefits,Maintain Loyalty Benefits
Female,1,No,No,72,Yes,Yes,Fiber optic,Yes,Yes,No,Yes,Yes,Yes,Two year,Yes,Bank transfer (automatic),110.1,7746.7,Loyal High-Spend Customers,No,No,10.14,Low Risk,Loyalty Rewards + Premium Benefits,Maintain Loyalty Benefits
Male,0,Yes,Yes,68,Yes,Yes,Fiber optic,Yes,Yes,Yes,Yes,Yes,Yes,Two year,Yes,Bank transfer (automatic),114.7,7849.85,Loyal High-Spend Customers,No,No,9.29,Low Risk,Loyalty Rewards + Premium Benefits,Maintain Loyalty Benefits
Male,0,Yes,No,17,Yes,No,Fiber optic,No,No,No,No,No,No,Month-to-month,Yes,Bank transfer (automatic),70.4,1214.05,High-Risk High-Spend Customers,Yes,Yes,70.69,High Risk,Priority Support + Personalized Offer + Long-Term Contract Incentive,Urgent Priority Support + Personalized Offer + Contract Incentive
Male,0,No,No,16,Yes,No,DSL,No,No,No,Yes,No,No,Month-to-month,Yes,Mailed check,49.45,799.0,New Low-Spend Customers,No,No,41.44,Medium Risk,Early Engagement + Welcome Offer + Service Guidance,Early Engagement + Service Guidance
Male,0,Yes,Yes,10,Yes,No,No,No internet service,No internet service,No internet service,No internet service,No internet service,No internet service,One year,No,Mailed check,20.45,242.4,New Low-Spend Customers,No,No,12.15,Low Risk,Early Engagement + Welcome Offer + Service Guidance,Regular Onboarding Communication
Female,1,No,No,1,No,No phone service,DSL,No,No,No,No,No,No,Month-to-month,Yes,Electronic check,25.2,25.2,New Low-Spend Customers,Yes,Yes,86.82,High Risk,Early Engagement + Welcome Offer + Service Guidance,Immediate Welcome Offer + Onboarding Support
Female,0,Yes,Yes,46,Yes,No,Fiber optic,No,No,Yes,Yes,No,Yes,One year,No,Bank transfer (automatic),90.95,4236.6,Loyal High-Spend Customers,No,No,16.79,Low Risk,Loyalty Rewards + Premium Benefits,Maintain Loyalty Benefits
Male,0,No,Yes,40,Yes,No,DSL,Yes,Yes,No,No,No,No,Month-to-month,Yes,Mailed check,55.25,2139.2,Loyal Low-Spend Customers,Yes,No,12.37,Low Risk,Maintain Service + Loyalty Communication,Maintain Service Quality
Male,0,No,No,62,Yes,No,No,No internet service,No internet service,No internet service,No internet service,No internet service,No internet service,Two year,Yes,Credit card (automatic),20.05,1201.65,Loyal Low-Spend Customers,No,No,0.88,Low Risk,Maintain Service + Loyalty Communication,Maintain Service Quality
Female,0,No,No,61,Yes,Yes,Fiber optic,No,No,Yes,No,No,Yes,Month-to-month,No,Mailed check,89.2,5500.6,Loyal High-Spend Customers,No,Yes,52.8,Medium Risk,Loyalty Rewards + Premium Benefits,Loyalty Reward + Customer Check-In
Male,0,No,No,1,Yes,No,DSL,No,No,No,No,No,No,Month-to-month,Yes,Bank transfer (automatic),45.1,45.1,New Low-Spend Customers,Yes,Yes,66.93,High Risk,Early Engagement + Welcome Offer + Service Guidance,Immediate Welcome Offer + Onboarding Support
Female,1,Yes,No,53,Yes,No,Fiber optic,No,Yes,Yes,Yes,Yes,No,One year,Yes,Electronic check,94.0,4871.45,Loyal High-Spend Customers,No,No,29.41,Low Risk,Loyalty Rewards + Premium Benefits,Maintain Loyalty Benefits
Male,0,Yes,No,3,No,No phone service,DSL,No,No,No,No,No,No,Month-to-month,No,Mailed check,25.0,78.25,New Low-Spend Customers,No,Yes,74.67,High Risk,Early Engagement + Welcome Offer + Service Guidance,Immediate Welcome Offer + Onboarding Support
Male,0,Yes,No,3,Yes,Yes,No,No internet service,No internet service,No internet service,No internet service,No internet service,No internet service,Month-to-month,Yes,Mailed check,23.6,89.05,New Low-Spend Customers,No,Yes,56.24,Medium Risk,Early Engagement + Welcome Offer + Service Guidance,Early Engagement + Service Guidance
Male,0,No,No,31,Yes,No,Fiber optic,No,Yes,No,No,Yes,Yes,Month-to-month,Yes,Electronic check,94.5,2979.2,High-Risk High-Spend Customers,No,Yes,79.25,High Risk,Priority Support + Personalized Offer + Long-Term Contract Incentive,Urgent Priority Support + Personalized Offer + Contract Incentive
Female,0,Yes,Yes,53,Yes,No,Fiber optic,No,Yes,Yes,Yes,Yes,Yes,Month-to-month,Yes,Bank transfer (automatic),108.25,5935.1,Loyal High-Spend Customers,No,No,38.97,Medium Risk,Loyalty Rewards + Premium Benefits,Loyalty Reward + Customer Check-In
Male,0,No,No,6,Yes,No,DSL,Yes,No,Yes,Yes,Yes,Yes,Two year,Yes,Mailed check,80.25,493.4,High-Risk High-Spend Customers,No,No,18.17,Low Risk,Priority Support + Personalized Offer + Long-Term Contract Incentive,Maintain Premium Relationship
Female,0,No,No,15,Yes,No,Fiber optic,No,No,Yes,No,Yes,Yes,Month-to-month,Yes,Credit card (automatic),94.0,1505.45,High-Risk High-Spend Customers,No,Yes,84.55,High Risk,Priority Support + Personalized Offer + Long-Term Contract Incentive,Urgent Priority Support + Personalized Offer + Contract Incentive
Female,1,Yes,Yes,72,Yes,Yes,DSL,Yes,Yes,Yes,Yes,Yes,Yes,Two year,Yes,Credit card (automatic),89.55,6448.85,Loyal High-Spend Customers,No,No,2.75,Low Risk,Loyalty Rewards + Premium Benefits,Maintain Loyalty Benefits
Male,0,Yes,No,40,Yes,No,DSL,No,Yes,No,No,No,No,Month-to-month,Yes,Mailed check,50.15,2058.5,Loyal Low-Spend Customers,No,No,24.87,Low Risk,Maintain Service + Loyalty Communication,Maintain Service Quality
Male,0,No,No,1,Yes,No,No,No internet service,No internet service,No internet service,No internet service,No internet service,No internet service,Month-to-month,No,Mailed check,19.75,19.75,New Low-Spend Customers,Yes,No,43.07,Medium Risk,Early Engagement + Welcome Offer + Service Guidance,Early Engagement + Service Guidance
Female,0,No,No,36,No,No phone service,DSL,No,Yes,No,Yes,No,No,Month-to-month,Yes,Bank transfer (automatic),34.85,1267.2,Loyal Low-Spend Customers,No,No,26.07,Low Risk,Maintain Service + Loyalty Communication,Maintain Service Quality
Female,0,No,No,8,Yes,Yes,Fiber optic,No,No,No,No,Yes,No,Month-to-month,Yes,Electronic check,87.05,762.1,High-Risk High-Spend Customers,Yes,Yes,89.23,High Risk,Priority Support + Personalized Offer + Long-Term Contract Incentive,Urgent Priority Support + Personalized Offer + Contract Incentive
Female,0,Yes,No,5,Yes,No,Fiber optic,No,No,No,No,No,No,Month-to-month,Yes,Electronic check,68.95,351.5,High-Risk High-Spend Customers,No,Yes,85.59,High Risk,Priority Support + Personalized Offer + Long-Term Contract Incentive,Urgent Priority Support + Personalized Offer + Contract Incentive
Female,1,Yes,No,66,Yes,Yes,Fiber optic,No,Yes,Yes,No,Yes,Yes,One year,No,Credit card (automatic),104.6,6819.45,Loyal High-Spend Customers,No,No,36.5,Medium Risk,Loyalty Rewards + Premium Benefits,Loyalty Reward + Customer Check-In
Male,0,No,No,30,Yes,No,DSL,Yes,Yes,No,Yes,Yes,No,One year,No,Electronic check,70.4,2044.75,High-Risk High-Spend Customers,No,No,10.5,Low Risk,Priority Support + Personalized Offer + Long-Term Contract Incentive,Maintain Premium Relationship
Female,0,No,Yes,7,No,No phone service,DSL,Yes,No,No,No,No,No,Month-to-month,No,Mailed check,29.8,201.95,New Low-Spend Customers,No,No,49.73,Medium Risk,Early Engagement + Welcome Offer + Service Guidance,Early Engagement + Service Guidance
Male,1,Yes,No,7,Yes,Yes,Fiber optic,No,No,Yes,No,Yes,Yes,Month-to-month,Yes,Electronic check,99.25,665.45,High-Risk High-Spend Customers,Yes,Yes,93.25,High Risk,Priority Support + Personalized Offer + Long-Term Contract Incentive,Urgent Priority Support + Personalized Offer + Contract Incentive
Male,0,No,No,57,No,No phone service,DSL,No,No,Yes,Yes,Yes,Yes,Two year,No,Credit card (automatic),53.35,3090.05,Loyal Low-Spend Customers,No,No,7.05,Low Risk,Maintain Service + Loyalty Communication,Maintain Service Quality
Female,0,Yes,Yes,1,Yes,No,DSL,No,No,Yes,No,No,No,Month-to-month,No,Mailed check,50.45,50.45,New Low-Spend Customers,Yes,Yes,53.02,Medium Risk,Early Engagement + Welcome Offer + Service Guidance,Early Engagement + Service Guidance
Female,0,No,No,1,Yes,No,DSL,No,No,No,No,No,No,Month-to-month,No,Mailed check,45.35,45.35,New Low-Spend Customers,No,Yes,61.29,High Risk,Early Engagement + Welcome Offer + Service Guidance,Immediate Welcome Offer + Onboarding Support
Male,1,No,No,22,Yes,Yes,Fiber optic,No,No,No,Yes,Yes,No,Month-to-month,Yes,Bank transfer (automatic),90.5,1910.6,High-Risk High-Spend Customers,Yes,Yes,70.7,High Risk,Priority Support + Personalized Offer + Long-Term Contract Incentive,Urgent Priority Support + Personalized Offer + Contract Incentive
Female,0,Yes,Yes,1,Yes,No,Fiber optic,No,No,No,No,Yes,No,Month-to-month,Yes,Mailed check,80.05,80.05,High-Risk High-Spend Customers,Yes,Yes,79.37,High Risk,Priority Support + Personalized Offer + Long-Term Contract Incentive,Urgent Priority Support + Personalized Offer + Contract Incentive
Female,0,No,No,16,Yes,Yes,Fiber optic,No,No,No,No,No,No,Month-to-month,Yes,Credit card (automatic),74.75,1129.35,High-Risk High-Spend Customers,No,Yes,79.13,High Risk,Priority Support + Personalized Offer + Long-Term Contract Incentive,Urgent Priority Support + Personalized Offer + Contract Incentive
Male,0,Yes,Yes,56,Yes,Yes,No,No internet service,No internet service,No internet service,No internet service,No internet service,No internet service,Two year,No,Bank transfer (automatic),24.15,1402.25,Loyal Low-Spend Customers,No,No,0.9,Low Risk,Maintain Service + Loyalty Communication,Maintain Service Quality
Male,0,No,No,40,Yes,Yes,Fiber optic,No,Yes,Yes,No,Yes,Yes,Month-to-month,Yes,Mailed check,102.65,4108.15,Loyal High-Spend Customers,No,Yes,76.91,High Risk,Loyalty Rewards + Premium Benefits,Priority Loyalty Offer + Proactive Support
Female,0,Yes,Yes,8,Yes,No,No,No internet service,No internet service,No internet service,No internet service,No internet service,No internet service,Month-to-month,No,Credit card (automatic),21.05,139.75,New Low-Spend Customers,No,No,26.07,Low Risk,Early Engagement + Welcome Offer + Service Guidance,Regular Onboarding Communication
Female,0,Yes,Yes,35,Yes,Yes,DSL,Yes,No,Yes,Yes,Yes,No,Month-to-month,No,Electronic check,72.25,2568.55,High-Risk High-Spend Customers,Yes,No,25.25,Low Risk,Priority Support + Personalized Offer + Long-Term Contract Incentive,Maintain Premium Relationship
Male,0,No,No,63,Yes,Yes,Fiber optic,No,Yes,No,Yes,Yes,Yes,Month-to-month,No,Electronic check,105.4,6713.2,Loyal High-Spend Customers,No,Yes,54.59,Medium Risk,Loyalty Rewards + Premium Benefits,Loyalty Reward + Customer Check-In
Female,0,Yes,No,7,Yes,No,DSL,Yes,No,No,No,No,No,Month-to-month,Yes,Bank transfer (automatic),50.3,355.1,New Low-Spend Customers,No,No,46.9,Medium Risk,Early Engagement + Welcome Offer + Service Guidance,Early Engagement + Service Guidance
Male,0,No,No,22,Yes,Yes,No,No internet service,No internet service,No internet service,No internet service,No internet service,No internet service,Month-to-month,Yes,Credit card (automatic),24.85,493.4,New Low-Spend Customers,No,No,32.22,Medium Risk,Early Engagement + Welcome Offer + Service Guidance,Early Engagement + Service Guidance
Male,0,No,No,5,Yes,No,DSL,No,Yes,No,Yes,No,Yes,Month-to-month,Yes,Bank transfer (automatic),65.6,339.9,High-Risk High-Spend Customers,No,Yes,51.09,Medium Risk,Priority Support + Personalized Offer + Long-Term Contract Incentive,Proactive Support + Personalized Offer
Female,1,No,Yes,33,Yes,Yes,Fiber optic,No,Yes,Yes,No,Yes,Yes,Month-to-month,Yes,Bank transfer (automatic),105.35,3465.05,High-Risk High-Spend Customers,No,Yes,71.6,High Risk,Priority Support + Personalized Offer + Long-Term Contract Incentive,Urgent Priority Support + Personalized Offer + Contract Incentive
Male,0,Yes,Yes,44,Yes,Yes,No,No internet service,No internet service,No internet service,No internet service,No internet service,No internet service,One year,No,Electronic check,24.85,1013.6,Loyal Low-Spend Customers,No,No,4.64,Low Risk,Maintain Service + Loyalty Communication,Maintain Service Quality
Female,0,Yes,No,46,Yes,Yes,Fiber optic,No,Yes,No,Yes,Yes,Yes,One year,Yes,Electronic check,103.15,4594.65,Loyal High-Spend Customers,No,No,48.71,Medium Risk,Loyalty Rewards + Premium Benefits,Loyalty Reward + Customer Check-In
Female,1,Yes,No,62,Yes,Yes,Fiber optic,No,Yes,Yes,No,Yes,No,One year,Yes,Credit card (automatic),97.95,5936.55,Loyal High-Spend Customers,No,No,32.51,Medium Risk,Loyalty Rewards + Premium Benefits,Loyalty Reward + Customer Check-In
Female,0,No,No,1,Yes,No,Fiber optic,No,No,Yes,No,No,No,Month-to-month,No,Electronic check,75.3,75.3,High-Risk High-Spend Customers,Yes,Yes,83.34,High Risk,Priority Support + Personalized Offer + Long-Term Contract Incentive,Urgent Priority Support + Personalized Offer + Contract Incentive
Male,0,No,No,6,No,No phone service,DSL,No,Yes,No,No,No,No,Month-to-month,Yes,Credit card (automatic),30.5,208.7,New Low-Spend Customers,Yes,Yes,73.27,High Risk,Early Engagement + Welcome Offer + Service Guidance,Immediate Welcome Offer + Onboarding Support
Male,1,No,No,27,Yes,Yes,Fiber optic,No,Yes,No,No,No,No,Month-to-month,Yes,Electronic check,81.45,2122.05,High-Risk High-Spend Customers,Yes,Yes,75.92,High Risk,Priority Support + Personalized Offer + Long-Term Contract Incentive,Urgent Priority Support + Personalized Offer + Contract Incentive
Female,0,Yes,No,50,Yes,Yes,DSL,No,No,Yes,No,Yes,Yes,One year,No,Bank transfer (automatic),75.7,3876.2,Loyal High-Spend Customers,No,No,20.72,Low Risk,Loyalty Rewards + Premium Benefits,Maintain Loyalty Benefits
Male,1,No,No,15,Yes,No,Fiber optic,No,No,No,No,No,Yes,Month-to-month,Yes,Electronic check,79.4,1156.1,High-Risk High-Spend Customers,Yes,Yes,85.91,High Risk,Priority Support + Personalized Offer + Long-Term Contract Incentive,Urgent Priority Support + Personalized Offer + Contract Incentive
Male,0,No,No,3,Yes,Yes,Fiber optic,No,No,No,No,No,Yes,Month-to-month,Yes,Electronic check,85.3,264.8,High-Risk High-Spend Customers,Yes,Yes,91.74,High Risk,Priority Support + Personalized Offer + Long-Term Contract Incentive,Urgent Priority Support + Personalized Offer + Contract Incentive
Male,0,No,No,2,Yes,No,Fiber optic,No,No,No,No,Yes,No,Month-to-month,Yes,Electronic check,79.95,174.45,High-Risk High-Spend Customers,No,Yes,88.91,High Risk,Priority Support + Personalized Offer + Long-Term Contract Incentive,Urgent Priority Support + Personalized Offer + Contract Incentive
Male,0,No,No,2,Yes,No,DSL,No,No,No,Yes,Yes,Yes,Month-to-month,No,Electronic check,70.3,132.4,High-Risk High-Spend Customers,No,Yes,68.35,High Risk,Priority Support + Personalized Offer + Long-Term Contract Incentive,Urgent Priority Support + Personalized Offer + Contract Incentive
Male,0,Yes,Yes,66,No,No phone service,DSL,No,No,Yes,Yes,Yes,Yes,Two year,No,Bank transfer (automatic),54.65,3632.0,Loyal Low-Spend Customers,No,No,3.09,Low Risk,Maintain Service + Loyalty Communication,Maintain Service Quality
Female,0,Yes,No,6,Yes,No,DSL,No,No,No,No,No,No,Month-to-month,No,Mailed check,45.65,323.45,New Low-Spend Customers,No,Yes,55.97,Medium Risk,Early Engagement + Welcome Offer + Service Guidance,Early Engagement + Service Guidance
Female,1,No,No,19,Yes,No,Fiber optic,Yes,Yes,No,Yes,Yes,Yes,Month-to-month,Yes,Mailed check,105.0,2007.25,High-Risk High-Spend Customers,No,Yes,57.98,Medium Risk,Priority Support + Personalized Offer + Long-Term Contract Incentive,Proactive Support + Personalized Offer
Male,1,Yes,No,16,Yes,Yes,Fiber optic,No,No,No,No,Yes,No,Month-to-month,Yes,Credit card (automatic),85.05,1391.15,High-Risk High-Spend Customers,No,Yes,84.58,High Risk,Priority Support + Personalized Offer + Long-Term Contract Incentive,Urgent Priority Support + Personalized Offer + Contract Incentive
Male,1,Yes,Yes,66,Yes,Yes,Fiber optic,No,No,Yes,No,Yes,Yes,Month-to-month,Yes,Credit card (automatic),99.5,6822.15,Loyal High-Spend Customers,Yes,Yes,62.69,High Risk,Loyalty Rewards + Premium Benefits,Priority Loyalty Offer + Proactive Support
Male,1,No,No,54,Yes,Yes,Fiber optic,No,Yes,No,No,No,Yes,Month-to-month,Yes,Electronic check,90.05,4931.8,Loyal High-Spend Customers,No,Yes,69.19,High Risk,Loyalty Rewards + Premium Benefits,Priority Loyalty Offer + Proactive Support
Female,0,Yes,No,49,No,No phone service,DSL,No,Yes,No,Yes,Yes,Yes,One year,Yes,Credit card (automatic),56.3,2780.6,Loyal Low-Spend Customers,No,No,15.8,Low Risk,Maintain Service + Loyalty Communication,Maintain Service Quality
Male,0,No,No,7,Yes,No,Fiber optic,Yes,No,No,No,No,No,Month-to-month,No,Mailed check,74.35,533.6,High-Risk High-Spend Customers,No,Yes,63.38,High Risk,Priority Support + Personalized Offer + Long-Term Contract Incentive,Urgent Priority Support + Personalized Offer + Contract Incentive
Female,0,No,No,10,No,No phone service,DSL,Yes,No,No,No,No,No,Month-to-month,No,Mailed check,29.75,301.9,New Low-Spend Customers,No,Yes,54.77,Medium Risk,Early Engagement + Welcome Offer + Service Guidance,Early Engagement + Service Guidance
Male,0,No,No,72,Yes,Yes,DSL,No,Yes,Yes,Yes,Yes,Yes,Two year,Yes,Bank transfer (automatic),88.6,6201.95,Loyal High-Spend Customers,No,No,4.33,Low Risk,Loyalty Rewards + Premium Benefits,Maintain Loyalty Benefits
Male,1,No,Yes,56,Yes,No,Fiber optic,Yes,No,No,No,Yes,Yes,One year,No,Credit card (automatic),94.8,5264.3,Loyal High-Spend Customers,No,No,19.51,Low Risk,Loyalty Rewards + Premium Benefits,Maintain Loyalty Benefits
Male,0,No,No,15,Yes,No,No,No internet service,No internet service,No internet service,No internet service,No internet service,No internet service,Month-to-month,Yes,Mailed check,19.8,309.4,New Low-Spend Customers,No,No,32.37,Medium Risk,Early Engagement + Welcome Offer + Service Guidance,Early Engagement + Service Guidance
Male,0,No,No,51,Yes,Yes,DSL,Yes,Yes,Yes,Yes,Yes,No,One year,Yes,Credit card (automatic),81.15,4126.2,Loyal High-Spend Customers,No,No,7.89,Low Risk,Loyalty Rewards + Premium Benefits,Maintain Loyalty Benefits
Female,0,No,No,34,Yes,No,DSL,Yes,No,Yes,Yes,Yes,Yes,One year,Yes,Bank transfer (automatic),79.95,2727.3,High-Risk High-Spend Customers,No,No,13.88,Low Risk,Priority Support + Personalized Offer + Long-Term Contract Incentive,Maintain Premium Relationship
Female,0,No,No,1,Yes,No,DSL,Yes,Yes,No,No,No,No,Month-to-month,Yes,Electronic check,54.9,54.9,New Low-Spend Customers,Yes,Yes,58.89,Medium Risk,Early Engagement + Welcome Offer + Service Guidance,Early Engagement + Service Guidance
Male,0,Yes,No,9,Yes,Yes,DSL,No,Yes,Yes,No,No,Yes,Month-to-month,Yes,Credit card (automatic),69.05,653.95,High-Risk High-Spend Customers,No,Yes,71.45,High Risk,Priority Support + Personalized Offer + Long-Term Contract Incentive,Urgent Priority Support + Personalized Offer + Contract Incentive
Male,0,No,No,1,Yes,No,DSL,No,Yes,No,No,No,No,Month-to-month,Yes,Mailed check,50.15,50.15,New Low-Spend Customers,No,Yes,63.01,High Risk,Early Engagement + Welcome Offer + Service Guidance,Immediate Welcome Offer + Onboarding Support
Female,0,Yes,No,30,Yes,Yes,Fiber optic,No,No,No,No,No,Yes,Month-to-month,Yes,Electronic check,85.0,2624.25,High-Risk High-Spend Customers,Yes,Yes,82.97,High Risk,Priority Support + Personalized Offer + Long-Term Contract Incentive,Urgent Priority Support + Personalized Offer + Contract Incentive
Female,0,No,No,1,Yes,No,DSL,No,No,No,No,No,No,Month-to-month,Yes,Mailed check,45.4,45.4,New Low-Spend Customers,Yes,Yes,67.57,High Risk,Early Engagement + Welcome Offer + Service Guidance,Immediate Welcome Offer + Onboarding Support
Female,0,No,No,1,No,No phone service,DSL,No,Yes,No,No,No,No,Month-to-month,No,Bank transfer (automatic),29.95,29.95,New Low-Spend Customers,Yes,Yes,70.02,High Risk,Early Engagement + Welcome Offer + Service Guidance,Immediate Welcome Offer + Onboarding Support
Male,0,Yes,Yes,72,Yes,Yes,DSL,Yes,Yes,Yes,Yes,Yes,No,Two year,Yes,Bank transfer (automatic),80.85,5727.45,Loyal High-Spend Customers,No,No,1.36,Low Risk,Loyalty Rewards + Premium Benefits,Maintain Loyalty Benefits
Female,0,No,No,22,Yes,Yes,Fiber optic,No,No,No,No,Yes,No,Month-to-month,Yes,Bank transfer (automatic),84.15,1821.95,High-Risk High-Spend Customers,No,Yes,78.79,High Risk,Priority Support + Personalized Offer + Long-Term Contract Incentive,Urgent Priority Support + Personalized Offer + Contract Incentive
Male,0,No,No,17,Yes,No,No,No internet service,No internet service,No internet service,No internet service,No internet service,No internet service,Month-to-month,No,Credit card (automatic),21.1,385.55,New Low-Spend Customers,No,No,24.65,Low Risk,Early Engagement + Welcome Offer + Service Guidance,Regular Onboarding Communication
Male,0,Yes,Yes,60,Yes,Yes,Fiber optic,No,Yes,No,Yes,Yes,Yes,Month-to-month,Yes,Bank transfer (automatic),103.75,5969.95,Loyal High-Spend Customers,No,No,41.49,Medium Risk,Loyalty Rewards + Premium Benefits,Loyalty Reward + Customer Check-In
Male,0,Yes,No,61,Yes,Yes,Fiber optic,No,Yes,No,Yes,Yes,No,Two year,Yes,Electronic check,94.1,5638.3,Loyal High-Spend Customers,Yes,No,17.91,Low Risk,Loyalty Rewards + Premium Benefits,Maintain Loyalty Benefits
Female,0,Yes,No,28,Yes,No,Fiber optic,No,Yes,Yes,No,No,Yes,Month-to-month,No,Credit card (automatic),89.9,2433.5,High-Risk High-Spend Customers,No,Yes,62.06,High Risk,Priority Support + Personalized Offer + Long-Term Contract Incentive,Urgent Priority Support + Personalized Offer + Contract Incentive
Male,0,Yes,No,68,Yes,Yes,No,No internet service,No internet service,No internet service,No internet service,No internet service,No internet service,Two year,No,Credit card (automatic),25.05,1629.2,Loyal Low-Spend Customers,No,No,0.73,Low Risk,Maintain Service + Loyalty Communication,Maintain Service Quality
Male,0,No,No,41,Yes,Yes,No,No internet service,No internet service,No internet service,No internet service,No internet service,No internet service,Month-to-month,Yes,Bank transfer (automatic),25.25,996.45,Loyal Low-Spend Customers,No,No,13.82,Low Risk,Maintain Service + Loyalty Communication,Maintain Service Quality
Male,0,Yes,No,33,Yes,No,Fiber optic,No,No,No,No,Yes,Yes,Month-to-month,No,Electronic check,91.25,2964.05,High-Risk High-Spend Customers,No,Yes,75.12,High Risk,Priority Support + Personalized Offer + Long-Term Contract Incentive,Urgent Priority Support + Personalized Offer + Contract Incentive
Female,0,Yes,No,46,No,No phone service,DSL,Yes,Yes,No,No,Yes,No,Month-to-month,No,Electronic check,45.55,2062.15,Loyal Low-Spend Customers,No,No,25.75,Low Risk,Maintain Service + Loyalty Communication,Maintain Service Quality
Female,0,Yes,Yes,37,Yes,Yes,Fiber optic,No,No,No,No,Yes,Yes,Month-to-month,Yes,Electronic check,95.25,3314.15,Loyal High-Spend Customers,No,Yes,77.51,High Risk,Loyalty Rewards + Premium Benefits,Priority Loyalty Offer + Proactive Support
Female,1,No,No,15,Yes,Yes,Fiber optic,No,Yes,No,No,No,Yes,Month-to-month,No,Electronic check,89.85,1424.95,High-Risk High-Spend Customers,Yes,Yes,83.72,High Risk,Priority Support + Personalized Offer + Long-Term Contract Incentive,Urgent Priority Support + Personalized Offer + Contract Incentive
Female,1,No,No,14,Yes,Yes,Fiber optic,No,Yes,Yes,No,Yes,Yes,Month-to-month,Yes,Electronic check,104.85,1531.4,High-Risk High-Spend Customers,Yes,Yes,90.13,High Risk,Priority Support + Personalized Offer + Long-Term Contract Incentive,Urgent Priority Support + Personalized Offer + Contract Incentive
Male,0,No,No,13,Yes,No,Fiber optic,No,Yes,Yes,No,No,No,Month-to-month,Yes,Electronic check,79.8,973.45,High-Risk High-Spend Customers,Yes,Yes,78.35,High Risk,Priority Support + Personalized Offer + Long-Term Contract Incentive,Urgent Priority Support + Personalized Offer + Contract Incentive
Male,0,No,No,1,No,No phone service,DSL,No,No,No,No,No,No,Month-to-month,No,Mailed check,24.4,24.4,New Low-Spend Customers,No,Yes,77.05,High Risk,Early Engagement + Welcome Offer + Service Guidance,Immediate Welcome Offer + Onboarding Support
Female,0,Yes,Yes,71,Yes,No,No,No internet service,No internet service,No internet service,No internet service,No internet service,No internet service,Two year,No,Credit card (automatic),19.9,1397.3,Loyal Low-Spend Customers,No,No,0.29,Low Risk,Maintain Service + Loyalty Communication,Maintain Service Quality
Female,0,Yes,Yes,35,Yes,Yes,DSL,Yes,Yes,No,No,No,No,Month-to-month,Yes,Credit card (automatic),59.45,2136.9,Loyal Low-Spend Customers,No,No,21.18,Low Risk,Maintain Service + Loyalty Communication,Maintain Service Quality
Male,0,No,No,50,Yes,Yes,No,No internet service,No internet service,No internet service,No internet service,No internet service,No internet service,Two year,No,Bank transfer (automatic),24.9,1195.25,Loyal Low-Spend Customers,No,No,1.64,Low Risk,Maintain Service + Loyalty Communication,Maintain Service Quality
Male,0,No,No,62,Yes,Yes,Fiber optic,Yes,Yes,No,No,No,Yes,One year,Yes,Bank transfer (automatic),92.3,5731.45,Loyal High-Spend Customers,No,No,22.97,Low Risk,Loyalty Rewards + Premium Benefits,Maintain Loyalty Benefits
Female,0,No,No,71,Yes,Yes,Fiber optic,Yes,Yes,Yes,Yes,Yes,Yes,Two year,Yes,Credit card (automatic),113.15,7993.3,Loyal High-Spend Customers,No,No,12.88,Low Risk,Loyalty Rewards + Premium Benefits,Maintain Loyalty Benefits
Male,0,Yes,Yes,18,Yes,No,Fiber optic,Yes,No,Yes,No,Yes,No,Month-to-month,Yes,Mailed check,87.9,1500.5,High-Risk High-Spend Customers,No,Yes,60.2,High Risk,Priority Support + Personalized Offer + Long-Term Contract Incentive,Urgent Priority Support + Personalized Offer + Contract Incentive
Male,0,No,Yes,9,Yes,No,No,No internet service,No internet service,No internet service,No internet service,No internet service,No internet service,One year,No,Mailed check,20.1,190.25,New Low-Spend Customers,No,No,12.81,Low Risk,Early Engagement + Welcome Offer + Service Guidance,Regular Onboarding Communication
Female,0,No,Yes,24,Yes,No,No,No internet service,No internet service,No internet service,No internet service,No internet service,No internet service,One year,No,Bank transfer (automatic),21.05,531.55,New Low-Spend Customers,No,No,5.57,Low Risk,Early Engagement + Welcome Offer + Service Guidance,Regular Onboarding Communication
Male,0,Yes,Yes,72,Yes,Yes,DSL,Yes,Yes,Yes,Yes,Yes,Yes,Two year,Yes,Bank transfer (automatic),87.55,6463.15,Loyal High-Spend Customers,No,No,2.55,Low Risk,Loyalty Rewards + Premium Benefits,Maintain Loyalty Benefits
Female,0,Yes,No,64,Yes,No,No,No internet service,No internet service,No internet service,No internet service,No internet service,No internet service,Two year,No,Credit card (automatic),19.45,1208.6,Loyal Low-Spend Customers,No,No,0.59,Low Risk,Maintain Service + Loyalty Communication,Maintain Service Quality
Male,0,Yes,Yes,63,Yes,Yes,Fiber optic,No,Yes,No,No,No,Yes,One year,Yes,Electronic check,91.35,5764.7,Loyal High-Spend Customers,No,No,31.28,Medium Risk,Loyalty Rewards + Premium Benefits,Loyalty Reward + Customer Check-In
Male,0,No,No,1,Yes,No,DSL,No,No,No,No,No,No,Month-to-month,Yes,Mailed check,44.15,44.15,New Low-Spend Customers,Yes,Yes,69.31,High Risk,Early Engagement + Welcome Offer + Service Guidance,Immediate Welcome Offer + Onboarding Support
Male,0,No,Yes,10,Yes,No,No,No internet service,No internet service,No internet service,No internet service,No internet service,No internet service,One year,Yes,Bank transfer (automatic),19.95,219.5,New Low-Spend Customers,No,No,14.75,Low Risk,Early Engagement + Welcome Offer + Service Guidance,Regular Onboarding Communication
Male,0,Yes,Yes,38,Yes,Yes,Fiber optic,No,No,Yes,No,Yes,Yes,Month-to-month,Yes,Credit card (automatic),101.15,3956.7,Loyal High-Spend Customers,No,Yes,74.31,High Risk,Loyalty Rewards + Premium Benefits,Priority Loyalty Offer + Proactive Support
Female,0,No,No,1,Yes,Yes,Fiber optic,No,No,No,No,Yes,Yes,Month-to-month,No,Mailed check,95.65,95.65,High-Risk High-Spend Customers,Yes,Yes,87.63,High Risk,Priority Support + Personalized Offer + Long-Term Contract Incentive,Urgent Priority Support + Personalized Offer + Contract Incentive
Female,0,Yes,No,71,No,No phone service,DSL,No,Yes,Yes,Yes,Yes,Yes,Two year,No,Bank transfer (automatic),58.25,4145.9,Loyal High-Spend Customers,No,No,3.11,Low Risk,Loyalty Rewards + Premium Benefits,Maintain Loyalty Benefits
Female,0,No,No,1,Yes,No,Fiber optic,No,No,No,No,No,No,Month-to-month,No,Electronic check,71.35,71.35,High-Risk High-Spend Customers,Yes,Yes,82.53,High Risk,Priority Support + Personalized Offer + Long-Term Contract Incentive,Urgent Priority Support + Personalized Offer + Contract Incentive
Male,0,No,No,9,Yes,Yes,Fiber optic,No,No,No,No,No,No,Month-to-month,Yes,Electronic check,76.25,684.85,High-Risk High-Spend Customers,No,Yes,87.01,High Risk,Priority Support + Personalized Offer + Long-Term Contract Incentive,Urgent Priority Support + Personalized Offer + Contract Incentive
Male,0,Yes,Yes,44,Yes,No,DSL,No,Yes,Yes,Yes,No,No,Month-to-month,Yes,Mailed check,61.9,2924.05,Loyal Low-Spend Customers,No,No,12.27,Low Risk,Maintain Service + Loyalty Communication,Maintain Service Quality
Female,0,Yes,Yes,48,No,No phone service,DSL,No,No,No,Yes,No,No,Month-to-month,Yes,Credit card (automatic),29.5,1423.05,Loyal Low-Spend Customers,No,No,15.71,Low Risk,Maintain Service + Loyalty Communication,Maintain Service Quality
Male,0,No,Yes,62,Yes,No,DSL,Yes,Yes,No,No,No,No,One year,No,Bank transfer (automatic),56.15,3487.95,Loyal Low-Spend Customers,No,No,1.71,Low Risk,Maintain Service + Loyalty Communication,Maintain Service Quality
Female,0,No,No,24,Yes,Yes,Fiber optic,No,No,Yes,No,Yes,No,Month-to-month,Yes,Credit card (automatic),88.95,2072.75,High-Risk High-Spend Customers,No,Yes,80.42,High Risk,Priority Support + Personalized Offer + Long-Term Contract Incentive,Urgent Priority Support + Personalized Offer + Contract Incentive
Male,0,Yes,Yes,8,Yes,No,No,No internet service,No internet service,No internet service,No internet service,No internet service,No internet service,Month-to-month,No,Credit card (automatic),19.65,169.75,New Low-Spend Customers,No,No,27.99,Low Risk,Early Engagement + Welcome Offer + Service Guidance,Regular Onboarding Communication
Male,1,Yes,Yes,34,Yes,Yes,Fiber optic,No,Yes,Yes,Yes,Yes,Yes,Month-to-month,Yes,Electronic check,108.9,3625.2,Loyal High-Spend Customers,No,Yes,71.92,High Risk,Loyalty Rewards + Premium Benefits,Priority Loyalty Offer + Proactive Support
Male,0,No,No,31,Yes,Yes,Fiber optic,No,Yes,No,No,No,No,Month-to-month,Yes,Electronic check,81.15,2640.55,High-Risk High-Spend Customers,No,Yes,73.5,High Risk,Priority Support + Personalized Offer + Long-Term Contract Incentive,Urgent Priority Support + Personalized Offer + Contract Incentive
Female,0,No,No,5,Yes,No,No,No internet service,No internet service,No internet service,No internet service,No internet service,No internet service,Month-to-month,No,Mailed check,20.15,117.95,New Low-Spend Customers,No,No,37.08,Medium Risk,Early Engagement + Welcome Offer + Service Guidance,Early Engagement + Service Guidance
Female,0,Yes,No,51,Yes,Yes,DSL,No,Yes,No,Yes,Yes,Yes,One year,Yes,Credit card (automatic),78.65,3950.85,Loyal High-Spend Customers,No,No,15.84,Low Risk,Loyalty Rewards + Premium Benefits,Maintain Loyalty Benefits
Male,0,Yes,No,56,Yes,No,Fiber optic,No,No,No,No,No,Yes,One year,Yes,Electronic check,80.9,4557.5,Loyal High-Spend Customers,No,No,38.19,Medium Risk,Loyalty Rewards + Premium Benefits,Loyalty Reward + Customer Check-In
Male,0,No,No,71,No,No phone service,DSL,Yes,Yes,Yes,Yes,Yes,No,Two year,No,Bank transfer (automatic),53.95,3888.65,Loyal Low-Spend Customers,No,No,1.33,Low Risk,Maintain Service + Loyalty Communication,Maintain Service Quality
Female,1,Yes,No,17,Yes,Yes,Fiber optic,No,No,No,No,Yes,Yes,Month-to-month,Yes,Electronic check,92.55,1614.7,High-Risk High-Spend Customers,No,Yes,91.55,High Risk,Priority Support + Personalized Offer + Long-Term Contract Incentive,Urgent Priority Support + Personalized Offer + Contract Incentive
Male,0,No,No,10,Yes,No,Fiber optic,No,No,Yes,No,Yes,Yes,Month-to-month,Yes,Electronic check,94.9,1048.85,High-Risk High-Spend Customers,Yes,Yes,89.76,High Risk,Priority Support + Personalized Offer + Long-Term Contract Incentive,Urgent Priority Support + Personalized Offer + Contract Incentive
Female,1,Yes,No,50,Yes,No,Fiber optic,No,No,No,No,No,No,Month-to-month,Yes,Electronic check,71.05,3444.85,Loyal High-Spend Customers,Yes,Yes,53.79,Medium Risk,Loyalty Rewards + Premium Benefits,Loyalty Reward + Customer Check-In
Male,0,No,No,1,No,No phone service,DSL,No,No,No,Yes,No,No,Month-to-month,No,Mailed check,29.15,29.15,New Low-Spend Customers,No,Yes,67.02,High Risk,Early Engagement + Welcome Offer + Service Guidance,Immediate Welcome Offer + Onboarding Support
Female,0,No,No,15,Yes,No,No,No internet service,No internet service,No internet service,No internet service,No internet service,No internet service,Month-to-month,No,Mailed check,19.9,320.45,New Low-Spend Customers,No,No,26.06,Low Risk,Early Engagement + Welcome Offer + Service Guidance,Regular Onboarding Communication
Male,0,Yes,No,69,Yes,No,No,No internet service,No internet service,No internet service,No internet service,No internet service,No internet service,Two year,No,Mailed check,19.9,1363.45,Loyal Low-Spend Customers,No,No,0.45,Low Risk,Maintain Service + Loyalty Communication,Maintain Service Quality
Male,0,No,Yes,66,Yes,Yes,No,No internet service,No internet service,No internet service,No internet service,No internet service,No internet service,Two year,Yes,Credit card (automatic),25.3,1673.8,Loyal Low-Spend Customers,No,No,0.78,Low Risk,Maintain Service + Loyalty Communication,Maintain Service Quality
Male,0,Yes,Yes,65,Yes,No,DSL,Yes,No,No,Yes,Yes,Yes,Two year,Yes,Bank transfer (automatic),74.8,4820.15,Loyal High-Spend Customers,Yes,No,1.88,Low Risk,Loyalty Rewards + Premium Benefits,Maintain Loyalty Benefits
Male,0,No,No,68,Yes,Yes,Fiber optic,No,Yes,Yes,Yes,Yes,Yes,One year,No,Electronic check,108.45,7176.55,Loyal High-Spend Customers,Yes,No,32.62,Medium Risk,Loyalty Rewards + Premium Benefits,Loyalty Reward + Customer Check-In
Female,1,Yes,Yes,46,Yes,Yes,Fiber optic,Yes,Yes,No,Yes,Yes,Yes,Month-to-month,Yes,Electronic check,110.2,4972.1,Loyal High-Spend Customers,No,Yes,51.32,Medium Risk,Loyalty Rewards + Premium Benefits,Loyalty Reward + Customer Check-In
Female,0,Yes,No,72,Yes,Yes,Fiber optic,Yes,Yes,Yes,Yes,Yes,Yes,Two year,Yes,Bank transfer (automatic),115.5,8312.75,Loyal High-Spend Customers,No,No,11.13,Low Risk,Loyalty Rewards + Premium Benefits,Maintain Loyalty Benefits
Male,0,Yes,Yes,48,Yes,Yes,No,No internet service,No internet service,No internet service,No internet service,No internet service,No internet service,Two year,No,Mailed check,23.55,1173.35,Loyal Low-Spend Customers,No,No,1.47,Low Risk,Maintain Service + Loyalty Communication,Maintain Service Quality
Male,0,Yes,Yes,10,No,No phone service,DSL,Yes,Yes,Yes,Yes,No,Yes,Two year,No,Credit card (automatic),53.7,521.0,New Low-Spend Customers,No,No,11.99,Low Risk,Early Engagement + Welcome Offer + Service Guidance,Regular Onboarding Communication
Female,0,No,No,6,Yes,No,Fiber optic,No,No,No,No,No,No,Month-to-month,Yes,Mailed check,69.25,418.4,High-Risk High-Spend Customers,Yes,Yes,79.53,High Risk,Priority Support + Personalized Offer + Long-Term Contract Incentive,Urgent Priority Support + Personalized Offer + Contract Incentive
Male,1,No,No,63,Yes,Yes,Fiber optic,Yes,Yes,Yes,No,Yes,Yes,Month-to-month,Yes,Bank transfer (automatic),109.4,7031.45,Loyal High-Spend Customers,No,Yes,55.68,Medium Risk,Loyalty Rewards + Premium Benefits,Loyalty Reward + Customer Check-In
Female,0,Yes,No,64,Yes,Yes,DSL,Yes,Yes,Yes,Yes,No,Yes,Two year,Yes,Mailed check,81.3,5129.3,Loyal High-Spend Customers,No,No,2.71,Low Risk,Loyalty Rewards + Premium Benefits,Maintain Loyalty Benefits
Male,0,Yes,Yes,17,Yes,No,Fiber optic,No,No,No,No,Yes,No,Month-to-month,No,Electronic check,80.85,1400.85,High-Risk High-Spend Customers,Yes,Yes,72.0,High Risk,Priority Support + Personalized Offer + Long-Term Contract Incentive,Urgent Priority Support + Personalized Offer + Contract Incentive
Male,1,No,No,3,No,No phone service,DSL,No,No,Yes,No,No,Yes,Month-to-month,Yes,Electronic check,41.15,132.2,New Low-Spend Customers,Yes,Yes,88.67,High Risk,Early Engagement + Welcome Offer + Service Guidance,Immediate Welcome Offer + Onboarding Support
Male,0,No,No,26,Yes,Yes,DSL,No,No,No,No,No,No,One year,Yes,Credit card (automatic),51.55,1295.4,New Low-Spend Customers,No,No,29.76,Low Risk,Early Engagement + Welcome Offer + Service Guidance,Regular Onboarding Communication
Male,0,No,No,27,Yes,No,No,No internet service,No internet service,No internet service,No internet service,No internet service,No internet service,One year,No,Bank transfer (automatic),20.1,562.6,New Low-Spend Customers,No,No,7.01,Low Risk,Early Engagement + Welcome Offer + Service Guidance,Regular Onboarding Communication
Male,0,No,No,7,Yes,No,No,No internet service,No internet service,No internet service,No internet service,No internet service,No internet service,Two year,No,Mailed check,19.45,165.35,New Low-Spend Customers,No,No,10.84,Low Risk,Early Engagement + Welcome Offer + Service Guidance,Regular Onboarding Communication
Female,0,No,No,1,Yes,No,Fiber optic,No,No,No,No,No,No,Month-to-month,Yes,Electronic check,70.25,70.25,High-Risk High-Spend Customers,Yes,Yes,86.7,High Risk,Priority Support + Personalized Offer + Long-Term Contract Incentive,Urgent Priority Support + Personalized Offer + Contract Incentive
Female,0,Yes,Yes,36,Yes,No,DSL,Yes,No,No,No,No,No,Month-to-month,No,Credit card (automatic),51.05,1815.0,Loyal Low-Spend Customers,No,No,13.14,Low Risk,Maintain Service + Loyalty Communication,Maintain Service Quality
Female,0,Yes,No,2,Yes,No,No,No internet service,No internet service,No internet service,No internet service,No internet service,No internet service,Month-to-month,No,Mailed check,20.35,41.85,New Low-Spend Customers,No,No,40.39,Medium Risk,Early Engagement + Welcome Offer + Service Guidance,Early Engagement + Service Guidance
Female,0,No,No,1,Yes,No,No,No internet service,No internet service,No internet service,No internet service,No internet service,No internet service,Month-to-month,Yes,Mailed check,20.35,20.35,New Low-Spend Customers,No,No,48.6,Medium Risk,Early Engagement + Welcome Offer + Service Guidance,Early Engagement + Service Guidance
Female,0,Yes,No,16,Yes,No,No,No internet service,No internet service,No internet service,No internet service,No internet service,No internet service,Month-to-month,No,Mailed check,19.6,314.45,New Low-Spend Customers,No,No,25.04,Low Risk,Early Engagement + Welcome Offer + Service Guidance,Regular Onboarding Communication
Male,0,No,No,22,Yes,No,No,No internet service,No internet service,No internet service,No internet service,No internet service,No internet service,One year,No,Mailed check,20.3,475.1,New Low-Spend Customers,No,No,9.48,Low Risk,Early Engagement + Welcome Offer + Service Guidance,Regular Onboarding Communication
Female,1,No,No,50,Yes,Yes,Fiber optic,Yes,Yes,No,No,No,No,Month-to-month,Yes,Electronic check,83.4,4113.7,Loyal High-Spend Customers,No,Yes,50.48,Medium Risk,Loyalty Rewards + Premium Benefits,Loyalty Reward + Customer Check-In
Female,1,No,No,3,Yes,No,Fiber optic,No,No,No,No,No,No,Month-to-month,Yes,Electronic check,70.4,204.7,High-Risk High-Spend Customers,Yes,Yes,86.7,High Risk,Priority Support + Personalized Offer + Long-Term Contract Incentive,Urgent Priority Support + Personalized Offer + Contract Incentive
Female,1,Yes,No,61,Yes,Yes,Fiber optic,No,Yes,Yes,No,Yes,Yes,One year,Yes,Credit card (automatic),104.4,6405.0,Loyal High-Spend Customers,Yes,No,47.19,Medium Risk,Loyalty Rewards + Premium Benefits,Loyalty Reward + Customer Check-In
Male,1,No,No,6,Yes,No,DSL,No,No,No,No,No,No,Month-to-month,No,Credit card (automatic),44.7,276.5,New Low-Spend Customers,No,Yes,60.33,High Risk,Early Engagement + Welcome Offer + Service Guidance,Immediate Welcome Offer + Onboarding Support
Male,1,Yes,No,8,No,No phone service,DSL,No,Yes,Yes,No,No,Yes,Month-to-month,Yes,Mailed check,43.35,371.4,New Low-Spend Customers,No,Yes,79.09,High Risk,Early Engagement + Welcome Offer + Service Guidance,Immediate Welcome Offer + Onboarding Support
Female,0,Yes,No,63,Yes,No,Fiber optic,Yes,No,Yes,No,No,No,One year,Yes,Credit card (automatic),81.15,5224.5,Loyal High-Spend Customers,No,No,13.89,Low Risk,Loyalty Rewards + Premium Benefits,Maintain Loyalty Benefits
Female,1,No,No,2,Yes,No,Fiber optic,No,No,No,No,No,Yes,Month-to-month,Yes,Electronic check,79.6,195.05,High-Risk High-Spend Customers,Yes,Yes,90.17,High Risk,Priority Support + Personalized Offer + Long-Term Contract Incentive,Urgent Priority Support + Personalized Offer + Contract Incentive
Male,0,No,No,26,Yes,Yes,Fiber optic,Yes,Yes,No,No,Yes,No,Month-to-month,Yes,Credit card (automatic),92.4,2349.8,High-Risk High-Spend Customers,No,Yes,66.59,High Risk,Priority Support + Personalized Offer + Long-Term Contract Incentive,Urgent Priority Support + Personalized Offer + Contract Incentive
Male,1,Yes,No,7,Yes,No,Fiber optic,No,No,No,No,Yes,Yes,Month-to-month,Yes,Electronic check,89.0,605.45,High-Risk High-Spend Customers,No,Yes,90.87,High Risk,Priority Support + Personalized Offer + Long-Term Contract Incentive,Urgent Priority Support + Personalized Offer + Contract Incentive
Male,1,Yes,Yes,65,Yes,Yes,Fiber optic,Yes,Yes,No,No,No,No,Month-to-month,Yes,Electronic check,85.75,5688.45,Loyal High-Spend Customers,No,No,31.99,Medium Risk,Loyalty Rewards + Premium Benefits,Loyalty Reward + Customer Check-In
Female,0,Yes,No,51,Yes,Yes,Fiber optic,No,No,Yes,No,Yes,Yes,One year,Yes,Electronic check,98.85,4947.55,Loyal High-Spend Customers,No,Yes,62.5,High Risk,Loyalty Rewards + Premium Benefits,Priority Loyalty Offer + Proactive Support
Male,0,No,No,10,Yes,No,Fiber optic,Yes,Yes,Yes,Yes,Yes,Yes,Month-to-month,Yes,Electronic check,110.1,1043.3,High-Risk High-Spend Customers,Yes,Yes,70.43,High Risk,Priority Support + Personalized Offer + Long-Term Contract Incentive,Urgent Priority Support + Personalized Offer + Contract Incentive
Male,0,Yes,Yes,34,Yes,No,No,No internet service,No internet service,No internet service,No internet service,No internet service,No internet service,Month-to-month,No,Mailed check,20.8,635.9,New Low-Spend Customers,No,No,8.16,Low Risk,Early Engagement + Welcome Offer + Service Guidance,Regular Onboarding Communication
Female,0,No,No,1,Yes,No,No,No internet service,No internet service,No internet service,No internet service,No internet service,No internet service,Month-to-month,No,Electronic check,19.75,19.75,New Low-Spend Customers,No,Yes,51.8,Medium Risk,Early Engagement + Welcome Offer + Service Guidance,Early Engagement + Service Guidance
Male,0,No,No,18,Yes,Yes,Fiber optic,No,No,No,No,Yes,No,Month-to-month,No,Bank transfer (automatic),84.3,1537.9,High-Risk High-Spend Customers,No,Yes,76.85,High Risk,Priority Support + Personalized Offer + Long-Term Contract Incentive,Urgent Priority Support + Personalized Offer + Contract Incentive
Female,0,No,No,21,Yes,Yes,Fiber optic,No,Yes,No,No,Yes,Yes,Month-to-month,Yes,Credit card (automatic),99.85,1992.55,High-Risk High-Spend Customers,No,Yes,82.11,High Risk,Priority Support + Personalized Offer + Long-Term Contract Incentive,Urgent Priority Support + Personalized Offer + Contract Incentive
Male,0,Yes,Yes,61,Yes,Yes,Fiber optic,Yes,Yes,No,No,Yes,Yes,One year,Yes,Electronic check,106.0,6547.7,Loyal High-Spend Customers,Yes,No,32.39,Medium Risk,Loyalty Rewards + Premium Benefits,Loyalty Reward + Customer Check-In
Female,0,No,No,7,Yes,No,Fiber optic,No,Yes,No,No,Yes,Yes,One year,Yes,Mailed check,94.05,633.45,High-Risk High-Spend Customers,No,Yes,67.17,High Risk,Priority Support + Personalized Offer + Long-Term Contract Incentive,Urgent Priority Support + Personalized Offer + Contract Incentive
Male,0,No,Yes,1,Yes,No,DSL,No,No,No,Yes,No,No,Month-to-month,Yes,Mailed check,49.9,49.9,New Low-Spend Customers,Yes,No,48.19,Medium Risk,Early Engagement + Welcome Offer + Service Guidance,Early Engagement + Service Guidance
Male,0,No,No,1,Yes,No,Fiber optic,No,No,No,No,No,No,Month-to-month,Yes,Electronic check,69.9,69.9,High-Risk High-Spend Customers,No,Yes,87.19,High Risk,Priority Support + Personalized Offer + Long-Term Contract Incentive,Urgent Priority Support + Personalized Offer + Contract Incentive
Male,0,No,No,61,Yes,Yes,Fiber optic,Yes,No,Yes,No,Yes,Yes,Month-to-month,Yes,Electronic check,106.45,6300.15,Loyal High-Spend Customers,No,Yes,65.22,High Risk,Loyalty Rewards + Premium Benefits,Priority Loyalty Offer + Proactive Support
Male,0,Yes,No,66,Yes,Yes,Fiber optic,No,Yes,Yes,No,No,Yes,One year,No,Electronic check,95.3,6273.4,Loyal High-Spend Customers,No,No,33.85,Medium Risk,Loyalty Rewards + Premium Benefits,Loyalty Reward + Customer Check-In
Male,0,No,No,35,Yes,Yes,Fiber optic,No,No,No,No,Yes,No,Month-to-month,No,Electronic check,83.15,2848.45,High-Risk High-Spend Customers,No,Yes,75.64,High Risk,Priority Support + Personalized Offer + Long-Term Contract Incentive,Urgent Priority Support + Personalized Offer + Contract Incentive
Female,0,No,No,3,No,No phone service,DSL,No,No,No,No,Yes,No,Month-to-month,No,Credit card (automatic),35.2,108.95,New Low-Spend Customers,Yes,Yes,78.44,High Risk,Early Engagement + Welcome Offer + Service Guidance,Immediate Welcome Offer + Onboarding Support
Female,0,No,No,2,Yes,No,No,No internet service,No internet service,No internet service,No internet service,No internet service,No internet service,Month-to-month,No,Electronic check,19.9,57.4,New Low-Spend Customers,No,Yes,50.48,Medium Risk,Early Engagement + Welcome Offer + Service Guidance,Early Engagement + Service Guidance
Female,0,Yes,No,7,Yes,No,DSL,No,No,No,No,No,No,Month-to-month,Yes,Mailed check,44.25,313.45,New Low-Spend Customers,No,Yes,62.53,High Risk,Early Engagement + Welcome Offer + Service Guidance,Immediate Welcome Offer + Onboarding Support
Female,1,No,No,42,Yes,Yes,DSL,No,No,Yes,No,No,No,Month-to-month,No,Electronic check,55.65,2421.75,Loyal Low-Spend Customers,No,No,40.06,Medium Risk,Maintain Service + Loyalty Communication,Customer Check-In + Loyalty Communication
Female,0,No,No,16,No,No phone service,DSL,Yes,No,No,No,Yes,No,Month-to-month,Yes,Electronic check,38.9,664.4,New Low-Spend Customers,No,Yes,69.84,High Risk,Early Engagement + Welcome Offer + Service Guidance,Immediate Welcome Offer + Onboarding Support
Male,0,No,Yes,40,No,No phone service,DSL,Yes,Yes,No,Yes,No,No,One year,No,Mailed check,40.25,1564.05,Loyal Low-Spend Customers,No,No,4.24,Low Risk,Maintain Service + Loyalty Communication,Maintain Service Quality
Male,0,Yes,Yes,15,Yes,No,No,No internet service,No internet service,No internet service,No internet service,No internet service,No internet service,One year,No,Mailed check,19.65,332.65,New Low-Spend Customers,No,No,9.87,Low Risk,Early Engagement + Welcome Offer + Service Guidance,Regular Onboarding Communication
Female,0,No,No,2,Yes,No,DSL,No,Yes,No,No,No,No,Month-to-month,No,Mailed check,49.2,103.7,New Low-Spend Customers,No,Yes,55.61,Medium Risk,Early Engagement + Welcome Offer + Service Guidance,Early Engagement + Service Guidance
Female,0,No,No,68,Yes,No,No,No internet service,No internet service,No internet service,No internet service,No internet service,No internet service,Two year,No,Credit card (automatic),20.5,1424.9,Loyal Low-Spend Customers,No,No,0.48,Low Risk,Maintain Service + Loyalty Communication,Maintain Service Quality
Male,0,No,No,6,Yes,No,Fiber optic,No,Yes,No,No,No,Yes,Month-to-month,Yes,Electronic check,84.4,556.35,High-Risk High-Spend Customers,Yes,Yes,86.02,High Risk,Priority Support + Personalized Offer + Long-Term Contract Incentive,Urgent Priority Support + Personalized Offer + Contract Incentive
Male,0,Yes,No,28,Yes,No,Fiber optic,No,No,No,Yes,No,No,Month-to-month,No,Bank transfer (automatic),76.55,2065.4,High-Risk High-Spend Customers,No,No,42.02,Medium Risk,Priority Support + Personalized Offer + Long-Term Contract Incentive,Proactive Support + Personalized Offer
Male,0,No,No,45,Yes,No,No,No internet service,No internet service,No internet service,No internet service,No internet service,No internet service,One year,Yes,Electronic check,20.4,930.45,Loyal Low-Spend Customers,Yes,No,5.66,Low Risk,Maintain Service + Loyalty Communication,Maintain Service Quality
Female,0,Yes,No,72,Yes,Yes,Fiber optic,No,Yes,Yes,Yes,Yes,Yes,One year,No,Credit card (automatic),109.15,7789.6,Loyal High-Spend Customers,No,No,23.95,Low Risk,Loyalty Rewards + Premium Benefits,Maintain Loyalty Benefits
Female,0,Yes,No,57,Yes,No,No,No internet service,No internet service,No internet service,No internet service,No internet service,No internet service,Two year,No,Bank transfer (automatic),19.9,1115.6,Loyal Low-Spend Customers,No,No,0.76,Low Risk,Maintain Service + Loyalty Communication,Maintain Service Quality
Female,0,Yes,No,38,Yes,Yes,Fiber optic,No,No,Yes,Yes,Yes,Yes,Month-to-month,Yes,Electronic check,105.0,4026.4,Loyal High-Spend Customers,Yes,Yes,78.11,High Risk,Loyalty Rewards + Premium Benefits,Priority Loyalty Offer + Proactive Support
Female,0,Yes,Yes,6,Yes,No,DSL,No,No,No,Yes,No,No,Month-to-month,Yes,Mailed check,48.8,297.35,New Low-Spend Customers,No,No,43.21,Medium Risk,Early Engagement + Welcome Offer + Service Guidance,Early Engagement + Service Guidance
Female,0,Yes,No,37,Yes,No,No,No internet service,No internet service,No internet service,No internet service,No internet service,No internet service,Month-to-month,No,Bank transfer (automatic),19.5,805.2,Loyal Low-Spend Customers,No,No,9.6,Low Risk,Maintain Service + Loyalty Communication,Maintain Service Quality
Female,0,Yes,No,48,Yes,No,Fiber optic,No,Yes,Yes,No,Yes,Yes,One year,Yes,Electronic check,97.05,4692.95,Loyal High-Spend Customers,No,Yes,53.22,Medium Risk,Loyalty Rewards + Premium Benefits,Loyalty Reward + Customer Check-In
Female,0,No,No,67,Yes,Yes,DSL,Yes,No,Yes,Yes,Yes,Yes,Two year,Yes,Mailed check,85.25,5714.2,Loyal High-Spend Customers,No,No,4.4,Low Risk,Loyalty Rewards + Premium Benefits,Maintain Loyalty Benefits
Female,0,No,No,23,Yes,Yes,DSL,No,No,No,Yes,Yes,Yes,One year,Yes,Mailed check,73.75,1756.6,High-Risk High-Spend Customers,No,No,36.55,Medium Risk,Priority Support + Personalized Offer + Long-Term Contract Incentive,Proactive Support + Personalized Offer
Male,0,No,No,6,Yes,No,Fiber optic,No,No,No,No,No,No,Month-to-month,Yes,Electronic check,69.1,435.0,High-Risk High-Spend Customers,No,Yes,85.55,High Risk,Priority Support + Personalized Offer + Long-Term Contract Incentive,Urgent Priority Support + Personalized Offer + Contract Incentive
Male,0,Yes,Yes,25,Yes,No,No,No internet service,No internet service,No internet service,No internet service,No internet service,No internet service,One year,No,Electronic check,19.9,505.45,New Low-Spend Customers,No,No,8.5,Low Risk,Early Engagement + Welcome Offer + Service Guidance,Regular Onboarding Communication
Male,0,Yes,No,63,Yes,No,No,No internet service,No internet service,No internet service,No internet service,No internet service,No internet service,Two year,Yes,Bank transfer (automatic),19.95,1234.8,Loyal Low-Spend Customers,No,No,0.75,Low Risk,Maintain Service + Loyalty Communication,Maintain Service Quality
Female,0,Yes,No,55,Yes,Yes,Fiber optic,Yes,No,No,No,Yes,No,Month-to-month,Yes,Bank transfer (automatic),89.8,4959.6,Loyal High-Spend Customers,No,No,46.24,Medium Risk,Loyalty Rewards + Premium Benefits,Loyalty Reward + Customer Check-In
Male,1,No,No,54,No,No phone service,DSL,No,Yes,Yes,No,Yes,Yes,One year,Yes,Electronic check,55.45,2966.95,Loyal Low-Spend Customers,No,No,29.01,Low Risk,Maintain Service + Loyalty Communication,Maintain Service Quality
Female,0,Yes,Yes,3,Yes,No,Fiber optic,No,No,No,No,Yes,No,Month-to-month,Yes,Electronic check,80.7,239.45,High-Risk High-Spend Customers,No,Yes,83.7,High Risk,Priority Support + Personalized Offer + Long-Term Contract Incentive,Urgent Priority Support + Personalized Offer + Contract Incentive
Male,0,Yes,No,61,Yes,Yes,DSL,Yes,Yes,Yes,Yes,No,Yes,Two year,Yes,Bank transfer (automatic),80.8,4860.85,Loyal High-Spend Customers,No,No,2.89,Low Risk,Loyalty Rewards + Premium Benefits,Maintain Loyalty Benefits
Male,0,Yes,No,2,Yes,No,No,No internet service,No internet service,No internet service,No internet service,No internet service,No internet service,Month-to-month,No,Mailed check,20.0,38.0,New Low-Spend Customers,No,No,41.4,Medium Risk,Early Engagement + Welcome Offer + Service Guidance,Early Engagement + Service Guidance
Female,0,No,No,1,Yes,No,Fiber optic,No,Yes,No,No,No,No,Month-to-month,Yes,Electronic check,75.7,75.7,High-Risk High-Spend Customers,Yes,Yes,83.42,High Risk,Priority Support + Personalized Offer + Long-Term Contract Incentive,Urgent Priority Support + Personalized Offer + Contract Incentive
Male,0,Yes,Yes,9,No,No phone service,DSL,No,Yes,No,No,No,No,Month-to-month,Yes,Electronic check,29.95,248.95,New Low-Spend Customers,Yes,Yes,70.17,High Risk,Early Engagement + Welcome Offer + Service Guidance,Immediate Welcome Offer + Onboarding Support
Male,0,No,No,12,Yes,No,Fiber optic,No,No,Yes,No,Yes,Yes,One year,No,Electronic check,95.7,1184.0,High-Risk High-Spend Customers,No,Yes,71.61,High Risk,Priority Support + Personalized Offer + Long-Term Contract Incentive,Urgent Priority Support + Personalized Offer + Contract Incentive
Male,0,Yes,No,59,Yes,Yes,Fiber optic,No,No,No,No,No,Yes,One year,No,Electronic check,85.55,5084.65,Loyal High-Spend Customers,Yes,No,39.24,Medium Risk,Loyalty Rewards + Premium Benefits,Loyalty Reward + Customer Check-In
Male,0,No,No,5,Yes,No,No,No internet service,No internet service,No internet service,No internet service,No internet service,No internet service,Month-to-month,No,Bank transfer (automatic),20.65,93.55,New Low-Spend Customers,No,No,35.46,Medium Risk,Early Engagement + Welcome Offer + Service Guidance,Early Engagement + Service Guidance
Male,0,No,No,1,Yes,No,No,No internet service,No internet service,No internet service,No internet service,No internet service,No internet service,Month-to-month,No,Electronic check,20.55,20.55,New Low-Spend Customers,Yes,Yes,51.7,Medium Risk,Early Engagement + Welcome Offer + Service Guidance,Early Engagement + Service Guidance
Male,0,No,Yes,14,Yes,No,No,No internet service,No internet service,No internet service,No internet service,No internet service,No internet service,Month-to-month,No,Mailed check,19.95,268.4,New Low-Spend Customers,No,No,21.11,Low Risk,Early Engagement + Welcome Offer + Service Guidance,Regular Onboarding Communication
Female,0,No,No,32,Yes,Yes,Fiber optic,Yes,No,Yes,Yes,Yes,Yes,One year,Yes,Bank transfer (automatic),109.55,3608.0,Loyal High-Spend Customers,No,No,41.57,Medium Risk,Loyalty Rewards + Premium Benefits,Loyalty Reward + Customer Check-In
Male,0,No,Yes,29,No,No phone service,DSL,Yes,Yes,Yes,Yes,No,No,Month-to-month,Yes,Mailed check,45.0,1242.45,New Low-Spend Customers,No,No,19.62,Low Risk,Early Engagement + Welcome Offer + Service Guidance,Regular Onboarding Communication
Male,0,No,Yes,52,Yes,Yes,DSL,Yes,Yes,No,Yes,Yes,Yes,Two year,Yes,Mailed check,85.15,4461.85,Loyal High-Spend Customers,No,No,4.0,Low Risk,Loyalty Rewards + Premium Benefits,Maintain Loyalty Benefits
Male,0,No,No,2,Yes,No,Fiber optic,No,No,No,No,No,No,Month-to-month,Yes,Electronic check,69.8,146.65,High-Risk High-Spend Customers,No,Yes,86.86,High Risk,Priority Support + Personalized Offer + Long-Term Contract Incentive,Urgent Priority Support + Personalized Offer + Contract Incentive
Female,0,No,No,18,Yes,No,Fiber optic,No,Yes,Yes,No,No,No,Month-to-month,No,Electronic check,77.8,1358.6,High-Risk High-Spend Customers,No,Yes,71.04,High Risk,Priority Support + Personalized Offer + Long-Term Contract Incentive,Urgent Priority Support + Personalized Offer + Contract Incentive
Female,0,No,Yes,16,Yes,Yes,Fiber optic,No,No,No,Yes,No,No,One year,Yes,Credit card (automatic),79.5,1264.2,High-Risk High-Spend Customers,No,No,41.77,Medium Risk,Priority Support + Personalized Offer + Long-Term Contract Incentive,Proactive Support + Personalized Offer
Male,1,No,No,55,Yes,Yes,Fiber optic,Yes,Yes,Yes,Yes,Yes,Yes,Month-to-month,Yes,Electronic check,116.5,6382.55,Loyal High-Spend Customers,No,Yes,58.25,Medium Risk,Loyalty Rewards + Premium Benefits,Loyalty Reward + Customer Check-In
Male,0,No,No,69,No,No phone service,DSL,Yes,Yes,No,Yes,Yes,Yes,Two year,Yes,Bank transfer (automatic),60.05,4176.7,Loyal High-Spend Customers,No,No,2.6,Low Risk,Loyalty Rewards + Premium Benefits,Maintain Loyalty Benefits
Male,1,No,No,14,Yes,Yes,Fiber optic,No,No,No,No,No,No,Month-to-month,Yes,Electronic check,74.95,1036.75,High-Risk High-Spend Customers,Yes,Yes,86.49,High Risk,Priority Support + Personalized Offer + Long-Term Contract Incentive,Urgent Priority Support + Personalized Offer + Contract Incentive
Female,0,Yes,No,46,Yes,No,DSL,No,Yes,No,No,Yes,Yes,Month-to-month,Yes,Credit card (automatic),69.1,3168.0,Loyal Low-Spend Customers,No,No,35.76,Medium Risk,Maintain Service + Loyalty Communication,Customer Check-In + Loyalty Communication
Female,0,Yes,No,68,Yes,Yes,No,No internet service,No internet service,No internet service,No internet service,No internet service,No internet service,Two year,Yes,Credit card (automatic),24.95,1614.9,Loyal Low-Spend Customers,No,No,0.93,Low Risk,Maintain Service + Loyalty Communication,Maintain Service Quality
Female,0,No,No,15,Yes,No,DSL,Yes,No,Yes,Yes,No,No,Month-to-month,No,Electronic check,58.95,955.15,High-Risk High-Spend Customers,No,No,34.02,Medium Risk,Priority Support + Personalized Offer + Long-Term Contract Incentive,Proactive Support + Personalized Offer
Male,0,No,Yes,55,Yes,No,No,No internet service,No internet service,No internet service,No internet service,No internet service,No internet service,One year,No,Bank transfer (automatic),19.1,1001.5,Loyal Low-Spend Customers,No,No,1.21,Low Risk,Maintain Service + Loyalty Communication,Maintain Service Quality
Female,0,Yes,Yes,71,Yes,Yes,Fiber optic,Yes,Yes,Yes,Yes,Yes,Yes,Two year,No,Credit card (automatic),113.65,8166.8,Loyal High-Spend Customers,No,No,7.59,Low Risk,Loyalty Rewards + Premium Benefits,Maintain Loyalty Benefits
Male,0,No,No,16,Yes,Yes,DSL,No,Yes,Yes,No,No,Yes,Month-to-month,Yes,Bank transfer (automatic),71.4,1212.1,High-Risk High-Spend Customers,No,Yes,61.9,High Risk,Priority Support + Personalized Offer + Long-Term Contract Incentive,Urgent Priority Support + Personalized Offer + Contract Incentive
Female,0,Yes,Yes,69,Yes,No,No,No internet service,No internet service,No internet service,No internet service,No internet service,No internet service,Two year,No,Bank transfer (automatic),19.75,1375.4,Loyal Low-Spend Customers,No,No,0.29,Low Risk,Maintain Service + Loyalty Communication,Maintain Service Quality
Male,0,Yes,Yes,37,Yes,Yes,DSL,Yes,No,Yes,Yes,No,No,Two year,Yes,Credit card (automatic),62.8,2278.75,High-Risk High-Spend Customers,No,No,4.39,Low Risk,Priority Support + Personalized Offer + Long-Term Contract Incentive,Maintain Premium Relationship
Male,0,No,No,1,Yes,No,No,No internet service,No internet service,No internet service,No internet service,No internet service,No internet service,Month-to-month,No,Mailed check,20.3,20.3,New Low-Spend Customers,No,No,42.52,Medium Risk,Early Engagement + Welcome Offer + Service Guidance,Early Engagement + Service Guidance
Male,0,Yes,No,59,Yes,No,DSL,Yes,Yes,Yes,No,Yes,No,One year,No,Credit card (automatic),66.4,3958.2,Loyal High-Spend Customers,No,No,5.39,Low Risk,Loyalty Rewards + Premium Benefits,Maintain Loyalty Benefits
Female,0,Yes,No,20,Yes,No,Fiber optic,Yes,Yes,No,Yes,Yes,No,Month-to-month,Yes,Electronic check,96.55,1901.65,High-Risk High-Spend Customers,No,Yes,55.13,Medium Risk,Priority Support + Personalized Offer + Long-Term Contract Incentive,Proactive Support + Personalized Offer
Male,0,Yes,No,71,Yes,Yes,Fiber optic,Yes,Yes,Yes,Yes,Yes,Yes,Two year,Yes,Electronic check,116.25,8564.75,Loyal High-Spend Customers,No,No,18.47,Low Risk,Loyalty Rewards + Premium Benefits,Maintain Loyalty Benefits
Female,0,Yes,No,26,Yes,Yes,DSL,Yes,Yes,Yes,Yes,Yes,Yes,One year,Yes,Credit card (automatic),90.1,2312.55,High-Risk High-Spend Customers,No,No,20.99,Low Risk,Priority Support + Personalized Offer + Long-Term Contract Incentive,Maintain Premium Relationship
Male,1,No,No,36,Yes,Yes,Fiber optic,Yes,No,No,No,Yes,No,Month-to-month,Yes,Electronic check,90.85,3186.7,High-Risk High-Spend Customers,Yes,Yes,71.01,High Risk,Priority Support + Personalized Offer + Long-Term Contract Incentive,Urgent Priority Support + Personalized Offer + Contract Incentive
Female,0,Yes,Yes,7,Yes,No,No,No internet service,No internet service,No internet service,No internet service,No internet service,No internet service,Two year,No,Mailed check,19.85,144.15,New Low-Spend Customers,No,No,7.53,Low Risk,Early Engagement + Welcome Offer + Service Guidance,Regular Onboarding Communication
Male,0,Yes,Yes,19,Yes,No,No,No internet service,No internet service,No internet service,No internet service,No internet service,No internet service,Month-to-month,No,Mailed check,20.6,414.95,New Low-Spend Customers,No,No,16.84,Low Risk,Early Engagement + Welcome Offer + Service Guidance,Regular Onboarding Communication
Female,1,Yes,No,50,Yes,Yes,Fiber optic,No,Yes,Yes,No,Yes,No,Month-to-month,Yes,Electronic check,95.05,4888.7,Loyal High-Spend Customers,Yes,Yes,72.06,High Risk,Loyalty Rewards + Premium Benefits,Priority Loyalty Offer + Proactive Support
Female,0,No,No,1,Yes,No,Fiber optic,No,No,Yes,No,No,No,Month-to-month,No,Bank transfer (automatic),73.5,73.5,High-Risk High-Spend Customers,Yes,Yes,77.44,High Risk,Priority Support + Personalized Offer + Long-Term Contract Incentive,Urgent Priority Support + Personalized Offer + Contract Incentive
Female,0,No,No,63,Yes,Yes,Fiber optic,No,Yes,No,No,Yes,Yes,One year,No,Bank transfer (automatic),99.9,6137.0,Loyal High-Spend Customers,Yes,No,30.6,Medium Risk,Loyalty Rewards + Premium Benefits,Loyalty Reward + Customer Check-In
Male,0,Yes,No,43,Yes,No,Fiber optic,Yes,No,Yes,Yes,No,No,One year,Yes,Bank transfer (automatic),84.25,3539.25,Loyal High-Spend Customers,No,No,15.08,Low Risk,Loyalty Rewards + Premium Benefits,Maintain Loyalty Benefits
Male,0,No,No,28,Yes,No,No,No internet service,No internet service,No internet service,No internet service,No internet service,No internet service,One year,No,Credit card (automatic),18.25,534.7,New Low-Spend Customers,No,No,7.84,Low Risk,Early Engagement + Welcome Offer + Service Guidance,Regular Onboarding Communication
Female,0,Yes,No,72,Yes,No,No,No internet service,No internet service,No internet service,No internet service,No internet service,No internet service,Two year,No,Bank transfer (automatic),20.05,1423.65,Loyal Low-Spend Customers,No,No,0.34,Low Risk,Maintain Service + Loyalty Communication,Maintain Service Quality
Female,1,Yes,Yes,59,Yes,Yes,Fiber optic,No,No,Yes,No,No,Yes,Month-to-month,Yes,Credit card (automatic),88.75,5348.65,Loyal High-Spend Customers,No,Yes,56.16,Medium Risk,Loyalty Rewards + Premium Benefits,Loyalty Reward + Customer Check-In
Female,0,No,No,3,No,No phone service,DSL,No,No,No,No,No,No,Month-to-month,No,Electronic check,25.25,58.9,New Low-Spend Customers,Yes,Yes,80.53,High Risk,Early Engagement + Welcome Offer + Service Guidance,Immediate Welcome Offer + Onboarding Support
Male,0,No,No,1,Yes,No,No,No internet service,No internet service,No internet service,No internet service,No internet service,No internet service,Month-to-month,No,Credit card (automatic),20.75,20.75,New Low-Spend Customers,No,No,43.11,Medium Risk,Early Engagement + Welcome Offer + Service Guidance,Early Engagement + Service Guidance
Male,0,No,No,16,Yes,Yes,Fiber optic,No,No,No,Yes,No,Yes,Month-to-month,Yes,Credit card (automatic),89.05,1448.6,High-Risk High-Spend Customers,Yes,Yes,77.52,High Risk,Priority Support + Personalized Offer + Long-Term Contract Incentive,Urgent Priority Support + Personalized Offer + Contract Incentive
Female,1,No,No,45,Yes,Yes,DSL,Yes,No,No,Yes,No,Yes,Month-to-month,Yes,Electronic check,70.05,3062.45,Loyal Low-Spend Customers,No,No,29.48,Low Risk,Maintain Service + Loyalty Communication,Maintain Service Quality
Female,0,Yes,No,40,Yes,Yes,Fiber optic,Yes,No,Yes,No,Yes,Yes,One year,No,Bank transfer (automatic),105.75,4228.55,Loyal High-Spend Customers,No,No,39.6,Medium Risk,Loyalty Rewards + Premium Benefits,Loyalty Reward + Customer Check-In
Male,0,Yes,No,49,Yes,No,Fiber optic,No,No,Yes,Yes,Yes,Yes,One year,Yes,Credit card (automatic),99.25,4920.8,Loyal High-Spend Customers,No,No,37.2,Medium Risk,Loyalty Rewards + Premium Benefits,Loyalty Reward + Customer Check-In
Female,0,No,No,1,Yes,Yes,Fiber optic,No,No,No,No,No,No,Month-to-month,Yes,Electronic check,77.15,77.15,High-Risk High-Spend Customers,Yes,Yes,89.13,High Risk,Priority Support + Personalized Offer + Long-Term Contract Incentive,Urgent Priority Support + Personalized Offer + Contract Incentive
Female,0,Yes,Yes,18,Yes,No,DSL,No,No,No,No,Yes,No,Month-to-month,No,Mailed check,55.95,1082.8,High-Risk High-Spend Customers,No,No,40.58,Medium Risk,Priority Support + Personalized Offer + Long-Term Contract Incentive,Proactive Support + Personalized Offer
Female,0,Yes,No,64,Yes,Yes,Fiber optic,Yes,No,Yes,No,Yes,No,Two year,Yes,Credit card (automatic),94.6,5948.7,Loyal High-Spend Customers,No,No,14.81,Low Risk,Loyalty Rewards + Premium Benefits,Maintain Loyalty Benefits
Female,0,Yes,No,71,Yes,No,DSL,Yes,Yes,Yes,Yes,Yes,Yes,Two year,Yes,Credit card (automatic),84.4,5969.3,Loyal High-Spend Customers,No,No,2.4,Low Risk,Loyalty Rewards + Premium Benefits,Maintain Loyalty Benefits
Female,0,No,Yes,15,Yes,No,Fiber optic,No,No,No,No,No,No,Month-to-month,No,Bank transfer (automatic),69.0,994.8,High-Risk High-Spend Customers,Yes,Yes,58.37,Medium Risk,Priority Support + Personalized Offer + Long-Term Contract Incentive,Proactive Support + Personalized Offer
Male,0,No,No,1,Yes,Yes,DSL,No,No,Yes,Yes,No,No,Month-to-month,No,Mailed check,62.05,62.05,High-Risk High-Spend Customers,Yes,Yes,55.68,Medium Risk,Priority Support + Personalized Offer + Long-Term Contract Incentive,Proactive Support + Personalized Offer
Male,0,Yes,Yes,10,Yes,Yes,No,No internet service,No internet service,No internet service,No internet service,No internet service,No internet service,Month-to-month,Yes,Mailed check,24.4,253.9,New Low-Spend Customers,No,No,38.1,Medium Risk,Early Engagement + Welcome Offer + Service Guidance,Early Engagement + Service Guidance
Male,0,Yes,No,70,Yes,Yes,DSL,No,Yes,Yes,Yes,Yes,No,Two year,No,Bank transfer (automatic),72.95,5265.55,Loyal High-Spend Customers,No,No,2.67,Low Risk,Loyalty Rewards + Premium Benefits,Maintain Loyalty Benefits
Male,0,Yes,Yes,67,Yes,Yes,DSL,Yes,Yes,Yes,Yes,No,No,One year,Yes,Credit card (automatic),69.35,4653.25,Loyal High-Spend Customers,No,No,2.43,Low Risk,Loyalty Rewards + Premium Benefits,Maintain Loyalty Benefits
Male,0,Yes,Yes,4,Yes,No,No,No internet service,No internet service,No internet service,No internet service,No internet service,No internet service,Two year,No,Mailed check,19.9,76.65,New Low-Spend Customers,No,No,8.89,Low Risk,Early Engagement + Welcome Offer + Service Guidance,Regular Onboarding Communication
Female,0,Yes,No,70,No,No phone service,DSL,Yes,Yes,Yes,Yes,Yes,Yes,Two year,No,Bank transfer (automatic),64.55,4504.9,Loyal High-Spend Customers,No,No,2.09,Low Risk,Loyalty Rewards + Premium Benefits,Maintain Loyalty Benefits
Male,0,No,No,1,Yes,Yes,Fiber optic,No,Yes,No,No,No,Yes,Month-to-month,Yes,Credit card (automatic),90.85,90.85,High-Risk High-Spend Customers,Yes,Yes,86.58,High Risk,Priority Support + Personalized Offer + Long-Term Contract Incentive,Urgent Priority Support + Personalized Offer + Contract Incentive
Male,0,Yes,Yes,67,Yes,Yes,Fiber optic,Yes,Yes,Yes,No,Yes,Yes,One year,Yes,Electronic check,111.3,7482.1,Loyal High-Spend Customers,Yes,No,31.54,Medium Risk,Loyalty Rewards + Premium Benefits,Loyalty Reward + Customer Check-In
Female,1,No,No,5,Yes,No,Fiber optic,No,No,Yes,No,No,No,Month-to-month,Yes,Credit card (automatic),75.55,349.65,High-Risk High-Spend Customers,Yes,Yes,81.36,High Risk,Priority Support + Personalized Offer + Long-Term Contract Incentive,Urgent Priority Support + Personalized Offer + Contract Incentive
Male,0,No,Yes,3,Yes,Yes,No,No internet service,No internet service,No internet service,No internet service,No internet service,No internet service,Two year,Yes,Mailed check,26.4,121.25,New Low-Spend Customers,No,No,15.09,Low Risk,Early Engagement + Welcome Offer + Service Guidance,Regular Onboarding Communication
Female,0,Yes,Yes,1,Yes,No,No,No internet service,No internet service,No internet service,No internet service,No internet service,No internet service,Month-to-month,No,Electronic check,19.45,19.45,New Low-Spend Customers,No,No,43.43,Medium Risk,Early Engagement + Welcome Offer + Service Guidance,Early Engagement + Service Guidance
Male,0,Yes,No,20,Yes,No,No,No internet service,No internet service,No internet service,No internet service,No internet service,No internet service,One year,No,Mailed check,20.65,417.5,New Low-Spend Customers,No,No,10.19,Low Risk,Early Engagement + Welcome Offer + Service Guidance,Regular Onboarding Communication
Female,0,Yes,Yes,65,Yes,Yes,DSL,Yes,Yes,Yes,Yes,Yes,Yes,Two year,No,Bank transfer (automatic),91.55,5963.95,Loyal High-Spend Customers,No,No,2.05,Low Risk,Loyalty Rewards + Premium Benefits,Maintain Loyalty Benefits
Female,0,Yes,No,48,No,No phone service,DSL,Yes,No,Yes,No,No,Yes,Month-to-month,Yes,Bank transfer (automatic),45.3,2145.0,Loyal Low-Spend Customers,Yes,No,27.0,Low Risk,Maintain Service + Loyalty Communication,Maintain Service Quality
Male,0,Yes,Yes,47,Yes,Yes,No,No internet service,No internet service,No internet service,No internet service,No internet service,No internet service,Two year,No,Mailed check,24.55,1160.45,Loyal Low-Spend Customers,No,No,1.49,Low Risk,Maintain Service + Loyalty Communication,Maintain Service Quality
Female,0,No,No,34,Yes,Yes,Fiber optic,Yes,Yes,Yes,No,Yes,Yes,Month-to-month,Yes,Mailed check,109.8,3587.25,Loyal High-Spend Customers,Yes,Yes,67.44,High Risk,Loyalty Rewards + Premium Benefits,Priority Loyalty Offer + Proactive Support
Female,0,Yes,No,67,Yes,Yes,DSL,Yes,Yes,Yes,No,No,No,Two year,No,Mailed check,65.65,4322.85,Loyal High-Spend Customers,No,No,1.76,Low Risk,Loyalty Rewards + Premium Benefits,Maintain Loyalty Benefits
Male,0,No,No,52,No,No phone service,DSL,No,Yes,No,No,No,No,One year,No,Mailed check,30.1,1623.4,Loyal Low-Spend Customers,No,No,8.26,Low Risk,Maintain Service + Loyalty Communication,Maintain Service Quality
Female,0,No,No,64,Yes,Yes,Fiber optic,Yes,Yes,Yes,Yes,Yes,Yes,Two year,Yes,Bank transfer (automatic),115.1,7334.05,Loyal High-Spend Customers,No,No,12.86,Low Risk,Loyalty Rewards + Premium Benefits,Maintain Loyalty Benefits
Female,0,No,No,26,No,No phone service,DSL,No,No,Yes,No,Yes,Yes,Month-to-month,Yes,Credit card (automatic),50.35,1277.5,New Low-Spend Customers,No,Yes,70.24,High Risk,Early Engagement + Welcome Offer + Service Guidance,Immediate Welcome Offer + Onboarding Support
Male,0,No,No,5,Yes,No,No,No internet service,No internet service,No internet service,No internet service,No internet service,No internet service,Month-to-month,No,Credit card (automatic),20.05,95.55,New Low-Spend Customers,No,No,38.69,Medium Risk,Early Engagement + Welcome Offer + Service Guidance,Early Engagement + Service Guidance
Male,0,Yes,No,60,Yes,No,Fiber optic,No,Yes,No,No,Yes,Yes,One year,Yes,Electronic check,94.4,5610.25,Loyal High-Spend Customers,Yes,No,41.27,Medium Risk,Loyalty Rewards + Premium Benefits,Loyalty Reward + Customer Check-In
Male,0,No,No,3,Yes,Yes,DSL,No,No,No,Yes,Yes,No,Month-to-month,Yes,Mailed check,65.25,209.9,High-Risk High-Spend Customers,No,Yes,66.55,High Risk,Priority Support + Personalized Offer + Long-Term Contract Incentive,Urgent Priority Support + Personalized Offer + Contract Incentive
Female,1,No,No,45,No,No phone service,DSL,No,No,No,No,No,Yes,One year,No,Electronic check,34.2,1596.6,Loyal Low-Spend Customers,No,No,26.14,Low Risk,Maintain Service + Loyalty Communication,Maintain Service Quality
Male,0,No,Yes,1,Yes,No,DSL,Yes,Yes,No,Yes,No,Yes,Month-to-month,Yes,Bank transfer (automatic),70.45,70.45,High-Risk High-Spend Customers,No,No,33.53,Medium Risk,Priority Support + Personalized Offer + Long-Term Contract Incentive,Proactive Support + Personalized Offer
Female,1,No,No,8,Yes,Yes,Fiber optic,No,No,No,No,No,No,Month-to-month,Yes,Electronic check,75.75,606.25,High-Risk High-Spend Customers,Yes,Yes,88.13,High Risk,Priority Support + Personalized Offer + Long-Term Contract Incentive,Urgent Priority Support + Personalized Offer + Contract Incentive
Male,1,Yes,No,59,Yes,No,Fiber optic,Yes,Yes,Yes,No,No,No,One year,Yes,Credit card (automatic),82.95,4903.15,Loyal High-Spend Customers,No,No,15.47,Low Risk,Loyalty Rewards + Premium Benefits,Maintain Loyalty Benefits
Male,0,Yes,No,18,Yes,No,DSL,No,No,Yes,No,No,No,Month-to-month,Yes,Mailed check,49.55,878.35,New Low-Spend Customers,Yes,Yes,51.99,Medium Risk,Early Engagement + Welcome Offer + Service Guidance,Early Engagement + Service Guidance
Male,0,No,No,39,No,No phone service,DSL,No,No,No,Yes,No,Yes,Month-to-month,Yes,Electronic check,40.6,1494.5,Loyal Low-Spend Customers,No,No,45.04,Medium Risk,Maintain Service + Loyalty Communication,Customer Check-In + Loyalty Communication
Female,0,Yes,Yes,69,Yes,No,No,No internet service,No internet service,No internet service,No internet service,No internet service,No internet service,Two year,No,Bank transfer (automatic),20.2,1412.65,Loyal Low-Spend Customers,No,No,0.29,Low Risk,Maintain Service + Loyalty Communication,Maintain Service Quality
Male,0,Yes,No,55,Yes,Yes,Fiber optic,Yes,Yes,No,No,Yes,No,Month-to-month,Yes,Electronic check,96.75,5238.9,Loyal High-Spend Customers,Yes,Yes,52.5,Medium Risk,Loyalty Rewards + Premium Benefits,Loyalty Reward + Customer Check-In
Female,0,Yes,Yes,72,Yes,Yes,Fiber optic,Yes,Yes,Yes,Yes,Yes,Yes,Two year,Yes,Bank transfer (automatic),118.75,8672.45,Loyal High-Spend Customers,No,No,8.06,Low Risk,Loyalty Rewards + Premium Benefits,Maintain Loyalty Benefits
Male,0,No,No,18,No,No phone service,DSL,No,No,No,No,No,No,Month-to-month,No,Mailed check,25.15,476.8,New Low-Spend Customers,No,Yes,58.05,Medium Risk,Early Engagement + Welcome Offer + Service Guidance,Early Engagement + Service Guidance
Female,0,Yes,No,72,Yes,Yes,Fiber optic,No,Yes,Yes,Yes,Yes,Yes,Two year,Yes,Bank transfer (automatic),110.45,7982.5,Loyal High-Spend Customers,No,No,16.1,Low Risk,Loyalty Rewards + Premium Benefits,Maintain Loyalty Benefits
Male,0,No,No,1,Yes,No,DSL,Yes,No,No,No,No,No,Month-to-month,No,Electronic check,49.75,49.75,New Low-Spend Customers,No,Yes,58.87,Medium Risk,Early Engagement + Welcome Offer + Service Guidance,Early Engagement + Service Guidance
Male,0,No,No,2,Yes,No,No,No internet service,No internet service,No internet service,No internet service,No internet service,No internet service,One year,No,Credit card (automatic),19.3,28.3,New Low-Spend Customers,Yes,No,24.28,Low Risk,Early Engagement + Welcome Offer + Service Guidance,Regular Onboarding Communication
Female,0,Yes,Yes,25,Yes,No,No,No internet service,No internet service,No internet service,No internet service,No internet service,No internet service,Two year,Yes,Mailed check,18.7,383.65,New Low-Spend Customers,No,No,4.03,Low Risk,Early Engagement + Welcome Offer + Service Guidance,Regular Onboarding Communication
Female,0,No,No,36,Yes,No,No,No internet service,No internet service,No internet service,No internet service,No internet service,No internet service,One year,Yes,Bank transfer (automatic),19.25,679.8,Loyal Low-Spend Customers,No,No,5.75,Low Risk,Maintain Service + Loyalty Communication,Maintain Service Quality
Female,1,No,No,14,No,No phone service,DSL,Yes,No,Yes,Yes,No,No,Two year,No,Mailed check,39.7,692.35,New Low-Spend Customers,No,No,13.37,Low Risk,Early Engagement + Welcome Offer + Service Guidance,Regular Onboarding Communication
Male,0,Yes,Yes,18,Yes,No,Fiber optic,No,No,Yes,No,Yes,Yes,Month-to-month,No,Mailed check,95.15,1779.95,High-Risk High-Spend Customers,Yes,Yes,71.67,High Risk,Priority Support + Personalized Offer + Long-Term Contract Incentive,Urgent Priority Support + Personalized Offer + Contract Incentive
Male,0,Yes,No,53,Yes,No,No,No internet service,No internet service,No internet service,No internet service,No internet service,No internet service,Two year,No,Credit card (automatic),19.9,1110.05,Loyal Low-Spend Customers,No,No,1.1,Low Risk,Maintain Service + Loyalty Communication,Maintain Service Quality
Male,0,No,No,19,No,No phone service,DSL,No,No,Yes,No,Yes,No,Month-to-month,Yes,Electronic check,39.65,733.35,New Low-Spend Customers,Yes,Yes,77.42,High Risk,Early Engagement + Welcome Offer + Service Guidance,Immediate Welcome Offer + Onboarding Support
Female,0,Yes,Yes,59,Yes,Yes,DSL,Yes,Yes,Yes,Yes,Yes,Yes,Two year,No,Credit card (automatic),90.3,5194.05,Loyal High-Spend Customers,No,No,2.64,Low Risk,Loyalty Rewards + Premium Benefits,Maintain Loyalty Benefits
Male,1,No,No,11,Yes,No,Fiber optic,No,No,No,No,No,Yes,Month-to-month,Yes,Electronic check,78.5,874.2,High-Risk High-Spend Customers,No,Yes,87.94,High Risk,Priority Support + Personalized Offer + Long-Term Contract Incentive,Urgent Priority Support + Personalized Offer + Contract Incentive
Male,0,No,No,48,Yes,Yes,Fiber optic,Yes,No,No,Yes,No,Yes,Month-to-month,Yes,Electronic check,95.4,4445.3,Loyal High-Spend Customers,No,Yes,52.48,Medium Risk,Loyalty Rewards + Premium Benefits,Loyalty Reward + Customer Check-In
Male,1,No,No,52,No,No phone service,DSL,Yes,No,No,No,Yes,Yes,Month-to-month,Yes,Credit card (automatic),48.8,2555.05,Loyal Low-Spend Customers,No,No,34.8,Medium Risk,Maintain Service + Loyalty Communication,Customer Check-In + Loyalty Communication
Male,0,No,No,27,Yes,No,DSL,Yes,No,No,Yes,No,No,Month-to-month,No,Mailed check,53.45,1461.45,High-Risk High-Spend Customers,No,No,17.57,Low Risk,Priority Support + Personalized Offer + Long-Term Contract Incentive,Maintain Premium Relationship
Female,1,No,No,18,Yes,No,Fiber optic,No,No,Yes,No,No,Yes,Month-to-month,Yes,Electronic check,84.95,1443.65,High-Risk High-Spend Customers,No,Yes,84.4,High Risk,Priority Support + Personalized Offer + Long-Term Contract Incentive,Urgent Priority Support + Personalized Offer + Contract Incentive
Female,0,Yes,Yes,1,Yes,No,No,No internet service,No internet service,No internet service,No internet service,No internet service,No internet service,Month-to-month,Yes,Electronic check,21.0,21.0,New Low-Spend Customers,Yes,No,48.72,Medium Risk,Early Engagement + Welcome Offer + Service Guidance,Early Engagement + Service Guidance
Female,0,No,No,18,Yes,Yes,Fiber optic,No,No,No,No,No,No,Month-to-month,Yes,Electronic check,74.15,1345.75,High-Risk High-Spend Customers,No,Yes,83.88,High Risk,Priority Support + Personalized Offer + Long-Term Contract Incentive,Urgent Priority Support + Personalized Offer + Contract Incentive
Male,0,No,No,25,Yes,No,Fiber optic,No,No,Yes,Yes,Yes,Yes,Two year,No,Bank transfer (automatic),99.3,2513.5,High-Risk High-Spend Customers,No,No,27.42,Low Risk,Priority Support + Personalized Offer + Long-Term Contract Incentive,Maintain Premium Relationship
Female,0,No,No,13,Yes,No,Fiber optic,No,Yes,No,No,No,No,One year,Yes,Mailed check,74.65,966.25,High-Risk High-Spend Customers,No,Yes,50.13,Medium Risk,Priority Support + Personalized Offer + Long-Term Contract Incentive,Proactive Support + Personalized Offer
Male,0,No,No,5,Yes,Yes,Fiber optic,No,Yes,Yes,No,No,No,Month-to-month,Yes,Electronic check,85.3,424.15,High-Risk High-Spend Customers,Yes,Yes,86.53,High Risk,Priority Support + Personalized Offer + Long-Term Contract Incentive,Urgent Priority Support + Personalized Offer + Contract Incentive
Female,0,No,No,2,Yes,No,Fiber optic,No,No,No,No,No,Yes,Month-to-month,No,Electronic check,80.55,184.1,High-Risk High-Spend Customers,Yes,Yes,86.03,High Risk,Priority Support + Personalized Offer + Long-Term Contract Incentive,Urgent Priority Support + Personalized Offer + Contract Incentive
Male,0,Yes,Yes,47,No,No phone service,DSL,Yes,No,Yes,Yes,No,No,One year,No,Electronic check,40.3,1794.8,Loyal Low-Spend Customers,No,No,5.6,Low Risk,Maintain Service + Loyalty Communication,Maintain Service Quality
Female,0,Yes,Yes,72,Yes,No,No,No internet service,No internet service,No internet service,No internet service,No internet service,No internet service,Two year,No,Bank transfer (automatic),19.55,1463.45,Loyal Low-Spend Customers,No,No,0.25,Low Risk,Maintain Service + Loyalty Communication,Maintain Service Quality
Male,0,Yes,Yes,33,Yes,No,No,No internet service,No internet service,No internet service,No internet service,No internet service,No internet service,One year,Yes,Bank transfer (automatic),19.45,600.25,New Low-Spend Customers,No,No,4.86,Low Risk,Early Engagement + Welcome Offer + Service Guidance,Regular Onboarding Communication
Female,0,No,Yes,35,Yes,No,No,No internet service,No internet service,No internet service,No internet service,No internet service,No internet service,One year,Yes,Credit card (automatic),20.1,644.5,Loyal Low-Spend Customers,No,No,4.67,Low Risk,Maintain Service + Loyalty Communication,Maintain Service Quality
Female,0,No,No,48,Yes,Yes,DSL,No,Yes,Yes,Yes,Yes,No,One year,Yes,Bank transfer (automatic),73.85,3581.4,Loyal High-Spend Customers,No,No,12.19,Low Risk,Loyalty Rewards + Premium Benefits,Maintain Loyalty Benefits
Male,1,No,No,4,Yes,No,Fiber optic,No,No,No,No,No,No,Month-to-month,No,Electronic check,69.35,261.65,High-Risk High-Spend Customers,No,Yes,83.62,High Risk,Priority Support + Personalized Offer + Long-Term Contract Incentive,Urgent Priority Support + Personalized Offer + Contract Incentive
Male,0,Yes,No,29,No,No phone service,DSL,No,No,No,No,Yes,Yes,Month-to-month,Yes,Electronic check,45.9,1332.4,New Low-Spend Customers,No,Yes,73.61,High Risk,Early Engagement + Welcome Offer + Service Guidance,Immediate Welcome Offer + Onboarding Support
Male,0,Yes,No,34,Yes,Yes,Fiber optic,No,No,Yes,No,Yes,Yes,Month-to-month,Yes,Electronic check,100.05,3480.0,High-Risk High-Spend Customers,Yes,Yes,86.59,High Risk,Priority Support + Personalized Offer + Long-Term Contract Incentive,Urgent Priority Support + Personalized Offer + Contract Incentive
Male,0,Yes,Yes,69,No,No phone service,DSL,Yes,No,Yes,Yes,No,No,Two year,No,Mailed check,39.1,2779.5,Loyal Low-Spend Customers,No,No,0.82,Low Risk,Maintain Service + Loyalty Communication,Maintain Service Quality
Female,0,No,No,25,No,No phone service,DSL,No,No,Yes,Yes,Yes,Yes,One year,No,Electronic check,54.2,1423.15,High-Risk High-Spend Customers,No,No,42.52,Medium Risk,Priority Support + Personalized Offer + Long-Term Contract Incentive,Proactive Support + Personalized Offer
Female,0,Yes,No,72,Yes,Yes,DSL,Yes,Yes,No,Yes,Yes,Yes,Two year,Yes,Bank transfer (automatic),86.4,6058.95,Loyal High-Spend Customers,No,No,2.57,Low Risk,Loyalty Rewards + Premium Benefits,Maintain Loyalty Benefits
Female,0,Yes,Yes,33,Yes,No,No,No internet service,No internet service,No internet service,No internet service,No internet service,No internet service,Two year,No,Mailed check,20.1,670.35,New Low-Spend Customers,No,No,2.02,Low Risk,Early Engagement + Welcome Offer + Service Guidance,Regular Onboarding Communication
Male,0,Yes,Yes,68,Yes,Yes,Fiber optic,Yes,Yes,No,No,No,No,One year,Yes,Bank transfer (automatic),85.5,5696.6,Loyal High-Spend Customers,No,No,9.02,Low Risk,Loyalty Rewards + Premium Benefits,Maintain Loyalty Benefits
Male,0,No,Yes,44,Yes,No,No,No internet service,No internet service,No internet service,No internet service,No internet service,No internet service,Two year,No,Bank transfer (automatic),19.55,819.95,Loyal Low-Spend Customers,No,No,1.1,Low Risk,Maintain Service + Loyalty Communication,Maintain Service Quality
Female,0,No,No,50,Yes,No,No,No internet service,No internet service,No internet service,No internet service,No internet service,No internet service,Two year,No,Credit card (automatic),19.4,1023.95,Loyal Low-Spend Customers,No,No,1.27,Low Risk,Maintain Service + Loyalty Communication,Maintain Service Quality
Male,0,Yes,Yes,24,Yes,Yes,No,No internet service,No internet service,No internet service,No internet service,No internet service,No internet service,Two year,No,Mailed check,24.2,609.05,New Low-Spend Customers,No,No,4.75,Low Risk,Early Engagement + Welcome Offer + Service Guidance,Regular Onboarding Communication
Male,0,Yes,Yes,22,Yes,No,DSL,Yes,Yes,No,Yes,No,No,Month-to-month,Yes,Mailed check,57.95,1271.8,High-Risk High-Spend Customers,No,No,16.7,Low Risk,Priority Support + Personalized Offer + Long-Term Contract Incentive,Maintain Premium Relationship
Male,0,Yes,Yes,72,Yes,Yes,Fiber optic,Yes,Yes,No,Yes,Yes,Yes,Two year,Yes,Credit card (automatic),107.7,7919.8,Loyal High-Spend Customers,No,No,9.04,Low Risk,Loyalty Rewards + Premium Benefits,Maintain Loyalty Benefits
Female,0,No,No,2,Yes,Yes,Fiber optic,No,No,No,No,No,No,Month-to-month,Yes,Mailed check,74.9,136.05,High-Risk High-Spend Customers,No,Yes,85.54,High Risk,Priority Support + Personalized Offer + Long-Term Contract Incentive,Urgent Priority Support + Personalized Offer + Contract Incentive
Female,0,No,No,49,Yes,No,DSL,No,No,Yes,Yes,Yes,Yes,Two year,Yes,Bank transfer (automatic),74.45,3721.9,Loyal High-Spend Customers,No,No,7.64,Low Risk,Loyalty Rewards + Premium Benefits,Maintain Loyalty Benefits
Female,0,Yes,No,55,Yes,No,Fiber optic,Yes,No,No,No,Yes,Yes,One year,Yes,Electronic check,94.75,5276.1,Loyal High-Spend Customers,No,No,37.59,Medium Risk,Loyalty Rewards + Premium Benefits,Loyalty Reward + Customer Check-In
Female,0,No,Yes,2,Yes,Yes,Fiber optic,No,No,No,No,Yes,Yes,Month-to-month,Yes,Bank transfer (automatic),94.2,193.8,High-Risk High-Spend Customers,Yes,Yes,86.47,High Risk,Priority Support + Personalized Offer + Long-Term Contract Incentive,Urgent Priority Support + Personalized Offer + Contract Incentive
Male,0,No,No,2,Yes,No,Fiber optic,No,No,No,No,No,No,Month-to-month,Yes,Electronic check,67.75,116.65,High-Risk High-Spend Customers,Yes,Yes,87.69,High Risk,Priority Support + Personalized Offer + Long-Term Contract Incentive,Urgent Priority Support + Personalized Offer + Contract Incentive
Male,0,No,Yes,4,Yes,No,DSL,Yes,No,No,No,No,No,Month-to-month,No,Electronic check,49.35,219.65,New Low-Spend Customers,Yes,No,47.77,Medium Risk,Early Engagement + Welcome Offer + Service Guidance,Early Engagement + Service Guidance
Male,0,No,No,3,No,No phone service,DSL,No,No,Yes,No,Yes,No,Month-to-month,Yes,Mailed check,40.15,130.75,New Low-Spend Customers,Yes,Yes,82.87,High Risk,Early Engagement + Welcome Offer + Service Guidance,Immediate Welcome Offer + Onboarding Support
Female,0,Yes,Yes,3,No,No phone service,DSL,No,No,No,Yes,No,No,Month-to-month,Yes,Mailed check,31.0,95.05,New Low-Spend Customers,Yes,Yes,60.71,High Risk,Early Engagement + Welcome Offer + Service Guidance,Immediate Welcome Offer + Onboarding Support
Male,1,Yes,No,34,Yes,Yes,Fiber optic,No,No,No,No,No,No,Month-to-month,Yes,Electronic check,75.55,2425.4,High-Risk High-Spend Customers,No,Yes,75.23,High Risk,Priority Support + Personalized Offer + Long-Term Contract Incentive,Urgent Priority Support + Personalized Offer + Contract Incentive
Male,0,Yes,Yes,49,Yes,Yes,Fiber optic,No,No,No,Yes,Yes,Yes,One year,Yes,Electronic check,97.95,4917.9,Loyal High-Spend Customers,No,No,45.4,Medium Risk,Loyalty Rewards + Premium Benefits,Loyalty Reward + Customer Check-In
Male,0,Yes,Yes,11,Yes,Yes,Fiber optic,No,No,No,No,No,No,Month-to-month,Yes,Electronic check,74.35,834.2,High-Risk High-Spend Customers,Yes,Yes,82.68,High Risk,Priority Support + Personalized Offer + Long-Term Contract Incentive,Urgent Priority Support + Personalized Offer + Contract Incentive
Female,1,Yes,No,70,Yes,Yes,Fiber optic,No,Yes,No,Yes,Yes,Yes,Two year,Yes,Bank transfer (automatic),104.45,7349.35,Loyal High-Spend Customers,No,No,16.26,Low Risk,Loyalty Rewards + Premium Benefits,Maintain Loyalty Benefits
Male,0,Yes,Yes,8,Yes,No,DSL,Yes,No,No,No,No,No,Month-to-month,Yes,Credit card (automatic),51.3,411.6,New Low-Spend Customers,No,No,39.95,Medium Risk,Early Engagement + Welcome Offer + Service Guidance,Early Engagement + Service Guidance
Male,0,No,No,12,Yes,No,No,No internet service,No internet service,No internet service,No internet service,No internet service,No internet service,Month-to-month,No,Credit card (automatic),20.05,265.45,New Low-Spend Customers,No,No,30.62,Medium Risk,Early Engagement + Welcome Offer + Service Guidance,Early Engagement + Service Guidance
Female,1,Yes,No,35,Yes,Yes,Fiber optic,Yes,Yes,No,Yes,Yes,No,Month-to-month,Yes,Bank transfer (automatic),100.5,3653.35,Loyal High-Spend Customers,Yes,No,47.18,Medium Risk,Loyalty Rewards + Premium Benefits,Loyalty Reward + Customer Check-In
Male,0,No,No,48,Yes,Yes,Fiber optic,No,Yes,Yes,No,Yes,Yes,Two year,Yes,Bank transfer (automatic),108.1,5067.45,Loyal High-Spend Customers,No,No,31.5,Medium Risk,Loyalty Rewards + Premium Benefits,Loyalty Reward + Customer Check-In
Male,0,No,No,12,Yes,No,DSL,No,No,No,Yes,No,No,Month-to-month,No,Bank transfer (automatic),50.25,593.75,New Low-Spend Customers,Yes,No,36.39,Medium Risk,Early Engagement + Welcome Offer + Service Guidance,Early Engagement + Service Guidance
Male,0,No,No,11,Yes,No,Fiber optic,No,No,Yes,No,No,Yes,Month-to-month,No,Electronic check,84.8,888.75,High-Risk High-Spend Customers,No,Yes,83.13,High Risk,Priority Support + Personalized Offer + Long-Term Contract Incentive,Urgent Priority Support + Personalized Offer + Contract Incentive
Male,0,Yes,Yes,1,Yes,No,Fiber optic,No,No,No,No,No,No,Month-to-month,Yes,Electronic check,70.0,70.0,High-Risk High-Spend Customers,Yes,Yes,82.71,High Risk,Priority Support + Personalized Offer + Long-Term Contract Incentive,Urgent Priority Support + Personalized Offer + Contract Incentive
Female,0,No,No,31,Yes,Yes,DSL,Yes,No,Yes,Yes,No,No,Month-to-month,No,Credit card (automatic),65.25,1994.3,High-Risk High-Spend Customers,Yes,No,20.66,Low Risk,Priority Support + Personalized Offer + Long-Term Contract Incentive,Maintain Premium Relationship
Male,0,No,No,3,Yes,Yes,Fiber optic,No,No,Yes,No,Yes,Yes,Month-to-month,Yes,Electronic check,100.95,329.95,High-Risk High-Spend Customers,Yes,Yes,93.12,High Risk,Priority Support + Personalized Offer + Long-Term Contract Incentive,Urgent Priority Support + Personalized Offer + Contract Incentive
Female,1,Yes,No,40,Yes,No,Fiber optic,No,Yes,No,Yes,Yes,Yes,One year,Yes,Credit card (automatic),99.2,4062.2,Loyal High-Spend Customers,Yes,No,38.14,Medium Risk,Loyalty Rewards + Premium Benefits,Loyalty Reward + Customer Check-In
Female,0,Yes,Yes,66,Yes,Yes,DSL,Yes,Yes,Yes,No,No,No,Month-to-month,Yes,Bank transfer (automatic),67.45,4508.65,Loyal High-Spend Customers,No,No,7.08,Low Risk,Loyalty Rewards + Premium Benefits,Maintain Loyalty Benefits
Female,0,No,No,40,Yes,Yes,Fiber optic,No,No,Yes,Yes,Yes,Yes,One year,Yes,Credit card (automatic),105.95,4335.2,Loyal High-Spend Customers,No,Yes,50.57,Medium Risk,Loyalty Rewards + Premium Benefits,Loyalty Reward + Customer Check-In
Female,0,No,No,19,No,No phone service,DSL,No,Yes,No,No,No,Yes,Month-to-month,Yes,Electronic check,39.7,710.05,New Low-Spend Customers,No,Yes,73.13,High Risk,Early Engagement + Welcome Offer + Service Guidance,Immediate Welcome Offer + Onboarding Support
Female,0,No,No,1,Yes,No,No,No internet service,No internet service,No internet service,No internet service,No internet service,No internet service,Month-to-month,No,Electronic check,20.7,20.7,New Low-Spend Customers,No,Yes,50.83,Medium Risk,Early Engagement + Welcome Offer + Service Guidance,Early Engagement + Service Guidance
Male,0,Yes,Yes,60,Yes,Yes,Fiber optic,Yes,No,Yes,Yes,Yes,Yes,Two year,Yes,Electronic check,110.6,6586.85,Loyal High-Spend Customers,No,No,17.13,Low Risk,Loyalty Rewards + Premium Benefits,Maintain Loyalty Benefits
Male,0,Yes,Yes,42,Yes,No,No,No internet service,No internet service,No internet service,No internet service,No internet service,No internet service,Two year,No,Mailed check,19.35,867.3,Loyal Low-Spend Customers,No,No,1.35,Low Risk,Maintain Service + Loyalty Communication,Maintain Service Quality
Male,0,Yes,No,64,Yes,Yes,DSL,Yes,No,No,No,Yes,No,One year,Yes,Credit card (automatic),66.15,4392.5,Loyal High-Spend Customers,No,No,8.32,Low Risk,Loyalty Rewards + Premium Benefits,Maintain Loyalty Benefits
Female,0,No,No,70,Yes,Yes,DSL,Yes,Yes,Yes,Yes,Yes,Yes,Two year,No,Credit card (automatic),89.75,6367.2,Loyal High-Spend Customers,No,No,2.96,Low Risk,Loyalty Rewards + Premium Benefits,Maintain Loyalty Benefits
Female,0,Yes,No,42,Yes,Yes,Fiber optic,No,No,Yes,Yes,No,No,Month-to-month,Yes,Credit card (automatic),85.9,3729.75,Loyal High-Spend Customers,No,Yes,52.92,Medium Risk,Loyalty Rewards + Premium Benefits,Loyalty Reward + Customer Check-In
Male,0,No,No,14,Yes,No,No,No internet service,No internet service,No internet service,No internet service,No internet service,No internet service,One year,No,Mailed check,19.35,324.8,New Low-Spend Customers,No,No,14.26,Low Risk,Early Engagement + Welcome Offer + Service Guidance,Regular Onboarding Communication
Female,0,Yes,Yes,61,Yes,Yes,DSL,Yes,Yes,No,No,No,No,Month-to-month,No,Electronic check,59.8,3641.5,Loyal Low-Spend Customers,No,No,9.1,Low Risk,Maintain Service + Loyalty Communication,Maintain Service Quality
Male,0,No,No,35,Yes,No,Fiber optic,Yes,No,No,Yes,No,Yes,One year,Yes,Electronic check,89.2,3251.3,High-Risk High-Spend Customers,No,No,34.23,Medium Risk,Priority Support + Personalized Offer + Long-Term Contract Incentive,Proactive Support + Personalized Offer
Female,0,No,No,1,Yes,No,DSL,No,No,Yes,No,No,No,Month-to-month,Yes,Mailed check,50.45,50.45,New Low-Spend Customers,Yes,Yes,67.84,High Risk,Early Engagement + Welcome Offer + Service Guidance,Immediate Welcome Offer + Onboarding Support
Male,1,No,No,33,Yes,Yes,Fiber optic,No,Yes,Yes,No,No,No,Month-to-month,Yes,Credit card (automatic),83.85,2716.3,High-Risk High-Spend Customers,Yes,Yes,68.49,High Risk,Priority Support + Personalized Offer + Long-Term Contract Incentive,Urgent Priority Support + Personalized Offer + Contract Incentive
Male,1,No,No,64,Yes,No,No,No internet service,No internet service,No internet service,No internet service,No internet service,No internet service,Two year,Yes,Bank transfer (automatic),20.05,1198.05,Loyal Low-Spend Customers,No,No,0.75,Low Risk,Maintain Service + Loyalty Communication,Maintain Service Quality
Female,0,No,No,6,Yes,No,No,No internet service,No internet service,No internet service,No internet service,No internet service,No internet service,Month-to-month,No,Mailed check,20.0,109.2,New Low-Spend Customers,No,No,35.78,Medium Risk,Early Engagement + Welcome Offer + Service Guidance,Early Engagement + Service Guidance
Female,1,Yes,Yes,65,Yes,Yes,Fiber optic,No,No,Yes,Yes,Yes,Yes,One year,Yes,Bank transfer (automatic),103.9,6767.1,Loyal High-Spend Customers,No,No,28.2,Low Risk,Loyalty Rewards + Premium Benefits,Maintain Loyalty Benefits
Female,1,Yes,No,25,Yes,No,Fiber optic,No,No,No,No,No,No,Month-to-month,Yes,Electronic check,69.3,1813.1,High-Risk High-Spend Customers,No,Yes,76.04,High Risk,Priority Support + Personalized Offer + Long-Term Contract Incentive,Urgent Priority Support + Personalized Offer + Contract Incentive
Male,0,Yes,Yes,71,Yes,Yes,DSL,Yes,Yes,Yes,Yes,Yes,Yes,Two year,No,Credit card (automatic),89.9,6457.15,Loyal High-Spend Customers,No,No,2.09,Low Risk,Loyalty Rewards + Premium Benefits,Maintain Loyalty Benefits
Male,0,No,No,34,Yes,Yes,Fiber optic,No,Yes,Yes,No,Yes,Yes,Month-to-month,Yes,Electronic check,106.35,3549.25,Loyal High-Spend Customers,Yes,Yes,83.16,High Risk,Loyalty Rewards + Premium Benefits,Priority Loyalty Offer + Proactive Support
Male,0,No,No,4,Yes,Yes,Fiber optic,No,No,No,No,No,No,Month-to-month,Yes,Bank transfer (automatic),72.2,305.55,High-Risk High-Spend Customers,Yes,Yes,85.65,High Risk,Priority Support + Personalized Offer + Long-Term Contract Incentive,Urgent Priority Support + Personalized Offer + Contract Incentive
Female,0,No,Yes,11,Yes,No,No,No internet service,No internet service,No internet service,No internet service,No internet service,No internet service,Month-to-month,No,Credit card (automatic),19.7,216.2,New Low-Spend Customers,No,No,24.35,Low Risk,Early Engagement + Welcome Offer + Service Guidance,Regular Onboarding Communication
Male,0,Yes,Yes,53,Yes,No,No,No internet service,No internet service,No internet service,No internet service,No internet service,No internet service,One year,No,Credit card (automatic),20.2,1068.15,Loyal Low-Spend Customers,No,No,1.48,Low Risk,Maintain Service + Loyalty Communication,Maintain Service Quality
Female,1,No,No,21,Yes,Yes,Fiber optic,No,No,No,No,Yes,Yes,Month-to-month,Yes,Bank transfer (automatic),95.4,2025.1,High-Risk High-Spend Customers,No,Yes,84.82,High Risk,Priority Support + Personalized Offer + Long-Term Contract Incentive,Urgent Priority Support + Personalized Offer + Contract Incentive
Male,1,Yes,No,57,Yes,Yes,Fiber optic,No,No,Yes,No,Yes,Yes,Month-to-month,No,Electronic check,100.6,5746.15,Loyal High-Spend Customers,Yes,Yes,74.03,High Risk,Loyalty Rewards + Premium Benefits,Priority Loyalty Offer + Proactive Support
Female,0,No,No,4,Yes,Yes,Fiber optic,No,Yes,No,No,No,No,Month-to-month,Yes,Mailed check,80.3,324.2,High-Risk High-Spend Customers,No,Yes,81.21,High Risk,Priority Support + Personalized Offer + Long-Term Contract Incentive,Urgent Priority Support + Personalized Offer + Contract Incentive
Male,0,No,No,7,Yes,No,DSL,No,No,No,No,No,No,Month-to-month,No,Mailed check,43.9,278.4,New Low-Spend Customers,No,Yes,56.75,Medium Risk,Early Engagement + Welcome Offer + Service Guidance,Early Engagement + Service Guidance
Male,0,No,Yes,41,Yes,No,DSL,Yes,Yes,Yes,No,Yes,No,One year,No,Mailed check,70.2,2894.55,High-Risk High-Spend Customers,No,No,6.31,Low Risk,Priority Support + Personalized Offer + Long-Term Contract Incentive,Maintain Premium Relationship
Male,0,No,Yes,25,Yes,No,Fiber optic,No,Yes,No,No,Yes,Yes,Month-to-month,Yes,Electronic check,95.9,2448.75,High-Risk High-Spend Customers,Yes,Yes,75.3,High Risk,Priority Support + Personalized Offer + Long-Term Contract Incentive,Urgent Priority Support + Personalized Offer + Contract Incentive
Female,0,No,No,1,Yes,No,DSL,No,No,No,Yes,No,No,Month-to-month,Yes,Electronic check,52.2,52.2,New Low-Spend Customers,Yes,Yes,62.91,High Risk,Early Engagement + Welcome Offer + Service Guidance,Immediate Welcome Offer + Onboarding Support
Female,0,Yes,Yes,29,Yes,No,No,No internet service,No internet service,No internet service,No internet service,No internet service,No internet service,One year,No,Electronic check,20.0,540.05,New Low-Spend Customers,No,No,6.69,Low Risk,Early Engagement + Welcome Offer + Service Guidance,Regular Onboarding Communication
Male,0,Yes,Yes,64,Yes,Yes,Fiber optic,No,No,Yes,No,No,Yes,One year,No,Credit card (automatic),90.25,5629.15,Loyal High-Spend Customers,No,No,23.04,Low Risk,Loyalty Rewards + Premium Benefits,Maintain Loyalty Benefits
Male,0,No,No,44,Yes,No,DSL,Yes,No,No,Yes,Yes,No,One year,No,Electronic check,65.4,2774.55,Loyal Low-Spend Customers,No,No,7.7,Low Risk,Maintain Service + Loyalty Communication,Maintain Service Quality
Female,0,No,No,1,Yes,No,DSL,No,No,No,No,No,No,Month-to-month,No,Mailed check,45.15,45.15,New Low-Spend Customers,No,Yes,61.49,High Risk,Early Engagement + Welcome Offer + Service Guidance,Immediate Welcome Offer + Onboarding Support
Male,0,Yes,Yes,71,Yes,No,Fiber optic,Yes,Yes,Yes,Yes,Yes,Yes,Two year,No,Credit card (automatic),109.3,7782.85,Loyal High-Spend Customers,No,No,5.06,Low Risk,Loyalty Rewards + Premium Benefits,Maintain Loyalty Benefits
Female,0,No,No,70,Yes,Yes,DSL,Yes,Yes,Yes,No,Yes,Yes,Two year,No,Mailed check,84.7,5991.05,Loyal High-Spend Customers,No,No,4.13,Low Risk,Loyalty Rewards + Premium Benefits,Maintain Loyalty Benefits
Female,0,No,No,2,Yes,No,No,No internet service,No internet service,No internet service,No internet service,No internet service,No internet service,Month-to-month,No,Credit card (automatic),20.35,35.1,New Low-Spend Customers,No,No,41.48,Medium Risk,Early Engagement + Welcome Offer + Service Guidance,Early Engagement + Service Guidance
Female,0,No,No,3,Yes,No,Fiber optic,No,Yes,No,No,Yes,No,Month-to-month,No,Electronic check,83.75,247.25,High-Risk High-Spend Customers,Yes,Yes,82.47,High Risk,Priority Support + Personalized Offer + Long-Term Contract Incentive,Urgent Priority Support + Personalized Offer + Contract Incentive
Female,0,Yes,Yes,6,Yes,No,No,No internet service,No internet service,No internet service,No internet service,No internet service,No internet service,Month-to-month,No,Mailed check,19.7,113.5,New Low-Spend Customers,No,No,28.51,Low Risk,Early Engagement + Welcome Offer + Service Guidance,Regular Onboarding Communication
Male,0,Yes,Yes,19,Yes,Yes,Fiber optic,No,No,No,Yes,Yes,Yes,One year,Yes,Electronic check,100.95,1875.55,High-Risk High-Spend Customers,Yes,Yes,60.85,High Risk,Priority Support + Personalized Offer + Long-Term Contract Incentive,Urgent Priority Support + Personalized Offer + Contract Incentive
Female,0,Yes,Yes,6,Yes,Yes,Fiber optic,No,Yes,Yes,No,Yes,No,Month-to-month,Yes,Mailed check,94.05,518.75,High-Risk High-Spend Customers,No,Yes,78.85,High Risk,Priority Support + Personalized Offer + Long-Term Contract Incentive,Urgent Priority Support + Personalized Offer + Contract Incentive
Female,0,Yes,No,49,Yes,No,No,No internet service,No internet service,No internet service,No internet service,No internet service,No internet service,One year,No,Credit card (automatic),20.7,1032.05,Loyal Low-Spend Customers,No,No,2.47,Low Risk,Maintain Service + Loyalty Communication,Maintain Service Quality
Male,0,Yes,Yes,39,Yes,Yes,Fiber optic,No,No,Yes,No,Yes,Yes,One year,No,Electronic check,100.0,3835.55,Loyal High-Spend Customers,No,Yes,55.16,Medium Risk,Loyalty Rewards + Premium Benefits,Loyalty Reward + Customer Check-In
Female,0,Yes,Yes,61,Yes,Yes,Fiber optic,Yes,Yes,Yes,No,No,Yes,One year,Yes,Credit card (automatic),100.7,6018.65,Loyal High-Spend Customers,No,No,19.06,Low Risk,Loyalty Rewards + Premium Benefits,Maintain Loyalty Benefits
Female,0,No,No,1,No,No phone service,DSL,No,No,No,No,No,No,Month-to-month,No,Mailed check,24.4,24.4,New Low-Spend Customers,No,Yes,76.53,High Risk,Early Engagement + Welcome Offer + Service Guidance,Immediate Welcome Offer + Onboarding Support
Female,0,No,No,5,Yes,No,No,No internet service,No internet service,No internet service,No internet service,No internet service,No internet service,Month-to-month,No,Mailed check,19.95,109.6,New Low-Spend Customers,No,No,37.21,Medium Risk,Early Engagement + Welcome Offer + Service Guidance,Early Engagement + Service Guidance
Male,0,Yes,No,3,No,No phone service,DSL,Yes,No,No,Yes,No,No,Month-to-month,No,Mailed check,35.1,101.1,New Low-Spend Customers,No,Yes,50.86,Medium Risk,Early Engagement + Welcome Offer + Service Guidance,Early Engagement + Service Guidance
Male,0,No,No,67,Yes,No,No,No internet service,No internet service,No internet service,No internet service,No internet service,No internet service,Two year,No,Bank transfer (automatic),20.5,1430.95,Loyal Low-Spend Customers,No,No,0.47,Low Risk,Maintain Service + Loyalty Communication,Maintain Service Quality
Male,1,No,No,69,Yes,Yes,DSL,Yes,No,Yes,Yes,No,Yes,Two year,No,Credit card (automatic),74.1,5031.0,Loyal High-Spend Customers,No,No,2.42,Low Risk,Loyalty Rewards + Premium Benefits,Maintain Loyalty Benefits
Female,0,No,No,19,Yes,No,DSL,No,No,No,No,No,Yes,Month-to-month,Yes,Electronic check,56.2,1093.4,High-Risk High-Spend Customers,No,Yes,65.05,High Risk,Priority Support + Personalized Offer + Long-Term Contract Incentive,Urgent Priority Support + Personalized Offer + Contract Incentive
Female,0,Yes,Yes,62,Yes,Yes,Fiber optic,No,Yes,Yes,Yes,Yes,Yes,One year,Yes,Electronic check,110.8,6840.95,Loyal High-Spend Customers,No,No,33.59,Medium Risk,Loyalty Rewards + Premium Benefits,Loyalty Reward + Customer Check-In
Male,1,Yes,No,4,No,No phone service,DSL,No,No,Yes,No,No,No,Month-to-month,Yes,Electronic check,29.9,118.25,New Low-Spend Customers,No,Yes,85.66,High Risk,Early Engagement + Welcome Offer + Service Guidance,Immediate Welcome Offer + Onboarding Support
Female,0,No,No,15,Yes,No,Fiber optic,No,Yes,No,No,Yes,No,Month-to-month,Yes,Bank transfer (automatic),83.2,1130.0,High-Risk High-Spend Customers,No,Yes,72.8,High Risk,Priority Support + Personalized Offer + Long-Term Contract Incentive,Urgent Priority Support + Personalized Offer + Contract Incentive
Male,0,Yes,Yes,52,Yes,Yes,Fiber optic,No,Yes,No,Yes,No,Yes,Month-to-month,Yes,Bank transfer (automatic),93.25,4631.7,Loyal High-Spend Customers,No,No,37.96,Medium Risk,Loyalty Rewards + Premium Benefits,Loyalty Reward + Customer Check-In
Male,0,No,No,1,Yes,No,No,No internet service,No internet service,No internet service,No internet service,No internet service,No internet service,Month-to-month,No,Mailed check,20.25,20.25,New Low-Spend Customers,Yes,No,42.57,Medium Risk,Early Engagement + Welcome Offer + Service Guidance,Early Engagement + Service Guidance
Male,1,No,No,1,Yes,No,DSL,No,No,No,No,No,No,Month-to-month,No,Electronic check,45.2,45.2,New Low-Spend Customers,No,Yes,72.19,High Risk,Early Engagement + Welcome Offer + Service Guidance,Immediate Welcome Offer + Onboarding Support
Female,0,No,No,68,No,No phone service,DSL,Yes,No,Yes,Yes,No,No,Two year,No,Mailed check,38.9,2719.2,Loyal Low-Spend Customers,No,No,1.18,Low Risk,Maintain Service + Loyalty Communication,Maintain Service Quality
Male,0,Yes,Yes,2,Yes,No,No,No internet service,No internet service,No internet service,No internet service,No internet service,No internet service,One year,No,Mailed check,19.85,35.9,New Low-Spend Customers,Yes,No,17.53,Low Risk,Early Engagement + Welcome Offer + Service Guidance,Regular Onboarding Communication
Male,0,Yes,No,71,Yes,Yes,Fiber optic,Yes,Yes,Yes,No,Yes,No,Two year,Yes,Electronic check,99.0,6994.6,Loyal High-Spend Customers,No,No,15.94,Low Risk,Loyalty Rewards + Premium Benefits,Maintain Loyalty Benefits
Female,0,No,No,23,Yes,No,No,No internet service,No internet service,No internet service,No internet service,No internet service,No internet service,Month-to-month,Yes,Mailed check,19.5,470.2,New Low-Spend Customers,No,No,23.62,Low Risk,Early Engagement + Welcome Offer + Service Guidance,Regular Onboarding Communication
Female,0,Yes,Yes,59,Yes,Yes,No,No internet service,No internet service,No internet service,No internet service,No internet service,No internet service,Two year,No,Mailed check,25.45,1534.05,Loyal Low-Spend Customers,No,No,0.78,Low Risk,Maintain Service + Loyalty Communication,Maintain Service Quality
Female,0,No,No,12,Yes,No,No,No internet service,No internet service,No internet service,No internet service,No internet service,No internet service,Month-to-month,No,Mailed check,20.1,223.6,New Low-Spend Customers,No,No,28.78,Low Risk,Early Engagement + Welcome Offer + Service Guidance,Regular Onboarding Communication
Female,0,Yes,No,51,Yes,No,Fiber optic,Yes,Yes,Yes,No,Yes,No,One year,Yes,Electronic check,93.5,4619.55,Loyal High-Spend Customers,No,No,28.43,Low Risk,Loyalty Rewards + Premium Benefits,Maintain Loyalty Benefits
Male,0,No,No,55,Yes,No,DSL,Yes,No,Yes,Yes,No,No,Two year,Yes,Electronic check,59.2,3175.85,Loyal Low-Spend Customers,No,No,2.87,Low Risk,Maintain Service + Loyalty Communication,Maintain Service Quality
Male,1,Yes,No,60,Yes,Yes,Fiber optic,No,Yes,Yes,No,Yes,Yes,One year,Yes,Electronic check,104.35,6339.45,Loyal High-Spend Customers,No,Yes,57.28,Medium Risk,Loyalty Rewards + Premium Benefits,Loyalty Reward + Customer Check-In
Female,0,No,Yes,5,Yes,No,DSL,No,No,No,No,No,No,Month-to-month,No,Mailed check,46.0,221.7,New Low-Spend Customers,Yes,No,47.78,Medium Risk,Early Engagement + Welcome Offer + Service Guidance,Early Engagement + Service Guidance
Male,1,Yes,No,23,Yes,No,Fiber optic,Yes,Yes,No,No,No,Yes,Month-to-month,Yes,Electronic check,90.0,2024.1,High-Risk High-Spend Customers,No,Yes,69.4,High Risk,Priority Support + Personalized Offer + Long-Term Contract Incentive,Urgent Priority Support + Personalized Offer + Contract Incentive
Male,0,No,No,13,No,No phone service,DSL,No,No,No,No,No,No,Month-to-month,Yes,Bank transfer (automatic),25.15,331.85,New Low-Spend Customers,No,Yes,68.54,High Risk,Early Engagement + Welcome Offer + Service Guidance,Immediate Welcome Offer + Onboarding Support
Female,1,Yes,No,66,Yes,Yes,DSL,No,Yes,Yes,No,Yes,Yes,Two year,Yes,Bank transfer (automatic),80.55,5265.1,Loyal High-Spend Customers,Yes,No,8.53,Low Risk,Loyalty Rewards + Premium Benefits,Maintain Loyalty Benefits
Female,0,Yes,No,49,Yes,Yes,DSL,No,No,No,No,No,No,Month-to-month,Yes,Credit card (automatic),52.15,2583.75,Loyal Low-Spend Customers,No,No,27.24,Low Risk,Maintain Service + Loyalty Communication,Maintain Service Quality
Male,0,No,No,1,Yes,No,No,No internet service,No internet service,No internet service,No internet service,No internet service,No internet service,Month-to-month,No,Mailed check,19.8,19.8,New Low-Spend Customers,Yes,No,43.02,Medium Risk,Early Engagement + Welcome Offer + Service Guidance,Early Engagement + Service Guidance
Female,0,No,No,3,Yes,No,Fiber optic,No,No,No,No,No,No,Month-to-month,Yes,Bank transfer (automatic),69.55,222.3,High-Risk High-Spend Customers,Yes,Yes,80.0,High Risk,Priority Support + Personalized Offer + Long-Term Contract Incentive,Urgent Priority Support + Personalized Offer + Contract Incentive
Male,0,Yes,Yes,46,Yes,No,No,No internet service,No internet service,No internet service,No internet service,No internet service,No internet service,Two year,No,Credit card (automatic),19.75,856.5,Loyal Low-Spend Customers,No,No,1.09,Low Risk,Maintain Service + Loyalty Communication,Maintain Service Quality
Female,0,Yes,No,42,Yes,Yes,DSL,Yes,No,Yes,Yes,Yes,Yes,Two year,No,Credit card (automatic),84.35,3571.6,Loyal High-Spend Customers,No,No,7.43,Low Risk,Loyalty Rewards + Premium Benefits,Maintain Loyalty Benefits
Female,0,Yes,No,14,Yes,No,Fiber optic,Yes,Yes,No,Yes,Yes,Yes,One year,No,Mailed check,105.95,1348.9,High-Risk High-Spend Customers,Yes,No,29.58,Low Risk,Priority Support + Personalized Offer + Long-Term Contract Incentive,Maintain Premium Relationship
Male,0,Yes,Yes,59,Yes,No,No,No internet service,No internet service,No internet service,No internet service,No internet service,No internet service,Two year,No,Mailed check,19.85,1188.25,Loyal Low-Spend Customers,No,No,0.54,Low Risk,Maintain Service + Loyalty Communication,Maintain Service Quality
Male,0,No,No,23,Yes,Yes,Fiber optic,No,No,No,No,No,No,Month-to-month,Yes,Electronic check,74.95,1710.45,High-Risk High-Spend Customers,Yes,Yes,81.34,High Risk,Priority Support + Personalized Offer + Long-Term Contract Incentive,Urgent Priority Support + Personalized Offer + Contract Incentive
Female,0,No,No,8,Yes,No,No,No internet service,No internet service,No internet service,No internet service,No internet service,No internet service,Two year,No,Mailed check,20.85,161.65,New Low-Spend Customers,No,No,9.49,Low Risk,Early Engagement + Welcome Offer + Service Guidance,Regular Onboarding Communication
Male,0,Yes,Yes,22,Yes,No,DSL,Yes,No,Yes,Yes,Yes,No,One year,Yes,Bank transfer (automatic),67.5,1544.05,High-Risk High-Spend Customers,Yes,No,12.08,Low Risk,Priority Support + Personalized Offer + Long-Term Contract Incentive,Maintain Premium Relationship
Male,0,Yes,Yes,8,Yes,No,No,No internet service,No internet service,No internet service,No internet service,No internet service,No internet service,Month-to-month,Yes,Mailed check,19.35,152.6,New Low-Spend Customers,No,No,33.08,Medium Risk,Early Engagement + Welcome Offer + Service Guidance,Early Engagement + Service Guidance
Female,0,No,No,3,Yes,Yes,Fiber optic,No,No,No,No,Yes,Yes,Month-to-month,Yes,Electronic check,96.6,291.9,High-Risk High-Spend Customers,Yes,Yes,92.58,High Risk,Priority Support + Personalized Offer + Long-Term Contract Incentive,Urgent Priority Support + Personalized Offer + Contract Incentive
Male,0,Yes,Yes,66,Yes,No,No,No internet service,No internet service,No internet service,No internet service,No internet service,No internet service,One year,Yes,Electronic check,20.35,1359.5,Loyal Low-Spend Customers,No,No,1.39,Low Risk,Maintain Service + Loyalty Communication,Maintain Service Quality
Male,0,Yes,Yes,72,No,No phone service,DSL,Yes,No,Yes,Yes,Yes,Yes,Two year,No,Bank transfer (automatic),60.95,4549.05,Loyal High-Spend Customers,No,No,1.66,Low Risk,Loyalty Rewards + Premium Benefits,Maintain Loyalty Benefits
Male,0,No,No,1,No,No phone service,DSL,No,No,No,No,No,No,Month-to-month,No,Mailed check,25.35,25.35,New Low-Spend Customers,No,Yes,76.35,High Risk,Early Engagement + Welcome Offer + Service Guidance,Immediate Welcome Offer + Onboarding Support
Male,0,No,No,1,Yes,No,Fiber optic,No,No,No,No,Yes,Yes,Month-to-month,Yes,Electronic check,88.35,88.35,High-Risk High-Spend Customers,Yes,Yes,91.92,High Risk,Priority Support + Personalized Offer + Long-Term Contract Incentive,Urgent Priority Support + Personalized Offer + Contract Incentive
Female,0,Yes,Yes,6,Yes,No,No,No internet service,No internet service,No internet service,No internet service,No internet service,No internet service,Month-to-month,No,Mailed check,19.85,119.3,New Low-Spend Customers,No,No,28.42,Low Risk,Early Engagement + Welcome Offer + Service Guidance,Regular Onboarding Communication
Male,0,No,No,66,Yes,No,No,No internet service,No internet service,No internet service,No internet service,No internet service,No internet service,Two year,No,Bank transfer (automatic),19.35,1240.8,Loyal Low-Spend Customers,No,No,0.49,Low Risk,Maintain Service + Loyalty Communication,Maintain Service Quality
Male,0,Yes,No,37,Yes,Yes,DSL,Yes,No,Yes,No,Yes,Yes,One year,No,Mailed check,79.25,2911.8,High-Risk High-Spend Customers,No,No,21.85,Low Risk,Priority Support + Personalized Offer + Long-Term Contract Incentive,Maintain Premium Relationship
Male,0,No,Yes,1,Yes,Yes,DSL,No,No,No,No,No,No,Month-to-month,Yes,Electronic check,50.05,50.05,New Low-Spend Customers,No,Yes,75.42,High Risk,Early Engagement + Welcome Offer + Service Guidance,Immediate Welcome Offer + Onboarding Support
Female,0,No,No,16,Yes,Yes,Fiber optic,No,No,No,No,No,No,Month-to-month,No,Electronic check,72.65,1194.3,High-Risk High-Spend Customers,Yes,Yes,81.79,High Risk,Priority Support + Personalized Offer + Long-Term Contract Incentive,Urgent Priority Support + Personalized Offer + Contract Incentive
Male,0,Yes,Yes,35,Yes,Yes,DSL,Yes,Yes,Yes,Yes,No,No,Two year,Yes,Credit card (automatic),69.15,2490.15,High-Risk High-Spend Customers,No,No,3.96,Low Risk,Priority Support + Personalized Offer + Long-Term Contract Incentive,Maintain Premium Relationship
Female,0,Yes,No,66,Yes,Yes,DSL,Yes,Yes,Yes,No,No,No,Two year,No,Bank transfer (automatic),66.9,4370.25,Loyal High-Spend Customers,No,No,1.69,Low Risk,Loyalty Rewards + Premium Benefits,Maintain Loyalty Benefits
Female,1,Yes,No,69,Yes,Yes,Fiber optic,No,Yes,No,Yes,Yes,Yes,Two year,No,Credit card (automatic),105.4,6998.95,Loyal High-Spend Customers,No,No,13.0,Low Risk,Loyalty Rewards + Premium Benefits,Maintain Loyalty Benefits
Male,0,No,No,1,Yes,No,No,No internet service,No internet service,No internet service,No internet service,No internet service,No internet service,Month-to-month,No,Electronic check,19.45,19.45,New Low-Spend Customers,No,Yes,52.83,Medium Risk,Early Engagement + Welcome Offer + Service Guidance,Early Engagement + Service Guidance
Female,1,No,No,2,Yes,No,Fiber optic,No,No,No,No,No,No,Month-to-month,No,Electronic check,70.75,154.85,High-Risk High-Spend Customers,Yes,Yes,83.56,High Risk,Priority Support + Personalized Offer + Long-Term Contract Incentive,Urgent Priority Support + Personalized Offer + Contract Incentive
Female,0,No,No,53,Yes,Yes,Fiber optic,Yes,No,Yes,No,Yes,Yes,One year,Yes,Credit card (automatic),106.95,5785.5,Loyal High-Spend Customers,Yes,No,42.04,Medium Risk,Loyalty Rewards + Premium Benefits,Loyalty Reward + Customer Check-In
Male,0,No,No,27,Yes,No,DSL,Yes,No,No,No,No,No,Month-to-month,No,Mailed check,50.35,1411.35,New Low-Spend Customers,No,No,24.46,Low Risk,Early Engagement + Welcome Offer + Service Guidance,Regular Onboarding Communication
Female,1,No,No,64,Yes,Yes,Fiber optic,Yes,No,Yes,Yes,Yes,Yes,Month-to-month,Yes,Bank transfer (automatic),108.95,7111.3,Loyal High-Spend Customers,No,No,47.86,Medium Risk,Loyalty Rewards + Premium Benefits,Loyalty Reward + Customer Check-In
Female,0,Yes,No,71,Yes,Yes,No,No internet service,No internet service,No internet service,No internet service,No internet service,No internet service,Two year,Yes,Credit card (automatic),25.95,1801.9,Loyal Low-Spend Customers,No,No,0.8,Low Risk,Maintain Service + Loyalty Communication,Maintain Service Quality
Female,0,Yes,Yes,51,Yes,Yes,Fiber optic,Yes,No,No,Yes,Yes,No,One year,Yes,Mailed check,95.15,5000.05,Loyal High-Spend Customers,No,No,17.3,Low Risk,Loyalty Rewards + Premium Benefits,Maintain Loyalty Benefits
Female,0,No,No,36,Yes,No,Fiber optic,No,No,Yes,Yes,No,Yes,Month-to-month,Yes,Electronic check,87.55,3078.1,High-Risk High-Spend Customers,Yes,Yes,66.38,High Risk,Priority Support + Personalized Offer + Long-Term Contract Incentive,Urgent Priority Support + Personalized Offer + Contract Incentive
Male,0,No,No,54,Yes,No,DSL,Yes,Yes,No,Yes,Yes,No,Month-to-month,Yes,Mailed check,69.9,3883.3,Loyal High-Spend Customers,No,No,10.31,Low Risk,Loyalty Rewards + Premium Benefits,Maintain Loyalty Benefits
Female,0,Yes,Yes,52,Yes,Yes,No,No internet service,No internet service,No internet service,No internet service,No internet service,No internet service,Two year,Yes,Bank transfer (automatic),25.05,1270.25,Loyal Low-Spend Customers,No,No,1.35,Low Risk,Maintain Service + Loyalty Communication,Maintain Service Quality
Female,0,No,No,1,Yes,No,DSL,No,Yes,No,No,No,No,Month-to-month,No,Electronic check,49.95,49.95,New Low-Spend Customers,No,Yes,64.92,High Risk,Early Engagement + Welcome Offer + Service Guidance,Immediate Welcome Offer + Onboarding Support
Female,0,Yes,Yes,7,Yes,Yes,DSL,No,No,No,No,No,No,Month-to-month,No,Electronic check,48.8,349.8,New Low-Spend Customers,No,Yes,64.75,High Risk,Early Engagement + Welcome Offer + Service Guidance,Immediate Welcome Offer + Onboarding Support
Male,0,Yes,Yes,28,Yes,Yes,Fiber optic,Yes,Yes,No,No,Yes,Yes,One year,No,Electronic check,106.1,2847.4,High-Risk High-Spend Customers,Yes,No,42.27,Medium Risk,Priority Support + Personalized Offer + Long-Term Contract Incentive,Proactive Support + Personalized Offer
Male,0,Yes,No,61,Yes,Yes,DSL,No,Yes,Yes,No,Yes,Yes,One year,Yes,Electronic check,79.8,4914.8,Loyal High-Spend Customers,No,No,25.13,Low Risk,Loyalty Rewards + Premium Benefits,Maintain Loyalty Benefits
Female,0,Yes,Yes,72,Yes,Yes,No,No internet service,No internet service,No internet service,No internet service,No internet service,No internet service,Two year,No,Credit card (automatic),24.25,1784.5,Loyal Low-Spend Customers,No,No,0.43,Low Risk,Maintain Service + Loyalty Communication,Maintain Service Quality
Female,0,Yes,No,10,Yes,No,No,No internet service,No internet service,No internet service,No internet service,No internet service,No internet service,One year,No,Mailed check,20.1,184.4,New Low-Spend Customers,No,No,15.86,Low Risk,Early Engagement + Welcome Offer + Service Guidance,Regular Onboarding Communication
Female,0,Yes,Yes,3,Yes,Yes,DSL,No,Yes,Yes,No,Yes,No,Month-to-month,Yes,Bank transfer (automatic),69.15,235.0,High-Risk High-Spend Customers,No,Yes,64.06,High Risk,Priority Support + Personalized Offer + Long-Term Contract Incentive,Urgent Priority Support + Personalized Offer + Contract Incentive
Female,0,Yes,Yes,45,Yes,No,DSL,No,Yes,No,Yes,No,No,One year,Yes,Credit card (automatic),54.15,2319.8,Loyal Low-Spend Customers,Yes,No,4.84,Low Risk,Maintain Service + Loyalty Communication,Maintain Service Quality
Female,0,Yes,Yes,18,Yes,Yes,No,No internet service,No internet service,No internet service,No internet service,No internet service,No internet service,Two year,Yes,Credit card (automatic),24.65,471.35,New Low-Spend Customers,No,No,8.19,Low Risk,Early Engagement + Welcome Offer + Service Guidance,Regular Onboarding Communication
Male,1,Yes,No,49,Yes,No,DSL,No,Yes,No,No,No,No,Two year,No,Mailed check,49.8,2398.4,Loyal Low-Spend Customers,No,No,3.76,Low Risk,Maintain Service + Loyalty Communication,Maintain Service Quality
Male,0,No,No,68,Yes,Yes,Fiber optic,Yes,Yes,Yes,No,Yes,No,One year,No,Bank transfer (automatic),101.35,7110.75,Loyal High-Spend Customers,No,No,16.88,Low Risk,Loyalty Rewards + Premium Benefits,Maintain Loyalty Benefits
Female,1,No,No,35,Yes,Yes,Fiber optic,Yes,Yes,Yes,Yes,Yes,Yes,One year,Yes,Bank transfer (automatic),110.8,3836.3,Loyal High-Spend Customers,No,No,38.95,Medium Risk,Loyalty Rewards + Premium Benefits,Loyalty Reward + Customer Check-In
Female,0,No,No,1,No,No phone service,DSL,No,No,No,No,No,No,Month-to-month,No,Electronic check,24.6,24.6,New Low-Spend Customers,Yes,Yes,82.55,High Risk,Early Engagement + Welcome Offer + Service Guidance,Immediate Welcome Offer + Onboarding Support
Female,0,Yes,No,64,Yes,No,DSL,Yes,Yes,Yes,Yes,No,Yes,Two year,Yes,Mailed check,74.35,4759.55,Loyal High-Spend Customers,No,No,1.93,Low Risk,Loyalty Rewards + Premium Benefits,Maintain Loyalty Benefits
Male,0,Yes,Yes,72,Yes,Yes,DSL,Yes,Yes,Yes,Yes,Yes,Yes,Two year,No,Credit card (automatic),88.7,6501.35,Loyal High-Spend Customers,No,No,2.1,Low Risk,Loyalty Rewards + Premium Benefits,Maintain Loyalty Benefits
Male,0,No,No,39,Yes,Yes,Fiber optic,No,Yes,No,No,No,No,One year,No,Credit card (automatic),81.4,3213.75,High-Risk High-Spend Customers,No,No,32.13,Medium Risk,Priority Support + Personalized Offer + Long-Term Contract Incentive,Proactive Support + Personalized Offer
Female,0,No,No,37,Yes,Yes,Fiber optic,No,No,Yes,No,Yes,Yes,Month-to-month,Yes,Electronic check,100.05,3810.55,Loyal High-Spend Customers,No,Yes,85.5,High Risk,Loyalty Rewards + Premium Benefits,Priority Loyalty Offer + Proactive Support
Male,0,Yes,Yes,51,Yes,Yes,No,No internet service,No internet service,No internet service,No internet service,No internet service,No internet service,Two year,Yes,Mailed check,24.95,1222.25,Loyal Low-Spend Customers,No,No,1.56,Low Risk,Maintain Service + Loyalty Communication,Maintain Service Quality
Male,1,Yes,Yes,71,Yes,Yes,DSL,No,Yes,Yes,Yes,No,Yes,One year,Yes,Bank transfer (automatic),72.9,5139.65,Loyal High-Spend Customers,No,No,4.98,Low Risk,Loyalty Rewards + Premium Benefits,Maintain Loyalty Benefits
Male,0,Yes,Yes,69,Yes,Yes,Fiber optic,No,No,No,Yes,Yes,Yes,Two year,Yes,Electronic check,99.35,6856.45,Loyal High-Spend Customers,No,No,19.1,Low Risk,Loyalty Rewards + Premium Benefits,Maintain Loyalty Benefits
Male,0,Yes,Yes,33,Yes,No,DSL,Yes,No,Yes,No,Yes,Yes,One year,No,Credit card (automatic),74.75,2453.3,High-Risk High-Spend Customers,No,No,13.95,Low Risk,Priority Support + Personalized Offer + Long-Term Contract Incentive,Maintain Premium Relationship
Male,0,No,No,1,Yes,No,DSL,No,No,No,No,No,Yes,Month-to-month,No,Mailed check,55.55,55.55,New Low-Spend Customers,No,Yes,67.63,High Risk,Early Engagement + Welcome Offer + Service Guidance,Immediate Welcome Offer + Onboarding Support
Male,0,No,No,1,Yes,Yes,DSL,No,No,No,No,Yes,No,Month-to-month,Yes,Electronic check,59.85,59.85,New Low-Spend Customers,Yes,Yes,84.11,High Risk,Early Engagement + Welcome Offer + Service Guidance,Immediate Welcome Offer + Onboarding Support
Male,0,No,No,20,Yes,No,Fiber optic,Yes,Yes,Yes,Yes,Yes,Yes,Month-to-month,Yes,Bank transfer (automatic),108.2,2203.7,High-Risk High-Spend Customers,No,Yes,57.34,Medium Risk,Priority Support + Personalized Offer + Long-Term Contract Incentive,Proactive Support + Personalized Offer
Female,0,No,No,3,Yes,Yes,Fiber optic,No,No,No,No,No,No,Month-to-month,No,Bank transfer (automatic),74.4,215.8,High-Risk High-Spend Customers,Yes,Yes,80.52,High Risk,Priority Support + Personalized Offer + Long-Term Contract Incentive,Urgent Priority Support + Personalized Offer + Contract Incentive
Female,0,No,Yes,21,No,No phone service,DSL,Yes,Yes,Yes,Yes,Yes,No,Two year,No,Mailed check,53.15,1183.2,New Low-Spend Customers,No,No,7.39,Low Risk,Early Engagement + Welcome Offer + Service Guidance,Regular Onboarding Communication
Male,0,Yes,No,72,Yes,Yes,Fiber optic,Yes,Yes,Yes,Yes,Yes,Yes,Two year,No,Bank transfer (automatic),115.15,8349.45,Loyal High-Spend Customers,No,No,9.12,Low Risk,Loyalty Rewards + Premium Benefits,Maintain Loyalty Benefits
Female,0,No,No,3,Yes,No,Fiber optic,No,No,No,No,Yes,Yes,Month-to-month,Yes,Electronic check,89.45,240.45,High-Risk High-Spend Customers,Yes,Yes,90.8,High Risk,Priority Support + Personalized Offer + Long-Term Contract Incentive,Urgent Priority Support + Personalized Offer + Contract Incentive
Male,0,No,No,5,Yes,No,DSL,No,No,Yes,Yes,Yes,No,Month-to-month,Yes,Credit card (automatic),63.95,318.1,High-Risk High-Spend Customers,No,Yes,60.1,High Risk,Priority Support + Personalized Offer + Long-Term Contract Incentive,Urgent Priority Support + Personalized Offer + Contract Incentive
Male,0,No,Yes,53,Yes,No,DSL,Yes,Yes,No,Yes,No,No,One year,No,Credit card (automatic),62.85,3419.5,Loyal Low-Spend Customers,No,No,1.77,Low Risk,Maintain Service + Loyalty Communication,Maintain Service Quality
Male,0,No,No,7,Yes,Yes,Fiber optic,No,No,Yes,No,Yes,Yes,Month-to-month,Yes,Bank transfer (automatic),98.05,713.0,High-Risk High-Spend Customers,Yes,Yes,89.72,High Risk,Priority Support + Personalized Offer + Long-Term Contract Incentive,Urgent Priority Support + Personalized Offer + Contract Incentive
Female,0,Yes,Yes,43,Yes,No,DSL,No,Yes,No,No,No,No,Month-to-month,No,Mailed check,50.2,2169.4,Loyal Low-Spend Customers,No,No,13.04,Low Risk,Maintain Service + Loyalty Communication,Maintain Service Quality
Male,0,No,No,1,Yes,No,No,No internet service,No internet service,No internet service,No internet service,No internet service,No internet service,Month-to-month,Yes,Mailed check,19.9,19.9,New Low-Spend Customers,No,No,49.79,Medium Risk,Early Engagement + Welcome Offer + Service Guidance,Early Engagement + Service Guidance
Male,0,Yes,Yes,29,Yes,No,DSL,Yes,No,No,No,No,Yes,Month-to-month,Yes,Mailed check,60.2,1834.15,High-Risk High-Spend Customers,No,No,28.58,Low Risk,Priority Support + Personalized Offer + Long-Term Contract Incentive,Maintain Premium Relationship
Male,0,No,No,29,Yes,No,No,No internet service,No internet service,No internet service,No internet service,No internet service,No internet service,One year,Yes,Mailed check,19.8,572.2,New Low-Spend Customers,No,No,8.77,Low Risk,Early Engagement + Welcome Offer + Service Guidance,Regular Onboarding Communication
Female,0,Yes,Yes,16,Yes,No,No,No internet service,No internet service,No internet service,No internet service,No internet service,No internet service,Month-to-month,No,Mailed check,19.35,275.9,New Low-Spend Customers,No,No,19.1,Low Risk,Early Engagement + Welcome Offer + Service Guidance,Regular Onboarding Communication
Male,0,No,No,38,Yes,No,Fiber optic,No,No,No,No,No,No,Month-to-month,Yes,Credit card (automatic),69.5,2625.25,High-Risk High-Spend Customers,No,Yes,56.65,Medium Risk,Priority Support + Personalized Offer + Long-Term Contract Incentive,Proactive Support + Personalized Offer
Male,0,Yes,Yes,37,Yes,No,No,No internet service,No internet service,No internet service,No internet service,No internet service,No internet service,One year,No,Credit card (automatic),19.8,677.05,Loyal Low-Spend Customers,No,No,3.35,Low Risk,Maintain Service + Loyalty Communication,Maintain Service Quality
Male,0,No,No,13,Yes,Yes,Fiber optic,No,No,No,Yes,Yes,Yes,Month-to-month,Yes,Mailed check,99.0,1301.7,High-Risk High-Spend Customers,Yes,Yes,81.98,High Risk,Priority Support + Personalized Offer + Long-Term Contract Incentive,Urgent Priority Support + Personalized Offer + Contract Incentive
Male,0,Yes,Yes,5,Yes,No,Fiber optic,Yes,No,Yes,No,No,Yes,Month-to-month,Yes,Mailed check,90.35,434.5,High-Risk High-Spend Customers,No,Yes,68.7,High Risk,Priority Support + Personalized Offer + Long-Term Contract Incentive,Urgent Priority Support + Personalized Offer + Contract Incentive
Female,0,Yes,Yes,47,Yes,No,No,No internet service,No internet service,No internet service,No internet service,No internet service,No internet service,Two year,No,Bank transfer (automatic),19.3,890.5,Loyal Low-Spend Customers,No,No,0.92,Low Risk,Maintain Service + Loyalty Communication,Maintain Service Quality
Male,0,No,Yes,19,Yes,No,No,No internet service,No internet service,No internet service,No internet service,No internet service,No internet service,Two year,No,Credit card (automatic),20.85,467.5,New Low-Spend Customers,No,No,4.41,Low Risk,Early Engagement + Welcome Offer + Service Guidance,Regular Onboarding Communication
Female,0,Yes,Yes,12,Yes,No,DSL,No,No,Yes,No,Yes,No,Month-to-month,Yes,Credit card (automatic),58.35,740.55,High-Risk High-Spend Customers,No,Yes,57.4,Medium Risk,Priority Support + Personalized Offer + Long-Term Contract Incentive,Proactive Support + Personalized Offer
Male,0,Yes,Yes,68,Yes,Yes,Fiber optic,Yes,Yes,Yes,Yes,Yes,Yes,Two year,Yes,Electronic check,113.15,7856.0,Loyal High-Spend Customers,Yes,No,14.65,Low Risk,Loyalty Rewards + Premium Benefits,Maintain Loyalty Benefits
Female,0,Yes,No,58,Yes,Yes,Fiber optic,Yes,Yes,Yes,No,Yes,Yes,One year,Yes,Credit card (automatic),110.65,6526.65,Loyal High-Spend Customers,No,No,36.35,Medium Risk,Loyalty Rewards + Premium Benefits,Loyalty Reward + Customer Check-In
Male,0,No,No,66,Yes,Yes,No,No internet service,No internet service,No internet service,No internet service,No internet service,No internet service,One year,No,Bank transfer (automatic),25.45,1699.15,Loyal Low-Spend Customers,No,No,1.44,Low Risk,Maintain Service + Loyalty Communication,Maintain Service Quality
Male,0,No,No,32,Yes,No,Fiber optic,Yes,Yes,Yes,No,No,Yes,Month-to-month,Yes,Credit card (automatic),93.4,2979.3,High-Risk High-Spend Customers,No,Yes,56.84,Medium Risk,Priority Support + Personalized Offer + Long-Term Contract Incentive,Proactive Support + Personalized Offer
Male,0,No,No,68,Yes,Yes,Fiber optic,Yes,Yes,Yes,Yes,Yes,Yes,One year,Yes,Credit card (automatic),117.2,8035.95,Loyal High-Spend Customers,No,No,23.38,Low Risk,Loyalty Rewards + Premium Benefits,Maintain Loyalty Benefits
Female,0,Yes,No,6,Yes,No,No,No internet service,No internet service,No internet service,No internet service,No internet service,No internet service,Month-to-month,No,Bank transfer (automatic),19.5,146.3,New Low-Spend Customers,Yes,No,34.83,Medium Risk,Early Engagement + Welcome Offer + Service Guidance,Early Engagement + Service Guidance
Male,0,Yes,Yes,1,Yes,No,No,No internet service,No internet service,No internet service,No internet service,No internet service,No internet service,Month-to-month,No,Mailed check,19.2,19.2,New Low-Spend Customers,No,No,35.32,Medium Risk,Early Engagement + Welcome Offer + Service Guidance,Early Engagement + Service Guidance
Male,0,No,No,32,Yes,No,Fiber optic,No,No,No,No,Yes,Yes,Month-to-month,No,Electronic check,91.05,2871.5,High-Risk High-Spend Customers,No,Yes,75.88,High Risk,Priority Support + Personalized Offer + Long-Term Contract Incentive,Urgent Priority Support + Personalized Offer + Contract Incentive
Female,0,Yes,Yes,11,Yes,No,No,No internet service,No internet service,No internet service,No internet service,No internet service,No internet service,Two year,No,Credit card (automatic),20.9,202.3,New Low-Spend Customers,No,No,6.14,Low Risk,Early Engagement + Welcome Offer + Service Guidance,Regular Onboarding Communication
Female,0,Yes,Yes,67,No,No phone service,DSL,Yes,Yes,No,No,No,No,Two year,No,Bank transfer (automatic),36.15,2434.45,Loyal Low-Spend Customers,No,No,0.88,Low Risk,Maintain Service + Loyalty Communication,Maintain Service Quality
Female,1,Yes,No,56,Yes,Yes,Fiber optic,No,No,No,Yes,No,No,Month-to-month,Yes,Bank transfer (automatic),76.85,4275.75,Loyal High-Spend Customers,No,No,39.95,Medium Risk,Loyalty Rewards + Premium Benefits,Loyalty Reward + Customer Check-In
Female,0,No,No,9,Yes,Yes,Fiber optic,No,No,No,No,Yes,Yes,Month-to-month,No,Electronic check,94.4,857.25,High-Risk High-Spend Customers,Yes,Yes,89.78,High Risk,Priority Support + Personalized Offer + Long-Term Contract Incentive,Urgent Priority Support + Personalized Offer + Contract Incentive
Male,0,Yes,No,70,Yes,Yes,DSL,No,Yes,Yes,Yes,Yes,No,Two year,No,Credit card (automatic),76.1,5264.25,Loyal High-Spend Customers,No,No,2.63,Low Risk,Loyalty Rewards + Premium Benefits,Maintain Loyalty Benefits
Female,0,Yes,No,61,Yes,Yes,No,No internet service,No internet service,No internet service,No internet service,No internet service,No internet service,Two year,No,Mailed check,24.4,1417.9,Loyal Low-Spend Customers,No,No,0.98,Low Risk,Maintain Service + Loyalty Communication,Maintain Service Quality
Male,1,Yes,No,36,Yes,Yes,Fiber optic,No,No,No,No,No,Yes,Month-to-month,Yes,Electronic check,84.1,3021.6,High-Risk High-Spend Customers,Yes,Yes,81.87,High Risk,Priority Support + Personalized Offer + Long-Term Contract Incentive,Urgent Priority Support + Personalized Offer + Contract Incentive
Male,0,No,No,24,Yes,Yes,Fiber optic,No,Yes,No,No,Yes,Yes,Month-to-month,Yes,Bank transfer (automatic),99.65,2404.85,High-Risk High-Spend Customers,No,Yes,80.38,High Risk,Priority Support + Personalized Offer + Long-Term Contract Incentive,Urgent Priority Support + Personalized Offer + Contract Incentive
Male,0,Yes,Yes,71,Yes,No,No,No internet service,No internet service,No internet service,No internet service,No internet service,No internet service,Two year,No,Credit card (automatic),19.7,1301.1,Loyal Low-Spend Customers,No,No,0.29,Low Risk,Maintain Service + Loyalty Communication,Maintain Service Quality
Female,0,Yes,Yes,53,Yes,No,No,No internet service,No internet service,No internet service,No internet service,No internet service,No internet service,One year,No,Bank transfer (automatic),19.55,1007.9,Loyal Low-Spend Customers,No,No,1.3,Low Risk,Maintain Service + Loyalty Communication,Maintain Service Quality
Male,0,No,No,9,Yes,No,DSL,No,No,No,No,No,No,Month-to-month,Yes,Mailed check,44.4,348.15,New Low-Spend Customers,No,Yes,60.65,High Risk,Early Engagement + Welcome Offer + Service Guidance,Immediate Welcome Offer + Onboarding Support
Male,1,No,No,1,Yes,No,DSL,No,No,No,No,No,No,Month-to-month,No,Electronic check,44.0,44.0,New Low-Spend Customers,No,Yes,73.17,High Risk,Early Engagement + Welcome Offer + Service Guidance,Immediate Welcome Offer + Onboarding Support
Male,0,Yes,Yes,6,Yes,No,DSL,No,Yes,Yes,No,No,No,Month-to-month,Yes,Mailed check,55.3,324.25,New Low-Spend Customers,Yes,No,49.66,Medium Risk,Early Engagement + Welcome Offer + Service Guidance,Early Engagement + Service Guidance
Female,0,No,Yes,2,Yes,No,No,No internet service,No internet service,No internet service,No internet service,No internet service,No internet service,Month-to-month,Yes,Electronic check,19.6,35.85,New Low-Spend Customers,Yes,No,48.93,Medium Risk,Early Engagement + Welcome Offer + Service Guidance,Early Engagement + Service Guidance
Male,1,Yes,No,36,Yes,Yes,Fiber optic,No,No,No,No,No,Yes,Month-to-month,Yes,Credit card (automatic),85.25,3132.75,High-Risk High-Spend Customers,Yes,Yes,76.13,High Risk,Priority Support + Personalized Offer + Long-Term Contract Incentive,Urgent Priority Support + Personalized Offer + Contract Incentive
Male,0,No,Yes,1,Yes,No,No,No internet service,No internet service,No internet service,No internet service,No internet service,No internet service,Month-to-month,No,Mailed check,20.05,20.05,New Low-Spend Customers,No,No,34.63,Medium Risk,Early Engagement + Welcome Offer + Service Guidance,Early Engagement + Service Guidance
Male,0,No,No,34,Yes,No,No,No internet service,No internet service,No internet service,No internet service,No internet service,No internet service,Month-to-month,No,Mailed check,19.7,675.6,New Low-Spend Customers,No,No,11.79,Low Risk,Early Engagement + Welcome Offer + Service Guidance,Regular Onboarding Communication
Female,0,No,No,34,Yes,No,No,No internet service,No internet service,No internet service,No internet service,No internet service,No internet service,Month-to-month,No,Mailed check,20.35,673.2,New Low-Spend Customers,No,No,11.21,Low Risk,Early Engagement + Welcome Offer + Service Guidance,Regular Onboarding Communication
Female,0,Yes,Yes,23,Yes,Yes,No,No internet service,No internet service,No internet service,No internet service,No internet service,No internet service,Two year,Yes,Credit card (automatic),25.6,514.75,New Low-Spend Customers,No,No,6.07,Low Risk,Early Engagement + Welcome Offer + Service Guidance,Regular Onboarding Communication
Female,1,No,No,15,Yes,No,Fiber optic,No,No,No,No,Yes,Yes,Month-to-month,Yes,Electronic check,91.5,1400.3,High-Risk High-Spend Customers,No,Yes,87.7,High Risk,Priority Support + Personalized Offer + Long-Term Contract Incentive,Urgent Priority Support + Personalized Offer + Contract Incentive
Male,0,Yes,Yes,47,Yes,No,Fiber optic,Yes,Yes,Yes,No,No,Yes,One year,Yes,Electronic check,96.1,4391.45,Loyal High-Spend Customers,No,No,24.56,Low Risk,Loyalty Rewards + Premium Benefits,Maintain Loyalty Benefits
Female,1,Yes,No,61,Yes,Yes,Fiber optic,Yes,Yes,Yes,Yes,No,No,Month-to-month,Yes,Credit card (automatic),94.2,5895.45,Loyal High-Spend Customers,No,No,28.77,Low Risk,Loyalty Rewards + Premium Benefits,Maintain Loyalty Benefits
Female,1,No,No,1,Yes,Yes,Fiber optic,No,No,No,No,No,Yes,Month-to-month,Yes,Electronic check,85.05,85.05,High-Risk High-Spend Customers,Yes,Yes,92.59,High Risk,Priority Support + Personalized Offer + Long-Term Contract Incentive,Urgent Priority Support + Personalized Offer + Contract Incentive
Male,0,No,No,63,Yes,Yes,No,No internet service,No internet service,No internet service,No internet service,No internet service,No internet service,Two year,No,Mailed check,25.25,1559.3,Loyal Low-Spend Customers,No,No,0.91,Low Risk,Maintain Service + Loyalty Communication,Maintain Service Quality
Male,0,No,No,3,Yes,No,Fiber optic,No,No,Yes,No,No,No,Month-to-month,Yes,Credit card (automatic),73.6,232.5,High-Risk High-Spend Customers,No,Yes,82.97,High Risk,Priority Support + Personalized Offer + Long-Term Contract Incentive,Urgent Priority Support + Personalized Offer + Contract Incentive
Male,0,Yes,Yes,22,Yes,No,Fiber optic,Yes,No,No,No,No,No,Month-to-month,No,Bank transfer (automatic),75.0,1573.95,High-Risk High-Spend Customers,No,No,39.3,Medium Risk,Priority Support + Personalized Offer + Long-Term Contract Incentive,Proactive Support + Personalized Offer
Male,0,Yes,Yes,25,Yes,Yes,No,No internet service,No internet service,No internet service,No internet service,No internet service,No internet service,Two year,No,Credit card (automatic),25.5,630.6,New Low-Spend Customers,No,No,4.47,Low Risk,Early Engagement + Welcome Offer + Service Guidance,Regular Onboarding Communication
Male,0,No,No,56,Yes,No,DSL,No,Yes,No,Yes,Yes,Yes,One year,Yes,Bank transfer (automatic),75.75,4284.65,Loyal High-Spend Customers,No,No,8.9,Low Risk,Loyalty Rewards + Premium Benefits,Maintain Loyalty Benefits
Female,0,Yes,No,1,No,No phone service,DSL,No,No,No,No,No,Yes,Month-to-month,No,Electronic check,35.0,35.0,New Low-Spend Customers,No,Yes,85.68,High Risk,Early Engagement + Welcome Offer + Service Guidance,Immediate Welcome Offer + Onboarding Support
Female,0,No,No,2,Yes,No,Fiber optic,No,No,Yes,No,No,No,Month-to-month,Yes,Electronic check,75.8,160.75,High-Risk High-Spend Customers,Yes,Yes,86.24,High Risk,Priority Support + Personalized Offer + Long-Term Contract Incentive,Urgent Priority Support + Personalized Offer + Contract Incentive
Male,0,No,No,3,Yes,Yes,Fiber optic,No,Yes,Yes,No,Yes,Yes,Month-to-month,Yes,Bank transfer (automatic),105.35,323.25,High-Risk High-Spend Customers,Yes,Yes,87.37,High Risk,Priority Support + Personalized Offer + Long-Term Contract Incentive,Urgent Priority Support + Personalized Offer + Contract Incentive
Female,0,Yes,Yes,72,Yes,Yes,DSL,Yes,Yes,No,Yes,No,No,Two year,No,Credit card (automatic),66.75,4760.3,Loyal High-Spend Customers,No,No,0.64,Low Risk,Loyalty Rewards + Premium Benefits,Maintain Loyalty Benefits
Female,0,No,No,13,No,No phone service,DSL,No,No,No,No,No,No,Month-to-month,Yes,Electronic check,23.9,300.8,New Low-Spend Customers,Yes,Yes,77.58,High Risk,Early Engagement + Welcome Offer + Service Guidance,Immediate Welcome Offer + Onboarding Support
Male,0,Yes,Yes,35,Yes,No,Fiber optic,No,Yes,No,Yes,Yes,No,One year,Yes,Electronic check,89.7,3165.6,High-Risk High-Spend Customers,No,No,30.56,Medium Risk,Priority Support + Personalized Offer + Long-Term Contract Incentive,Proactive Support + Personalized Offer
Male,1,No,No,45,Yes,Yes,Fiber optic,No,No,No,No,Yes,Yes,Month-to-month,Yes,Bank transfer (automatic),93.9,4200.25,Loyal High-Spend Customers,No,Yes,75.49,High Risk,Loyalty Rewards + Premium Benefits,Priority Loyalty Offer + Proactive Support
Male,0,Yes,No,1,Yes,No,Fiber optic,No,No,Yes,No,No,No,Month-to-month,No,Credit card (automatic),75.35,75.35,High-Risk High-Spend Customers,No,Yes,78.5,High Risk,Priority Support + Personalized Offer + Long-Term Contract Incentive,Urgent Priority Support + Personalized Offer + Contract Incentive
Female,0,Yes,Yes,48,Yes,Yes,Fiber optic,Yes,Yes,No,No,Yes,Yes,Month-to-month,Yes,Credit card (automatic),105.25,4997.5,Loyal High-Spend Customers,No,Yes,50.96,Medium Risk,Loyalty Rewards + Premium Benefits,Loyalty Reward + Customer Check-In
Female,0,Yes,Yes,24,Yes,No,No,No internet service,No internet service,No internet service,No internet service,No internet service,No internet service,Two year,No,Mailed check,19.7,452.55,New Low-Spend Customers,No,No,3.21,Low Risk,Early Engagement + Welcome Offer + Service Guidance,Regular Onboarding Communication
Male,1,No,No,68,Yes,Yes,Fiber optic,No,Yes,Yes,No,No,Yes,Month-to-month,Yes,Electronic check,95.9,6503.2,Loyal High-Spend Customers,No,Yes,61.96,High Risk,Loyalty Rewards + Premium Benefits,Priority Loyalty Offer + Proactive Support
Male,0,No,No,6,Yes,No,Fiber optic,No,No,No,No,Yes,No,Month-to-month,Yes,Credit card (automatic),80.5,463.05,High-Risk High-Spend Customers,Yes,Yes,82.95,High Risk,Priority Support + Personalized Offer + Long-Term Contract Incentive,Urgent Priority Support + Personalized Offer + Contract Incentive
Male,0,Yes,Yes,72,Yes,Yes,Fiber optic,Yes,Yes,Yes,Yes,Yes,Yes,Two year,No,Bank transfer (automatic),114.45,8100.55,Loyal High-Spend Customers,No,No,6.31,Low Risk,Loyalty Rewards + Premium Benefits,Maintain Loyalty Benefits
Female,0,No,No,20,No,No phone service,DSL,No,No,No,No,No,No,Month-to-month,No,Credit card (automatic),24.9,505.95,New Low-Spend Customers,No,Yes,55.97,Medium Risk,Early Engagement + Welcome Offer + Service Guidance,Early Engagement + Service Guidance
Male,0,Yes,No,24,Yes,No,No,No internet service,No internet service,No internet service,No internet service,No internet service,No internet service,Two year,No,Mailed check,19.75,483.15,New Low-Spend Customers,No,No,4.63,Low Risk,Early Engagement + Welcome Offer + Service Guidance,Regular Onboarding Communication
Female,0,No,No,33,Yes,Yes,Fiber optic,No,Yes,No,No,Yes,Yes,Month-to-month,Yes,Electronic check,100.0,3320.6,High-Risk High-Spend Customers,No,Yes,83.11,High Risk,Priority Support + Personalized Offer + Long-Term Contract Incentive,Urgent Priority Support + Personalized Offer + Contract Incentive
Male,0,Yes,No,10,Yes,No,Fiber optic,No,No,No,No,No,No,Month-to-month,Yes,Electronic check,70.3,738.2,High-Risk High-Spend Customers,Yes,Yes,83.05,High Risk,Priority Support + Personalized Offer + Long-Term Contract Incentive,Urgent Priority Support + Personalized Offer + Contract Incentive
Female,0,No,No,46,Yes,Yes,Fiber optic,No,No,No,No,Yes,Yes,Month-to-month,No,Bank transfer (automatic),96.05,4399.5,Loyal High-Spend Customers,Yes,Yes,65.91,High Risk,Loyalty Rewards + Premium Benefits,Priority Loyalty Offer + Proactive Support
Male,0,Yes,Yes,72,No,No phone service,DSL,Yes,Yes,Yes,Yes,No,No,Two year,No,Credit card (automatic),45.25,3139.8,Loyal Low-Spend Customers,No,No,0.61,Low Risk,Maintain Service + Loyalty Communication,Maintain Service Quality
Female,1,No,No,1,No,No phone service,DSL,No,No,No,No,No,No,Month-to-month,No,Mailed check,25.05,25.05,New Low-Spend Customers,Yes,Yes,77.46,High Risk,Early Engagement + Welcome Offer + Service Guidance,Immediate Welcome Offer + Onboarding Support
Male,0,No,No,4,Yes,No,Fiber optic,No,No,Yes,Yes,No,Yes,Month-to-month,Yes,Electronic check,90.4,356.65,High-Risk High-Spend Customers,No,Yes,82.75,High Risk,Priority Support + Personalized Offer + Long-Term Contract Incentive,Urgent Priority Support + Personalized Offer + Contract Incentive
Female,0,No,No,2,Yes,No,Fiber optic,No,No,No,No,No,No,Month-to-month,No,Bank transfer (automatic),70.0,153.05,High-Risk High-Spend Customers,Yes,Yes,75.52,High Risk,Priority Support + Personalized Offer + Long-Term Contract Incentive,Urgent Priority Support + Personalized Offer + Contract Incentive
Male,1,Yes,No,16,Yes,No,Fiber optic,No,Yes,No,No,No,No,Month-to-month,Yes,Credit card (automatic),74.3,1178.25,High-Risk High-Spend Customers,Yes,Yes,71.56,High Risk,Priority Support + Personalized Offer + Long-Term Contract Incentive,Urgent Priority Support + Personalized Offer + Contract Incentive
Male,1,No,No,67,Yes,Yes,Fiber optic,Yes,Yes,Yes,Yes,Yes,Yes,Two year,Yes,Credit card (automatic),116.1,7839.85,Loyal High-Spend Customers,No,No,14.93,Low Risk,Loyalty Rewards + Premium Benefits,Maintain Loyalty Benefits
Male,0,No,No,38,Yes,No,Fiber optic,No,No,No,No,No,No,One year,Yes,Bank transfer (automatic),70.45,2597.6,High-Risk High-Spend Customers,Yes,No,31.92,Medium Risk,Priority Support + Personalized Offer + Long-Term Contract Incentive,Proactive Support + Personalized Offer
Male,0,Yes,No,72,Yes,Yes,Fiber optic,Yes,Yes,Yes,Yes,Yes,Yes,Two year,No,Credit card (automatic),114.45,8375.05,Loyal High-Spend Customers,No,No,10.45,Low Risk,Loyalty Rewards + Premium Benefits,Maintain Loyalty Benefits
Female,0,Yes,Yes,7,Yes,No,DSL,Yes,No,No,No,No,No,Month-to-month,No,Mailed check,50.7,350.35,New Low-Spend Customers,No,No,33.35,Medium Risk,Early Engagement + Welcome Offer + Service Guidance,Early Engagement + Service Guidance
Male,1,Yes,No,54,Yes,Yes,Fiber optic,No,No,Yes,No,Yes,Yes,Month-to-month,Yes,Credit card (automatic),99.05,5295.7,Loyal High-Spend Customers,No,Yes,74.58,High Risk,Loyalty Rewards + Premium Benefits,Priority Loyalty Offer + Proactive Support
Female,0,No,No,1,Yes,No,Fiber optic,No,No,No,No,No,No,Month-to-month,No,Electronic check,68.65,68.65,High-Risk High-Spend Customers,Yes,Yes,84.07,High Risk,Priority Support + Personalized Offer + Long-Term Contract Incentive,Urgent Priority Support + Personalized Offer + Contract Incentive
Male,0,No,No,24,Yes,Yes,DSL,Yes,No,No,No,No,No,Month-to-month,Yes,Bank transfer (automatic),55.65,1400.55,High-Risk High-Spend Customers,Yes,No,38.85,Medium Risk,Priority Support + Personalized Offer + Long-Term Contract Incentive,Proactive Support + Personalized Offer
Male,0,Yes,Yes,36,Yes,Yes,No,No internet service,No internet service,No internet service,No internet service,No internet service,No internet service,Two year,No,Credit card (automatic),25.1,930.95,Loyal Low-Spend Customers,No,No,2.67,Low Risk,Maintain Service + Loyalty Communication,Maintain Service Quality
Male,1,Yes,No,27,Yes,Yes,Fiber optic,No,Yes,Yes,No,No,Yes,Month-to-month,Yes,Electronic check,95.55,2510.2,High-Risk High-Spend Customers,Yes,Yes,82.89,High Risk,Priority Support + Personalized Offer + Long-Term Contract Incentive,Urgent Priority Support + Personalized Offer + Contract Incentive
Male,0,Yes,Yes,35,Yes,No,No,No internet service,No internet service,No internet service,No internet service,No internet service,No internet service,Two year,No,Mailed check,19.6,686.95,Loyal Low-Spend Customers,No,No,1.9,Low Risk,Maintain Service + Loyalty Communication,Maintain Service Quality
Male,0,No,No,13,Yes,No,Fiber optic,No,No,No,No,No,Yes,Month-to-month,Yes,Electronic check,80.85,1008.7,High-Risk High-Spend Customers,Yes,Yes,85.04,High Risk,Priority Support + Personalized Offer + Long-Term Contract Incentive,Urgent Priority Support + Personalized Offer + Contract Incentive
Male,0,No,No,3,Yes,No,DSL,No,No,No,Yes,Yes,Yes,Month-to-month,Yes,Electronic check,69.35,191.35,High-Risk High-Spend Customers,Yes,Yes,74.01,High Risk,Priority Support + Personalized Offer + Long-Term Contract Incentive,Urgent Priority Support + Personalized Offer + Contract Incentive
Female,0,Yes,Yes,40,Yes,Yes,No,No internet service,No internet service,No internet service,No internet service,No internet service,No internet service,Month-to-month,Yes,Electronic check,26.2,1077.5,Loyal Low-Spend Customers,No,No,15.32,Low Risk,Maintain Service + Loyalty Communication,Maintain Service Quality
Female,0,No,No,57,Yes,Yes,Fiber optic,Yes,Yes,No,Yes,No,No,Month-to-month,Yes,Bank transfer (automatic),87.55,4884.85,Loyal High-Spend Customers,No,No,24.18,Low Risk,Loyalty Rewards + Premium Benefits,Maintain Loyalty Benefits
Female,0,Yes,Yes,64,Yes,Yes,DSL,No,Yes,No,No,No,No,One year,Yes,Bank transfer (automatic),53.85,3399.85,Loyal Low-Spend Customers,No,No,4.64,Low Risk,Maintain Service + Loyalty Communication,Maintain Service Quality
Male,0,No,No,18,Yes,Yes,Fiber optic,No,No,Yes,No,No,Yes,Month-to-month,Yes,Credit card (automatic),90.7,1597.25,High-Risk High-Spend Customers,Yes,Yes,83.58,High Risk,Priority Support + Personalized Offer + Long-Term Contract Incentive,Urgent Priority Support + Personalized Offer + Contract Incentive
Male,0,Yes,Yes,38,Yes,Yes,DSL,Yes,No,Yes,Yes,Yes,Yes,Two year,Yes,Bank transfer (automatic),85.4,3297.0,High-Risk High-Spend Customers,No,No,7.09,Low Risk,Priority Support + Personalized Offer + Long-Term Contract Incentive,Maintain Premium Relationship
Female,1,Yes,Yes,1,Yes,No,Fiber optic,No,No,No,No,No,No,Month-to-month,Yes,Electronic check,69.25,69.25,High-Risk High-Spend Customers,Yes,Yes,83.84,High Risk,Priority Support + Personalized Offer + Long-Term Contract Incentive,Urgent Priority Support + Personalized Offer + Contract Incentive
Male,0,No,No,4,Yes,No,Fiber optic,No,No,No,No,Yes,No,Month-to-month,No,Electronic check,77.85,299.2,High-Risk High-Spend Customers,Yes,Yes,86.0,High Risk,Priority Support + Personalized Offer + Long-Term Contract Incentive,Urgent Priority Support + Personalized Offer + Contract Incentive
Male,0,No,No,1,Yes,No,DSL,Yes,No,No,Yes,No,No,Month-to-month,Yes,Electronic check,53.95,53.95,New Low-Spend Customers,Yes,Yes,53.89,Medium Risk,Early Engagement + Welcome Offer + Service Guidance,Early Engagement + Service Guidance
Male,0,No,No,10,Yes,Yes,DSL,No,No,No,No,Yes,Yes,Month-to-month,Yes,Credit card (automatic),72.15,794.25,High-Risk High-Spend Customers,Yes,Yes,76.88,High Risk,Priority Support + Personalized Offer + Long-Term Contract Incentive,Urgent Priority Support + Personalized Offer + Contract Incentive
Female,0,No,No,20,Yes,No,Fiber optic,Yes,No,Yes,No,Yes,No,Month-to-month,Yes,Bank transfer (automatic),89.4,1871.15,High-Risk High-Spend Customers,No,Yes,64.74,High Risk,Priority Support + Personalized Offer + Long-Term Contract Incentive,Urgent Priority Support + Personalized Offer + Contract Incentive
Female,0,Yes,No,69,Yes,Yes,Fiber optic,No,Yes,Yes,No,No,No,Month-to-month,Yes,Bank transfer (automatic),85.4,5869.4,Loyal High-Spend Customers,No,No,35.86,Medium Risk,Loyalty Rewards + Premium Benefits,Loyalty Reward + Customer Check-In
Female,1,Yes,No,34,Yes,Yes,Fiber optic,No,Yes,Yes,No,No,Yes,Month-to-month,Yes,Electronic check,94.25,3217.55,High-Risk High-Spend Customers,Yes,Yes,80.64,High Risk,Priority Support + Personalized Offer + Long-Term Contract Incentive,Urgent Priority Support + Personalized Offer + Contract Incentive
Female,0,No,Yes,1,Yes,No,DSL,No,No,No,No,No,No,Month-to-month,No,Mailed check,45.95,45.95,New Low-Spend Customers,Yes,Yes,52.28,Medium Risk,Early Engagement + Welcome Offer + Service Guidance,Early Engagement + Service Guidance
Female,0,No,No,7,Yes,No,No,No internet service,No internet service,No internet service,No internet service,No internet service,No internet service,Month-to-month,No,Mailed check,20.35,150.6,New Low-Spend Customers,No,No,34.42,Medium Risk,Early Engagement + Welcome Offer + Service Guidance,Early Engagement + Service Guidance
Female,0,No,No,7,No,No phone service,DSL,No,No,No,No,No,No,Month-to-month,No,Bank transfer (automatic),25.05,189.95,New Low-Spend Customers,No,Yes,68.67,High Risk,Early Engagement + Welcome Offer + Service Guidance,Immediate Welcome Offer + Onboarding Support
Male,0,Yes,Yes,71,Yes,Yes,DSL,Yes,Yes,Yes,Yes,Yes,Yes,Two year,Yes,Mailed check,91.25,6589.6,Loyal High-Spend Customers,No,No,2.6,Low Risk,Loyalty Rewards + Premium Benefits,Maintain Loyalty Benefits
Female,0,Yes,No,64,Yes,No,Fiber optic,Yes,No,Yes,No,Yes,Yes,Two year,Yes,Bank transfer (automatic),99.0,6375.8,Loyal High-Spend Customers,No,No,14.85,Low Risk,Loyalty Rewards + Premium Benefits,Maintain Loyalty Benefits
Female,0,Yes,No,23,Yes,No,DSL,No,No,Yes,Yes,No,No,Month-to-month,No,Electronic check,54.25,1221.55,High-Risk High-Spend Customers,No,No,37.11,Medium Risk,Priority Support + Personalized Offer + Long-Term Contract Incentive,Proactive Support + Personalized Offer
Male,0,No,No,41,Yes,No,No,No internet service,No internet service,No internet service,No internet service,No internet service,No internet service,Two year,No,Mailed check,20.15,802.35,Loyal Low-Spend Customers,No,No,1.91,Low Risk,Maintain Service + Loyalty Communication,Maintain Service Quality
Male,0,Yes,No,70,Yes,Yes,No,No internet service,No internet service,No internet service,No internet service,No internet service,No internet service,Two year,No,Bank transfer (automatic),24.25,1724.15,Loyal Low-Spend Customers,No,No,0.62,Low Risk,Maintain Service + Loyalty Communication,Maintain Service Quality
Male,0,Yes,Yes,56,Yes,Yes,Fiber optic,No,Yes,No,Yes,Yes,No,Month-to-month,Yes,Credit card (automatic),96.95,5432.2,Loyal High-Spend Customers,No,No,36.34,Medium Risk,Loyalty Rewards + Premium Benefits,Loyalty Reward + Customer Check-In
Female,0,No,No,15,Yes,No,Fiber optic,Yes,No,No,No,Yes,No,Month-to-month,No,Electronic check,86.2,1270.2,High-Risk High-Spend Customers,Yes,Yes,68.74,High Risk,Priority Support + Personalized Offer + Long-Term Contract Incentive,Urgent Priority Support + Personalized Offer + Contract Incentive
Male,1,Yes,No,72,Yes,Yes,DSL,No,No,Yes,No,Yes,Yes,Two year,Yes,Credit card (automatic),73.45,5329.0,Loyal High-Spend Customers,No,No,9.67,Low Risk,Loyalty Rewards + Premium Benefits,Maintain Loyalty Benefits
Male,1,No,No,9,Yes,Yes,Fiber optic,No,No,No,No,No,Yes,Month-to-month,Yes,Credit card (automatic),84.4,732.5,High-Risk High-Spend Customers,Yes,Yes,87.96,High Risk,Priority Support + Personalized Offer + Long-Term Contract Incentive,Urgent Priority Support + Personalized Offer + Contract Incentive
Male,0,No,No,13,Yes,No,Fiber optic,No,No,No,No,No,No,Month-to-month,Yes,Electronic check,70.15,931.75,High-Risk High-Spend Customers,No,Yes,81.57,High Risk,Priority Support + Personalized Offer + Long-Term Contract Incentive,Urgent Priority Support + Personalized Offer + Contract Incentive
Female,0,Yes,No,34,Yes,Yes,No,No internet service,No internet service,No internet service,No internet service,No internet service,No internet service,Month-to-month,No,Electronic check,24.7,780.2,Loyal Low-Spend Customers,No,No,21.0,Low Risk,Maintain Service + Loyalty Communication,Maintain Service Quality
Male,0,No,No,1,Yes,No,No,No internet service,No internet service,No internet service,No internet service,No internet service,No internet service,Month-to-month,No,Credit card (automatic),19.3,19.3,New Low-Spend Customers,No,No,44.58,Medium Risk,Early Engagement + Welcome Offer + Service Guidance,Early Engagement + Service Guidance
Male,0,No,No,22,Yes,No,No,No internet service,No internet service,No internet service,No internet service,No internet service,No internet service,One year,No,Credit card (automatic),20.3,467.15,New Low-Spend Customers,No,No,9.83,Low Risk,Early Engagement + Welcome Offer + Service Guidance,Regular Onboarding Communication
Male,1,Yes,No,1,Yes,Yes,Fiber optic,No,No,No,No,Yes,Yes,Month-to-month,Yes,Electronic check,95.1,95.1,High-Risk High-Spend Customers,Yes,Yes,93.94,High Risk,Priority Support + Personalized Offer + Long-Term Contract Incentive,Urgent Priority Support + Personalized Offer + Contract Incentive
Male,1,No,No,18,Yes,Yes,DSL,Yes,Yes,No,No,No,No,Month-to-month,Yes,Credit card (automatic),58.4,964.9,High-Risk High-Spend Customers,No,No,44.95,Medium Risk,Priority Support + Personalized Offer + Long-Term Contract Incentive,Proactive Support + Personalized Offer
Female,0,No,No,7,Yes,Yes,Fiber optic,Yes,No,No,No,No,No,Month-to-month,Yes,Mailed check,79.65,604.7,High-Risk High-Spend Customers,Yes,Yes,75.28,High Risk,Priority Support + Personalized Offer + Long-Term Contract Incentive,Urgent Priority Support + Personalized Offer + Contract Incentive
Male,0,No,No,1,Yes,No,No,No internet service,No internet service,No internet service,No internet service,No internet service,No internet service,Month-to-month,No,Mailed check,19.45,19.45,New Low-Spend Customers,No,No,43.37,Medium Risk,Early Engagement + Welcome Offer + Service Guidance,Early Engagement + Service Guidance
Female,0,Yes,No,71,Yes,Yes,No,No internet service,No internet service,No internet service,No internet service,No internet service,No internet service,Two year,No,Bank transfer (automatic),25.0,1753.0,Loyal Low-Spend Customers,No,No,0.56,Low Risk,Maintain Service + Loyalty Communication,Maintain Service Quality
Female,0,No,No,12,Yes,Yes,DSL,Yes,No,Yes,Yes,No,No,Month-to-month,Yes,Mailed check,61.65,713.75,High-Risk High-Spend Customers,Yes,No,43.32,Medium Risk,Priority Support + Personalized Offer + Long-Term Contract Incentive,Proactive Support + Personalized Offer
Male,0,Yes,No,46,No,No phone service,DSL,Yes,No,Yes,Yes,No,No,Two year,No,Credit card (automatic),40.4,1842.7,Loyal Low-Spend Customers,No,No,3.17,Low Risk,Maintain Service + Loyalty Communication,Maintain Service Quality
Male,1,Yes,No,53,Yes,Yes,Fiber optic,No,Yes,No,No,Yes,Yes,Month-to-month,Yes,Electronic check,101.9,5549.4,Loyal High-Spend Customers,Yes,Yes,76.6,High Risk,Loyalty Rewards + Premium Benefits,Priority Loyalty Offer + Proactive Support
Male,0,Yes,Yes,67,Yes,No,DSL,Yes,Yes,Yes,No,Yes,Yes,Two year,No,Credit card (automatic),81.35,5398.6,Loyal High-Spend Customers,No,No,2.15,Low Risk,Loyalty Rewards + Premium Benefits,Maintain Loyalty Benefits
Female,0,Yes,No,33,Yes,Yes,Fiber optic,No,No,Yes,Yes,No,Yes,Month-to-month,Yes,Credit card (automatic),95.0,3008.15,High-Risk High-Spend Customers,No,Yes,66.75,High Risk,Priority Support + Personalized Offer + Long-Term Contract Incentive,Urgent Priority Support + Personalized Offer + Contract Incentive
Female,0,Yes,Yes,5,Yes,No,Fiber optic,No,No,No,No,No,No,Month-to-month,No,Credit card (automatic),69.95,320.4,High-Risk High-Spend Customers,No,Yes,68.39,High Risk,Priority Support + Personalized Offer + Long-Term Contract Incentive,Urgent Priority Support + Personalized Offer + Contract Incentive
Male,1,No,No,71,Yes,Yes,No,No internet service,No internet service,No internet service,No internet service,No internet service,No internet service,Two year,Yes,Mailed check,24.65,1766.75,Loyal Low-Spend Customers,No,No,0.89,Low Risk,Maintain Service + Loyalty Communication,Maintain Service Quality
Female,0,No,No,8,Yes,No,DSL,No,No,No,No,No,No,Month-to-month,No,Mailed check,44.45,369.3,New Low-Spend Customers,No,Yes,54.77,Medium Risk,Early Engagement + Welcome Offer + Service Guidance,Early Engagement + Service Guidance
Female,1,No,No,45,Yes,Yes,Fiber optic,No,No,Yes,No,Yes,Yes,One year,Yes,Bank transfer (automatic),100.15,4459.8,Loyal High-Spend Customers,No,Yes,56.98,Medium Risk,Loyalty Rewards + Premium Benefits,Loyalty Reward + Customer Check-In
Female,0,Yes,Yes,70,No,No phone service,DSL,No,Yes,Yes,Yes,Yes,Yes,One year,Yes,Bank transfer (automatic),58.4,4113.15,Loyal High-Spend Customers,No,No,5.78,Low Risk,Loyalty Rewards + Premium Benefits,Maintain Loyalty Benefits
Female,0,Yes,Yes,19,Yes,Yes,Fiber optic,No,No,No,Yes,No,Yes,One year,Yes,Bank transfer (automatic),89.35,1686.85,High-Risk High-Spend Customers,No,No,44.38,Medium Risk,Priority Support + Personalized Offer + Long-Term Contract Incentive,Proactive Support + Personalized Offer
Female,0,No,No,2,Yes,No,Fiber optic,No,No,No,No,No,No,Month-to-month,Yes,Electronic check,70.95,137.95,High-Risk High-Spend Customers,Yes,Yes,85.93,High Risk,Priority Support + Personalized Offer + Long-Term Contract Incentive,Urgent Priority Support + Personalized Offer + Contract Incentive
Female,0,No,No,5,Yes,Yes,Fiber optic,No,No,Yes,Yes,No,No,Month-to-month,Yes,Electronic check,82.75,417.75,High-Risk High-Spend Customers,No,Yes,84.06,High Risk,Priority Support + Personalized Offer + Long-Term Contract Incentive,Urgent Priority Support + Personalized Offer + Contract Incentive
Female,0,Yes,Yes,46,Yes,Yes,No,No internet service,No internet service,No internet service,No internet service,No internet service,No internet service,One year,No,Mailed check,24.95,1165.9,Loyal Low-Spend Customers,No,No,2.92,Low Risk,Maintain Service + Loyalty Communication,Maintain Service Quality
Female,0,No,No,4,Yes,No,DSL,No,Yes,No,No,No,No,Month-to-month,No,Credit card (automatic),50.7,151.3,New Low-Spend Customers,Yes,Yes,52.58,Medium Risk,Early Engagement + Welcome Offer + Service Guidance,Early Engagement + Service Guidance
Male,1,Yes,No,2,Yes,Yes,Fiber optic,No,No,No,No,Yes,No,Month-to-month,Yes,Mailed check,86.85,156.35,High-Risk High-Spend Customers,Yes,Yes,88.05,High Risk,Priority Support + Personalized Offer + Long-Term Contract Incentive,Urgent Priority Support + Personalized Offer + Contract Incentive
Male,0,Yes,Yes,43,No,No phone service,DSL,No,Yes,No,No,No,No,Month-to-month,No,Credit card (automatic),29.3,1224.05,Loyal Low-Spend Customers,No,No,19.49,Low Risk,Maintain Service + Loyalty Communication,Maintain Service Quality
Male,0,No,No,4,Yes,No,DSL,No,No,No,No,No,No,Month-to-month,No,Mailed check,44.55,220.75,New Low-Spend Customers,No,Yes,59.95,Medium Risk,Early Engagement + Welcome Offer + Service Guidance,Early Engagement + Service Guidance
Male,0,Yes,Yes,59,Yes,No,DSL,No,Yes,Yes,Yes,Yes,Yes,One year,No,Credit card (automatic),76.75,4541.9,Loyal High-Spend Customers,No,No,6.01,Low Risk,Loyalty Rewards + Premium Benefits,Maintain Loyalty Benefits
Male,0,No,No,1,Yes,No,No,No internet service,No internet service,No internet service,No internet service,No internet service,No internet service,Month-to-month,No,Mailed check,20.15,20.15,New Low-Spend Customers,Yes,No,42.67,Medium Risk,Early Engagement + Welcome Offer + Service Guidance,Early Engagement + Service Guidance
Male,0,Yes,Yes,36,Yes,No,DSL,Yes,No,Yes,No,No,Yes,One year,Yes,Credit card (automatic),63.7,2188.5,High-Risk High-Spend Customers,No,No,12.38,Low Risk,Priority Support + Personalized Offer + Long-Term Contract Incentive,Maintain Premium Relationship
Female,0,No,No,22,Yes,No,DSL,Yes,No,No,No,No,No,Month-to-month,Yes,Electronic check,49.8,1049.05,New Low-Spend Customers,No,No,42.48,Medium Risk,Early Engagement + Welcome Offer + Service Guidance,Early Engagement + Service Guidance
Male,0,Yes,No,67,Yes,No,Fiber optic,Yes,Yes,No,No,Yes,Yes,One year,Yes,Credit card (automatic),100.9,6733.15,Loyal High-Spend Customers,No,No,21.02,Low Risk,Loyalty Rewards + Premium Benefits,Maintain Loyalty Benefits
Male,0,Yes,No,3,No,No phone service,DSL,No,No,No,Yes,No,No,Month-to-month,Yes,Electronic check,29.9,92.25,New Low-Spend Customers,No,Yes,77.43,High Risk,Early Engagement + Welcome Offer + Service Guidance,Immediate Welcome Offer + Onboarding Support
Female,0,No,No,7,Yes,No,DSL,Yes,No,No,No,No,Yes,One year,Yes,Electronic check,59.1,369.25,High-Risk High-Spend Customers,No,No,44.41,Medium Risk,Priority Support + Personalized Offer + Long-Term Contract Incentive,Proactive Support + Personalized Offer
Male,0,No,No,2,Yes,No,Fiber optic,No,No,No,No,Yes,No,Month-to-month,No,Electronic check,79.0,143.65,High-Risk High-Spend Customers,Yes,Yes,86.22,High Risk,Priority Support + Personalized Offer + Long-Term Contract Incentive,Urgent Priority Support + Personalized Offer + Contract Incentive
Male,0,No,No,2,Yes,No,No,No internet service,No internet service,No internet service,No internet service,No internet service,No internet service,Month-to-month,No,Mailed check,20.25,36.8,New Low-Spend Customers,No,No,41.26,Medium Risk,Early Engagement + Welcome Offer + Service Guidance,Early Engagement + Service Guidance
Male,0,Yes,Yes,50,Yes,No,No,No internet service,No internet service,No internet service,No internet service,No internet service,No internet service,One year,Yes,Mailed check,20.35,938.95,Loyal Low-Spend Customers,No,No,2.12,Low Risk,Maintain Service + Loyalty Communication,Maintain Service Quality
Female,1,Yes,No,47,Yes,Yes,DSL,Yes,Yes,Yes,No,No,No,Month-to-month,Yes,Credit card (automatic),67.45,3252.0,Loyal Low-Spend Customers,No,No,20.79,Low Risk,Maintain Service + Loyalty Communication,Maintain Service Quality
Male,0,No,No,25,Yes,Yes,DSL,Yes,Yes,Yes,Yes,No,Yes,Month-to-month,No,Bank transfer (automatic),81.75,2028.8,High-Risk High-Spend Customers,No,No,24.72,Low Risk,Priority Support + Personalized Offer + Long-Term Contract Incentive,Maintain Premium Relationship
Female,0,No,Yes,46,Yes,No,Fiber optic,Yes,Yes,No,Yes,Yes,Yes,One year,Yes,Bank transfer (automatic),105.2,4822.85,Loyal High-Spend Customers,Yes,No,15.56,Low Risk,Loyalty Rewards + Premium Benefits,Maintain Loyalty Benefits
Male,1,Yes,No,13,Yes,No,Fiber optic,No,Yes,No,Yes,No,Yes,Month-to-month,Yes,Bank transfer (automatic),89.05,1169.35,High-Risk High-Spend Customers,Yes,Yes,67.57,High Risk,Priority Support + Personalized Offer + Long-Term Contract Incentive,Urgent Priority Support + Personalized Offer + Contract Incentive
Female,1,Yes,No,72,Yes,Yes,Fiber optic,No,Yes,Yes,No,Yes,Yes,One year,No,Credit card (automatic),105.0,7578.05,Loyal High-Spend Customers,No,No,33.87,Medium Risk,Loyalty Rewards + Premium Benefits,Loyalty Reward + Customer Check-In
Male,0,No,No,46,Yes,No,DSL,No,No,No,No,No,No,Month-to-month,Yes,Credit card (automatic),45.2,2065.15,Loyal Low-Spend Customers,No,No,23.66,Low Risk,Maintain Service + Loyalty Communication,Maintain Service Quality
Male,0,Yes,No,70,Yes,No,No,No internet service,No internet service,No internet service,No internet service,No internet service,No internet service,Two year,No,Credit card (automatic),19.85,1433.8,Loyal Low-Spend Customers,No,No,0.45,Low Risk,Maintain Service + Loyalty Communication,Maintain Service Quality
Female,1,No,No,37,Yes,Yes,Fiber optic,No,No,No,No,No,No,Month-to-month,Yes,Electronic check,76.25,2841.55,High-Risk High-Spend Customers,Yes,Yes,73.51,High Risk,Priority Support + Personalized Offer + Long-Term Contract Incentive,Urgent Priority Support + Personalized Offer + Contract Incentive
Male,0,No,No,22,Yes,Yes,Fiber optic,Yes,No,No,No,Yes,Yes,Month-to-month,Yes,Bank transfer (automatic),101.35,2317.1,High-Risk High-Spend Customers,Yes,Yes,75.67,High Risk,Priority Support + Personalized Offer + Long-Term Contract Incentive,Urgent Priority Support + Personalized Offer + Contract Incentive
Female,0,Yes,Yes,36,Yes,Yes,Fiber optic,No,Yes,Yes,No,Yes,No,Month-to-month,Yes,Bank transfer (automatic),97.35,3457.9,Loyal High-Spend Customers,Yes,Yes,58.05,Medium Risk,Loyalty Rewards + Premium Benefits,Loyalty Reward + Customer Check-In
Female,0,No,No,5,Yes,No,Fiber optic,No,No,No,Yes,No,Yes,Month-to-month,Yes,Credit card (automatic),85.4,425.9,High-Risk High-Spend Customers,Yes,Yes,76.01,High Risk,Priority Support + Personalized Offer + Long-Term Contract Incentive,Urgent Priority Support + Personalized Offer + Contract Incentive
Female,0,No,No,68,Yes,No,DSL,Yes,No,Yes,No,No,No,One year,Yes,Credit card (automatic),54.45,3674.95,Loyal Low-Spend Customers,No,No,3.5,Low Risk,Maintain Service + Loyalty Communication,Maintain Service Quality
Female,0,Yes,Yes,71,Yes,Yes,Fiber optic,Yes,Yes,Yes,Yes,No,No,One year,Yes,Credit card (automatic),95.15,6770.85,Loyal High-Spend Customers,No,No,7.39,Low Risk,Loyalty Rewards + Premium Benefits,Maintain Loyalty Benefits
Female,0,Yes,No,58,Yes,Yes,DSL,Yes,No,No,Yes,No,Yes,One year,Yes,Electronic check,68.4,3972.25,Loyal High-Spend Customers,No,No,9.85,Low Risk,Loyalty Rewards + Premium Benefits,Maintain Loyalty Benefits
Male,1,No,No,35,Yes,Yes,Fiber optic,No,No,No,No,Yes,Yes,Month-to-month,Yes,Electronic check,95.45,3474.05,High-Risk High-Spend Customers,Yes,Yes,86.51,High Risk,Priority Support + Personalized Offer + Long-Term Contract Incentive,Urgent Priority Support + Personalized Offer + Contract Incentive
Male,1,Yes,No,24,Yes,Yes,Fiber optic,Yes,No,No,No,No,No,Month-to-month,Yes,Electronic check,78.85,1772.25,High-Risk High-Spend Customers,Yes,Yes,73.44,High Risk,Priority Support + Personalized Offer + Long-Term Contract Incentive,Urgent Priority Support + Personalized Offer + Contract Incentive
Female,0,No,No,1,Yes,No,No,No internet service,No internet service,No internet service,No internet service,No internet service,No internet service,Month-to-month,No,Mailed check,20.5,20.5,New Low-Spend Customers,No,No,41.61,Medium Risk,Early Engagement + Welcome Offer + Service Guidance,Early Engagement + Service Guidance
Male,0,No,No,51,Yes,No,No,No internet service,No internet service,No internet service,No internet service,No internet service,No internet service,Two year,No,Mailed check,20.45,1042.65,Loyal Low-Spend Customers,No,No,1.14,Low Risk,Maintain Service + Loyalty Communication,Maintain Service Quality
Male,0,No,No,20,Yes,Yes,Fiber optic,No,No,No,Yes,Yes,Yes,Month-to-month,Yes,Mailed check,98.55,2031.95,High-Risk High-Spend Customers,No,Yes,79.67,High Risk,Priority Support + Personalized Offer + Long-Term Contract Incentive,Urgent Priority Support + Personalized Offer + Contract Incentive
Male,0,Yes,Yes,55,Yes,No,DSL,Yes,Yes,No,Yes,No,No,Two year,No,Bank transfer (automatic),57.55,3046.4,Loyal Low-Spend Customers,Yes,No,0.79,Low Risk,Maintain Service + Loyalty Communication,Maintain Service Quality
Male,0,No,No,54,Yes,Yes,Fiber optic,No,No,Yes,No,No,Yes,Month-to-month,No,Credit card (automatic),89.4,4869.5,Loyal High-Spend Customers,No,Yes,59.32,Medium Risk,Loyalty Rewards + Premium Benefits,Loyalty Reward + Customer Check-In
Female,0,Yes,Yes,62,Yes,No,DSL,Yes,No,Yes,No,No,No,One year,No,Credit card (automatic),54.75,3425.35,Loyal Low-Spend Customers,No,No,2.45,Low Risk,Maintain Service + Loyalty Communication,Maintain Service Quality
Male,0,No,No,9,No,No phone service,DSL,No,No,No,No,Yes,No,Month-to-month,Yes,Credit card (automatic),34.7,296.1,New Low-Spend Customers,Yes,Yes,79.01,High Risk,Early Engagement + Welcome Offer + Service Guidance,Immediate Welcome Offer + Onboarding Support
Female,0,Yes,Yes,71,Yes,Yes,Fiber optic,Yes,Yes,Yes,Yes,Yes,Yes,Two year,No,Bank transfer (automatic),114.6,8100.25,Loyal High-Spend Customers,No,No,6.45,Low Risk,Loyalty Rewards + Premium Benefits,Maintain Loyalty Benefits
Male,0,No,No,65,Yes,Yes,Fiber optic,Yes,No,No,Yes,No,Yes,One year,No,Electronic check,93.55,6069.25,Loyal High-Spend Customers,No,No,19.42,Low Risk,Loyalty Rewards + Premium Benefits,Maintain Loyalty Benefits
Female,0,Yes,Yes,23,Yes,Yes,Fiber optic,Yes,No,No,No,No,No,One year,No,Credit card (automatic),81.85,1810.85,High-Risk High-Spend Customers,No,No,27.61,Low Risk,Priority Support + Personalized Offer + Long-Term Contract Incentive,Maintain Premium Relationship
Female,0,No,No,45,Yes,Yes,Fiber optic,Yes,Yes,No,No,No,Yes,One year,No,Bank transfer (automatic),96.75,4442.75,Loyal High-Spend Customers,No,No,24.46,Low Risk,Loyalty Rewards + Premium Benefits,Maintain Loyalty Benefits
Male,0,No,No,69,Yes,No,No,No internet service,No internet service,No internet service,No internet service,No internet service,No internet service,Two year,Yes,Bank transfer (automatic),19.3,1447.9,Loyal Low-Spend Customers,No,No,0.58,Low Risk,Maintain Service + Loyalty Communication,Maintain Service Quality
Male,1,No,No,16,Yes,No,Fiber optic,No,No,No,No,No,No,Month-to-month,No,Electronic check,69.65,1043.3,High-Risk High-Spend Customers,No,Yes,76.32,High Risk,Priority Support + Personalized Offer + Long-Term Contract Incentive,Urgent Priority Support + Personalized Offer + Contract Incentive
Female,0,Yes,Yes,66,Yes,No,DSL,Yes,Yes,No,Yes,No,No,Two year,Yes,Credit card (automatic),58.2,3810.8,Loyal Low-Spend Customers,No,No,0.75,Low Risk,Maintain Service + Loyalty Communication,Maintain Service Quality
Male,0,No,No,4,Yes,Yes,Fiber optic,Yes,No,No,No,Yes,No,Month-to-month,No,Electronic check,90.65,367.95,High-Risk High-Spend Customers,No,Yes,81.64,High Risk,Priority Support + Personalized Offer + Long-Term Contract Incentive,Urgent Priority Support + Personalized Offer + Contract Incentive
Male,1,Yes,No,29,Yes,No,Fiber optic,Yes,No,Yes,No,No,Yes,One year,No,Bank transfer (automatic),90.1,2656.7,High-Risk High-Spend Customers,No,No,34.02,Medium Risk,Priority Support + Personalized Offer + Long-Term Contract Incentive,Proactive Support + Personalized Offer
Female,1,No,No,50,Yes,Yes,Fiber optic,No,Yes,No,Yes,Yes,Yes,One year,Yes,Electronic check,106.8,5347.95,Loyal High-Spend Customers,No,No,47.47,Medium Risk,Loyalty Rewards + Premium Benefits,Loyalty Reward + Customer Check-In
Female,0,Yes,Yes,17,Yes,No,Fiber optic,No,No,Yes,Yes,Yes,Yes,One year,No,Bank transfer (automatic),98.6,1704.95,High-Risk High-Spend Customers,Yes,No,38.93,Medium Risk,Priority Support + Personalized Offer + Long-Term Contract Incentive,Proactive Support + Personalized Offer
Female,0,No,Yes,65,No,No phone service,DSL,No,Yes,No,Yes,Yes,No,Two year,No,Mailed check,45.25,2933.95,Loyal Low-Spend Customers,No,No,1.62,Low Risk,Maintain Service + Loyalty Communication,Maintain Service Quality
Male,0,Yes,No,72,Yes,Yes,No,No internet service,No internet service,No internet service,No internet service,No internet service,No internet service,Two year,No,Credit card (automatic),25.85,1872.2,Loyal Low-Spend Customers,No,No,0.61,Low Risk,Maintain Service + Loyalty Communication,Maintain Service Quality
Female,0,No,No,2,Yes,No,Fiber optic,No,No,No,No,No,No,Month-to-month,No,Bank transfer (automatic),69.75,144.55,High-Risk High-Spend Customers,Yes,Yes,75.66,High Risk,Priority Support + Personalized Offer + Long-Term Contract Incentive,Urgent Priority Support + Personalized Offer + Contract Incentive
Male,0,Yes,Yes,54,Yes,No,No,No internet service,No internet service,No internet service,No internet service,No internet service,No internet service,Two year,No,Credit card (automatic),20.4,1090.6,Loyal Low-Spend Customers,No,No,0.72,Low Risk,Maintain Service + Loyalty Communication,Maintain Service Quality
Male,0,No,No,1,Yes,No,Fiber optic,No,No,No,No,No,No,Month-to-month,Yes,Electronic check,69.9,69.9,High-Risk High-Spend Customers,Yes,Yes,87.19,High Risk,Priority Support + Personalized Offer + Long-Term Contract Incentive,Urgent Priority Support + Personalized Offer + Contract Incentive
Female,0,No,No,15,Yes,Yes,DSL,No,No,No,No,No,No,Month-to-month,Yes,Mailed check,48.8,720.1,New Low-Spend Customers,No,Yes,62.34,High Risk,Early Engagement + Welcome Offer + Service Guidance,Immediate Welcome Offer + Onboarding Support
Female,0,Yes,Yes,57,Yes,No,DSL,Yes,No,No,No,Yes,Yes,One year,Yes,Bank transfer (automatic),70.1,3913.3,Loyal High-Spend Customers,Yes,No,6.65,Low Risk,Loyalty Rewards + Premium Benefits,Maintain Loyalty Benefits
Female,0,Yes,No,6,Yes,Yes,DSL,No,No,No,No,No,No,Month-to-month,No,Electronic check,50.35,314.55,New Low-Spend Customers,No,Yes,71.81,High Risk,Early Engagement + Welcome Offer + Service Guidance,Immediate Welcome Offer + Onboarding Support
Male,0,Yes,Yes,34,Yes,Yes,DSL,No,No,Yes,No,Yes,Yes,One year,No,Bank transfer (automatic),77.2,2753.8,High-Risk High-Spend Customers,No,No,24.05,Low Risk,Priority Support + Personalized Offer + Long-Term Contract Incentive,Maintain Premium Relationship
Male,0,No,No,10,No,No phone service,DSL,No,No,No,No,No,Yes,Month-to-month,Yes,Mailed check,33.9,298.45,New Low-Spend Customers,Yes,Yes,78.92,High Risk,Early Engagement + Welcome Offer + Service Guidance,Immediate Welcome Offer + Onboarding Support
Male,1,Yes,No,55,Yes,Yes,Fiber optic,No,Yes,Yes,Yes,Yes,Yes,Two year,Yes,Electronic check,113.6,6292.7,Loyal High-Spend Customers,No,No,31.29,Medium Risk,Loyalty Rewards + Premium Benefits,Loyalty Reward + Customer Check-In
Male,0,No,No,38,Yes,No,DSL,No,No,Yes,Yes,No,Yes,One year,Yes,Mailed check,62.3,2354.8,Loyal Low-Spend Customers,Yes,No,16.34,Low Risk,Maintain Service + Loyalty Communication,Maintain Service Quality
Female,0,No,No,5,Yes,No,No,No internet service,No internet service,No internet service,No internet service,No internet service,No internet service,Month-to-month,Yes,Credit card (automatic),19.65,92.05,New Low-Spend Customers,No,No,45.08,Medium Risk,Early Engagement + Welcome Offer + Service Guidance,Early Engagement + Service Guidance
Male,1,Yes,No,63,No,No phone service,DSL,Yes,No,No,Yes,No,No,One year,No,Bank transfer (automatic),36.1,2298.9,Loyal Low-Spend Customers,No,No,2.47,Low Risk,Maintain Service + Loyalty Communication,Maintain Service Quality
Female,0,No,No,3,Yes,No,Fiber optic,No,Yes,No,No,Yes,Yes,Month-to-month,No,Electronic check,95.4,293.15,High-Risk High-Spend Customers,No,Yes,85.18,High Risk,Priority Support + Personalized Offer + Long-Term Contract Incentive,Urgent Priority Support + Personalized Offer + Contract Incentive
Female,0,Yes,No,67,Yes,Yes,Fiber optic,No,Yes,Yes,No,Yes,Yes,One year,Yes,Bank transfer (automatic),105.7,6816.95,Loyal High-Spend Customers,No,No,36.01,Medium Risk,Loyalty Rewards + Premium Benefits,Loyalty Reward + Customer Check-In
Male,0,Yes,No,3,Yes,No,No,No internet service,No internet service,No internet service,No internet service,No internet service,No internet service,Month-to-month,No,Bank transfer (automatic),20.0,49.65,New Low-Spend Customers,No,No,38.39,Medium Risk,Early Engagement + Welcome Offer + Service Guidance,Early Engagement + Service Guidance
Male,0,No,No,1,Yes,Yes,DSL,No,No,No,No,No,No,Month-to-month,No,Mailed check,50.75,50.75,New Low-Spend Customers,No,Yes,68.56,High Risk,Early Engagement + Welcome Offer + Service Guidance,Immediate Welcome Offer + Onboarding Support
Male,0,No,No,1,Yes,No,No,No internet service,No internet service,No internet service,No internet service,No internet service,No internet service,Month-to-month,No,Mailed check,19.65,19.65,New Low-Spend Customers,No,No,43.17,Medium Risk,Early Engagement + Welcome Offer + Service Guidance,Early Engagement + Service Guidance
Female,0,Yes,Yes,13,Yes,No,DSL,No,No,No,No,No,Yes,Month-to-month,No,Electronic check,55.95,734.35,New Low-Spend Customers,Yes,Yes,55.99,Medium Risk,Early Engagement + Welcome Offer + Service Guidance,Early Engagement + Service Guidance
Male,0,Yes,Yes,25,Yes,No,No,No internet service,No internet service,No internet service,No internet service,No internet service,No internet service,Month-to-month,Yes,Mailed check,19.15,477.6,New Low-Spend Customers,No,No,16.87,Low Risk,Early Engagement + Welcome Offer + Service Guidance,Regular Onboarding Communication
Male,0,Yes,No,51,Yes,Yes,Fiber optic,No,Yes,Yes,No,Yes,Yes,One year,Yes,Bank transfer (automatic),106.8,5498.8,Loyal High-Spend Customers,No,No,47.79,Medium Risk,Loyalty Rewards + Premium Benefits,Loyalty Reward + Customer Check-In
Female,0,No,No,1,Yes,No,Fiber optic,Yes,No,No,No,No,No,Month-to-month,No,Mailed check,75.3,75.3,High-Risk High-Spend Customers,Yes,Yes,66.4,High Risk,Priority Support + Personalized Offer + Long-Term Contract Incentive,Urgent Priority Support + Personalized Offer + Contract Incentive
Male,0,Yes,No,68,Yes,No,Fiber optic,No,Yes,No,Yes,Yes,Yes,One year,Yes,Electronic check,100.3,6754.35,Loyal High-Spend Customers,No,No,27.07,Low Risk,Loyalty Rewards + Premium Benefits,Maintain Loyalty Benefits
Male,0,Yes,Yes,44,No,No phone service,DSL,Yes,Yes,Yes,Yes,No,Yes,Two year,Yes,Credit card (automatic),54.05,2375.2,Loyal Low-Spend Customers,No,No,4.23,Low Risk,Maintain Service + Loyalty Communication,Maintain Service Quality
Male,0,No,No,8,Yes,Yes,Fiber optic,No,No,No,No,No,No,Month-to-month,Yes,Electronic check,74.85,572.45,High-Risk High-Spend Customers,No,Yes,87.88,High Risk,Priority Support + Personalized Offer + Long-Term Contract Incentive,Urgent Priority Support + Personalized Offer + Contract Incentive
Female,1,No,No,2,Yes,No,Fiber optic,No,No,No,No,No,No,Month-to-month,Yes,Electronic check,70.65,142.35,High-Risk High-Spend Customers,Yes,Yes,87.01,High Risk,Priority Support + Personalized Offer + Long-Term Contract Incentive,Urgent Priority Support + Personalized Offer + Contract Incentive
Female,0,No,No,47,Yes,No,Fiber optic,Yes,No,Yes,Yes,Yes,Yes,One year,Yes,Electronic check,103.7,4730.6,Loyal High-Spend Customers,No,No,33.85,Medium Risk,Loyalty Rewards + Premium Benefits,Loyalty Reward + Customer Check-In
Female,0,No,No,2,No,No phone service,DSL,Yes,Yes,No,No,No,Yes,Month-to-month,Yes,Electronic check,42.6,72.4,New Low-Spend Customers,Yes,Yes,79.32,High Risk,Early Engagement + Welcome Offer + Service Guidance,Immediate Welcome Offer + Onboarding Support
Male,0,No,No,9,Yes,No,Fiber optic,No,No,No,No,No,Yes,Month-to-month,Yes,Electronic check,80.8,713.1,High-Risk High-Spend Customers,Yes,Yes,86.73,High Risk,Priority Support + Personalized Offer + Long-Term Contract Incentive,Urgent Priority Support + Personalized Offer + Contract Incentive
Female,0,Yes,Yes,71,Yes,Yes,No,No internet service,No internet service,No internet service,No internet service,No internet service,No internet service,Two year,No,Bank transfer (automatic),24.7,1810.55,Loyal Low-Spend Customers,No,No,0.41,Low Risk,Maintain Service + Loyalty Communication,Maintain Service Quality
Female,1,Yes,No,27,Yes,Yes,DSL,No,Yes,Yes,Yes,Yes,Yes,Month-to-month,No,Electronic check,83.85,2310.2,High-Risk High-Spend Customers,No,Yes,55.11,Medium Risk,Priority Support + Personalized Offer + Long-Term Contract Incentive,Proactive Support + Personalized Offer
Male,0,Yes,No,49,No,No phone service,DSL,No,Yes,No,No,Yes,Yes,Two year,No,Credit card (automatic),49.65,2409.9,Loyal Low-Spend Customers,No,No,10.58,Low Risk,Maintain Service + Loyalty Communication,Maintain Service Quality
Male,0,Yes,No,72,Yes,Yes,DSL,Yes,Yes,Yes,Yes,Yes,Yes,Two year,Yes,Bank transfer (automatic),87.1,6230.1,Loyal High-Spend Customers,No,No,3.36,Low Risk,Loyalty Rewards + Premium Benefits,Maintain Loyalty Benefits
Female,0,No,No,22,Yes,No,Fiber optic,Yes,No,No,Yes,No,Yes,Month-to-month,Yes,Electronic check,89.05,1886.25,High-Risk High-Spend Customers,No,Yes,62.16,High Risk,Priority Support + Personalized Offer + Long-Term Contract Incentive,Urgent Priority Support + Personalized Offer + Contract Incentive
Female,0,No,No,5,Yes,No,DSL,Yes,No,Yes,No,No,No,Month-to-month,No,Credit card (automatic),55.8,300.4,New Low-Spend Customers,No,No,45.24,Medium Risk,Early Engagement + Welcome Offer + Service Guidance,Early Engagement + Service Guidance
Male,1,No,No,52,No,No phone service,DSL,No,Yes,No,No,Yes,Yes,Month-to-month,Yes,Electronic check,49.15,2550.9,Loyal Low-Spend Customers,Yes,No,49.68,Medium Risk,Maintain Service + Loyalty Communication,Customer Check-In + Loyalty Communication
Female,0,Yes,No,20,Yes,No,No,No internet service,No internet service,No internet service,No internet service,No internet service,No internet service,One year,Yes,Mailed check,20.0,416.45,New Low-Spend Customers,No,No,12.98,Low Risk,Early Engagement + Welcome Offer + Service Guidance,Regular Onboarding Communication
Female,1,No,No,4,Yes,Yes,Fiber optic,No,No,Yes,No,Yes,No,Month-to-month,Yes,Electronic check,89.2,346.2,High-Risk High-Spend Customers,Yes,Yes,91.84,High Risk,Priority Support + Personalized Offer + Long-Term Contract Incentive,Urgent Priority Support + Personalized Offer + Contract Incentive
Female,0,Yes,No,19,Yes,Yes,Fiber optic,No,No,No,No,Yes,No,Month-to-month,Yes,Electronic check,86.85,1564.4,High-Risk High-Spend Customers,No,Yes,85.03,High Risk,Priority Support + Personalized Offer + Long-Term Contract Incentive,Urgent Priority Support + Personalized Offer + Contract Incentive
Female,0,No,No,30,Yes,Yes,Fiber optic,No,Yes,No,No,Yes,Yes,Month-to-month,Yes,Electronic check,100.2,2983.8,High-Risk High-Spend Customers,Yes,Yes,83.87,High Risk,Priority Support + Personalized Offer + Long-Term Contract Incentive,Urgent Priority Support + Personalized Offer + Contract Incentive
Female,0,No,No,1,Yes,No,Fiber optic,No,No,Yes,No,Yes,No,Month-to-month,Yes,Credit card (automatic),85.55,85.55,High-Risk High-Spend Customers,Yes,Yes,84.97,High Risk,Priority Support + Personalized Offer + Long-Term Contract Incentive,Urgent Priority Support + Personalized Offer + Contract Incentive
Female,0,No,No,13,Yes,No,No,No internet service,No internet service,No internet service,No internet service,No internet service,No internet service,Month-to-month,No,Credit card (automatic),19.45,232.1,New Low-Spend Customers,No,No,29.05,Low Risk,Early Engagement + Welcome Offer + Service Guidance,Regular Onboarding Communication
Male,0,No,No,53,Yes,Yes,No,No internet service,No internet service,No internet service,No internet service,No internet service,No internet service,Two year,No,Mailed check,24.6,1279.0,Loyal Low-Spend Customers,No,No,1.54,Low Risk,Maintain Service + Loyalty Communication,Maintain Service Quality
Male,1,No,No,19,Yes,Yes,Fiber optic,No,No,Yes,No,No,No,Month-to-month,Yes,Electronic check,79.85,1471.75,High-Risk High-Spend Customers,Yes,Yes,84.87,High Risk,Priority Support + Personalized Offer + Long-Term Contract Incentive,Urgent Priority Support + Personalized Offer + Contract Incentive
Female,1,No,No,7,Yes,No,Fiber optic,No,No,No,No,Yes,Yes,Month-to-month,Yes,Electronic check,89.15,574.35,High-Risk High-Spend Customers,No,Yes,90.52,High Risk,Priority Support + Personalized Offer + Long-Term Contract Incentive,Urgent Priority Support + Personalized Offer + Contract Incentive
Female,1,No,No,6,Yes,No,No,No internet service,No internet service,No internet service,No internet service,No internet service,No internet service,Month-to-month,No,Bank transfer (automatic),19.5,106.8,New Low-Spend Customers,No,No,36.44,Medium Risk,Early Engagement + Welcome Offer + Service Guidance,Early Engagement + Service Guidance
Female,1,Yes,No,47,Yes,Yes,Fiber optic,No,No,Yes,No,Yes,Yes,Month-to-month,No,Electronic check,99.7,4747.2,Loyal High-Spend Customers,No,Yes,78.76,High Risk,Loyalty Rewards + Premium Benefits,Priority Loyalty Offer + Proactive Support
Male,0,Yes,No,37,Yes,No,No,No internet service,No internet service,No internet service,No internet service,No internet service,No internet service,Month-to-month,No,Bank transfer (automatic),20.35,697.65,Loyal Low-Spend Customers,No,No,9.24,Low Risk,Maintain Service + Loyalty Communication,Maintain Service Quality
Male,0,No,No,18,Yes,Yes,Fiber optic,No,No,No,No,No,No,Month-to-month,Yes,Bank transfer (automatic),75.6,1395.05,High-Risk High-Spend Customers,No,Yes,76.58,High Risk,Priority Support + Personalized Offer + Long-Term Contract Incentive,Urgent Priority Support + Personalized Offer + Contract Incentive
Female,0,Yes,Yes,27,Yes,No,DSL,No,Yes,No,No,No,No,Month-to-month,No,Mailed check,49.85,1336.15,New Low-Spend Customers,No,No,22.86,Low Risk,Early Engagement + Welcome Offer + Service Guidance,Regular Onboarding Communication
Male,1,Yes,No,21,Yes,No,DSL,Yes,Yes,No,No,No,Yes,Month-to-month,Yes,Bank transfer (automatic),64.95,1339.8,High-Risk High-Spend Customers,No,No,38.03,Medium Risk,Priority Support + Personalized Offer + Long-Term Contract Incentive,Proactive Support + Personalized Offer
Female,1,No,No,20,Yes,Yes,Fiber optic,Yes,No,No,No,No,No,Month-to-month,Yes,Electronic check,79.15,1520.9,High-Risk High-Spend Customers,Yes,Yes,75.63,High Risk,Priority Support + Personalized Offer + Long-Term Contract Incentive,Urgent Priority Support + Personalized Offer + Contract Incentive
Male,0,No,No,25,Yes,No,Fiber optic,No,No,No,No,No,No,Month-to-month,No,Electronic check,69.75,1729.35,High-Risk High-Spend Customers,No,Yes,68.69,High Risk,Priority Support + Personalized Offer + Long-Term Contract Incentive,Urgent Priority Support + Personalized Offer + Contract Incentive
Female,1,Yes,Yes,66,Yes,Yes,Fiber optic,No,Yes,Yes,No,Yes,Yes,One year,Yes,Electronic check,104.9,6891.45,Loyal High-Spend Customers,No,No,43.25,Medium Risk,Loyalty Rewards + Premium Benefits,Loyalty Reward + Customer Check-In
Female,0,Yes,Yes,44,Yes,Yes,Fiber optic,No,Yes,Yes,No,No,Yes,One year,No,Electronic check,94.4,4295.35,Loyal High-Spend Customers,No,No,40.85,Medium Risk,Loyalty Rewards + Premium Benefits,Loyalty Reward + Customer Check-In
Male,0,Yes,Yes,34,Yes,No,Fiber optic,No,No,Yes,No,Yes,No,Month-to-month,Yes,Mailed check,84.05,2909.95,High-Risk High-Spend Customers,No,Yes,60.6,High Risk,Priority Support + Personalized Offer + Long-Term Contract Incentive,Urgent Priority Support + Personalized Offer + Contract Incentive
Female,0,No,No,42,Yes,No,DSL,Yes,No,Yes,No,No,No,Month-to-month,No,Credit card (automatic),54.55,2455.05,Loyal Low-Spend Customers,No,No,16.73,Low Risk,Maintain Service + Loyalty Communication,Maintain Service Quality
Female,0,No,No,39,Yes,No,DSL,Yes,No,No,No,No,No,One year,Yes,Electronic check,47.85,1886.4,Loyal Low-Spend Customers,No,No,14.06,Low Risk,Maintain Service + Loyalty Communication,Maintain Service Quality
Female,0,No,No,5,Yes,No,No,No internet service,No internet service,No internet service,No internet service,No internet service,No internet service,Month-to-month,Yes,Mailed check,20.5,104.3,New Low-Spend Customers,No,No,43.26,Medium Risk,Early Engagement + Welcome Offer + Service Guidance,Early Engagement + Service Guidance
Male,0,Yes,No,66,Yes,Yes,DSL,Yes,Yes,Yes,Yes,Yes,Yes,Two year,No,Bank transfer (automatic),91.7,6075.9,Loyal High-Spend Customers,No,No,2.87,Low Risk,Loyalty Rewards + Premium Benefits,Maintain Loyalty Benefits
Male,0,No,No,31,No,No phone service,DSL,No,No,Yes,No,Yes,Yes,One year,Yes,Electronic check,50.05,1523.4,Loyal Low-Spend Customers,No,Yes,54.01,Medium Risk,Maintain Service + Loyalty Communication,Customer Check-In + Loyalty Communication
Male,0,No,No,43,Yes,No,No,No internet service,No internet service,No internet service,No internet service,No internet service,No internet service,Two year,No,Mailed check,19.55,876.15,Loyal Low-Spend Customers,No,No,1.79,Low Risk,Maintain Service + Loyalty Communication,Maintain Service Quality
Male,0,Yes,Yes,67,Yes,Yes,Fiber optic,No,Yes,Yes,No,Yes,Yes,One year,Yes,Electronic check,105.4,6989.45,Loyal High-Spend Customers,No,No,40.89,Medium Risk,Loyalty Rewards + Premium Benefits,Loyalty Reward + Customer Check-In
Female,0,No,No,14,Yes,No,DSL,No,Yes,No,No,No,No,One year,No,Credit card (automatic),51.45,727.85,New Low-Spend Customers,No,No,23.35,Low Risk,Early Engagement + Welcome Offer + Service Guidance,Regular Onboarding Communication
Female,0,No,No,3,Yes,No,Fiber optic,Yes,No,Yes,No,Yes,Yes,Month-to-month,Yes,Credit card (automatic),99.0,287.4,High-Risk High-Spend Customers,Yes,Yes,81.19,High Risk,Priority Support + Personalized Offer + Long-Term Contract Incentive,Urgent Priority Support + Personalized Offer + Contract Incentive
Female,0,Yes,No,71,Yes,Yes,DSL,No,No,Yes,Yes,Yes,Yes,Two year,Yes,Bank transfer (automatic),80.45,5662.25,Loyal High-Spend Customers,No,No,5.31,Low Risk,Loyalty Rewards + Premium Benefits,Maintain Loyalty Benefits
Female,0,No,No,50,Yes,Yes,DSL,Yes,No,Yes,Yes,Yes,Yes,One year,Yes,Credit card (automatic),82.5,4179.1,Loyal High-Spend Customers,No,No,14.65,Low Risk,Loyalty Rewards + Premium Benefits,Maintain Loyalty Benefits
Male,0,Yes,No,72,Yes,Yes,Fiber optic,Yes,Yes,Yes,Yes,No,Yes,Two year,No,Bank transfer (automatic),105.6,7581.5,Loyal High-Spend Customers,No,No,5.91,Low Risk,Loyalty Rewards + Premium Benefits,Maintain Loyalty Benefits
Male,0,No,Yes,1,Yes,Yes,Fiber optic,No,No,No,No,Yes,Yes,Month-to-month,Yes,Electronic check,93.3,93.3,High-Risk High-Spend Customers,Yes,Yes,91.66,High Risk,Priority Support + Personalized Offer + Long-Term Contract Incentive,Urgent Priority Support + Personalized Offer + Contract Incentive
Female,0,No,No,24,Yes,No,No,No internet service,No internet service,No internet service,No internet service,No internet service,No internet service,One year,No,Credit card (automatic),20.45,527.35,New Low-Spend Customers,No,No,8.71,Low Risk,Early Engagement + Welcome Offer + Service Guidance,Regular Onboarding Communication
Female,0,Yes,Yes,11,Yes,No,No,No internet service,No internet service,No internet service,No internet service,No internet service,No internet service,Month-to-month,Yes,Mailed check,19.25,180.3,New Low-Spend Customers,Yes,No,28.94,Low Risk,Early Engagement + Welcome Offer + Service Guidance,Regular Onboarding Communication
Male,0,No,No,3,Yes,No,DSL,No,No,No,Yes,No,No,Month-to-month,Yes,Mailed check,50.5,147.75,New Low-Spend Customers,No,Yes,54.02,Medium Risk,Early Engagement + Welcome Offer + Service Guidance,Early Engagement + Service Guidance
Male,1,No,No,2,Yes,No,Fiber optic,No,Yes,No,No,No,No,Month-to-month,Yes,Electronic check,74.7,165.4,High-Risk High-Spend Customers,Yes,Yes,85.02,High Risk,Priority Support + Personalized Offer + Long-Term Contract Incentive,Urgent Priority Support + Personalized Offer + Contract Incentive
Female,0,No,No,29,Yes,No,DSL,Yes,No,Yes,Yes,No,No,One year,No,Credit card (automatic),58.0,1734.5,High-Risk High-Spend Customers,No,No,8.39,Low Risk,Priority Support + Personalized Offer + Long-Term Contract Incentive,Maintain Premium Relationship
Female,0,Yes,Yes,48,Yes,No,No,No internet service,No internet service,No internet service,No internet service,No internet service,No internet service,Two year,No,Bank transfer (automatic),20.65,1057.0,Loyal Low-Spend Customers,No,No,0.87,Low Risk,Maintain Service + Loyalty Communication,Maintain Service Quality
Male,0,Yes,No,63,Yes,No,No,No internet service,No internet service,No internet service,No internet service,No internet service,No internet service,Two year,No,Mailed check,19.25,1237.65,Loyal Low-Spend Customers,No,No,0.63,Low Risk,Maintain Service + Loyalty Communication,Maintain Service Quality
Female,0,No,Yes,3,Yes,No,DSL,Yes,No,No,Yes,No,Yes,Month-to-month,Yes,Bank transfer (automatic),64.5,177.4,High-Risk High-Spend Customers,No,No,37.43,Medium Risk,Priority Support + Personalized Offer + Long-Term Contract Incentive,Proactive Support + Personalized Offer
Male,0,Yes,Yes,4,Yes,No,DSL,No,No,No,Yes,No,Yes,Month-to-month,No,Credit card (automatic),61.45,229.55,High-Risk High-Spend Customers,Yes,No,44.05,Medium Risk,Priority Support + Personalized Offer + Long-Term Contract Incentive,Proactive Support + Personalized Offer
Female,0,No,No,2,Yes,Yes,DSL,No,Yes,No,No,No,No,Month-to-month,No,Mailed check,54.15,101.65,New Low-Spend Customers,No,Yes,63.0,High Risk,Early Engagement + Welcome Offer + Service Guidance,Immediate Welcome Offer + Onboarding Support
Male,0,No,No,44,Yes,No,Fiber optic,Yes,Yes,Yes,No,Yes,Yes,One year,Yes,Electronic check,106.05,4510.8,Loyal High-Spend Customers,No,No,41.01,Medium Risk,Loyalty Rewards + Premium Benefits,Loyalty Reward + Customer Check-In
Female,0,No,No,72,Yes,Yes,DSL,Yes,Yes,Yes,Yes,Yes,Yes,Two year,Yes,Bank transfer (automatic),91.35,6697.2,Loyal High-Spend Customers,No,No,3.23,Low Risk,Loyalty Rewards + Premium Benefits,Maintain Loyalty Benefits
Female,0,Yes,No,72,Yes,Yes,Fiber optic,Yes,Yes,Yes,No,Yes,Yes,Two year,Yes,Electronic check,110.75,7751.7,Loyal High-Spend Customers,No,No,21.19,Low Risk,Loyalty Rewards + Premium Benefits,Maintain Loyalty Benefits
Male,1,Yes,No,24,Yes,Yes,Fiber optic,No,Yes,Yes,No,Yes,Yes,Month-to-month,Yes,Electronic check,104.25,2433.9,High-Risk High-Spend Customers,Yes,Yes,87.8,High Risk,Priority Support + Personalized Offer + Long-Term Contract Incentive,Urgent Priority Support + Personalized Offer + Contract Incentive
Male,1,No,No,24,Yes,Yes,Fiber optic,No,No,No,No,No,No,Month-to-month,Yes,Electronic check,76.1,1712.7,High-Risk High-Spend Customers,Yes,Yes,80.92,High Risk,Priority Support + Personalized Offer + Long-Term Contract Incentive,Urgent Priority Support + Personalized Offer + Contract Incentive
Male,0,Yes,Yes,51,Yes,Yes,Fiber optic,Yes,Yes,No,Yes,Yes,Yes,One year,No,Credit card (automatic),110.05,5686.4,Loyal High-Spend Customers,No,No,17.91,Low Risk,Loyalty Rewards + Premium Benefits,Maintain Loyalty Benefits
Male,1,Yes,No,71,Yes,No,DSL,Yes,Yes,No,Yes,Yes,No,One year,Yes,Bank transfer (automatic),71.0,5012.1,Loyal High-Spend Customers,No,No,2.42,Low Risk,Loyalty Rewards + Premium Benefits,Maintain Loyalty Benefits
Male,0,No,No,22,Yes,Yes,No,No internet service,No internet service,No internet service,No internet service,No internet service,No internet service,Two year,No,Mailed check,25.25,566.5,New Low-Spend Customers,No,No,6.99,Low Risk,Early Engagement + Welcome Offer + Service Guidance,Regular Onboarding Communication
Female,0,No,No,48,Yes,No,DSL,Yes,No,Yes,Yes,No,No,One year,Yes,Credit card (automatic),60.35,2896.4,Loyal Low-Spend Customers,Yes,No,5.0,Low Risk,Maintain Service + Loyalty Communication,Maintain Service Quality
Male,1,Yes,No,7,Yes,Yes,Fiber optic,No,No,No,No,No,No,Month-to-month,Yes,Mailed check,74.4,527.9,High-Risk High-Spend Customers,Yes,Yes,85.04,High Risk,Priority Support + Personalized Offer + Long-Term Contract Incentive,Urgent Priority Support + Personalized Offer + Contract Incentive
Male,0,No,Yes,2,Yes,No,No,No internet service,No internet service,No internet service,No internet service,No internet service,No internet service,Month-to-month,No,Mailed check,19.25,48.35,New Low-Spend Customers,No,No,34.26,Medium Risk,Early Engagement + Welcome Offer + Service Guidance,Early Engagement + Service Guidance
Male,0,No,Yes,19,Yes,No,No,No internet service,No internet service,No internet service,No internet service,No internet service,No internet service,Month-to-month,Yes,Electronic check,20.0,377.55,New Low-Spend Customers,No,No,28.43,Low Risk,Early Engagement + Welcome Offer + Service Guidance,Regular Onboarding Communication
Male,1,No,No,7,No,No phone service,DSL,No,Yes,No,Yes,No,Yes,Month-to-month,Yes,Electronic check,44.4,265.8,New Low-Spend Customers,No,Yes,76.3,High Risk,Early Engagement + Welcome Offer + Service Guidance,Immediate Welcome Offer + Onboarding Support
Female,0,No,No,55,Yes,Yes,Fiber optic,No,No,No,No,No,No,Month-to-month,Yes,Electronic check,73.1,4144.9,Loyal High-Spend Customers,No,Yes,60.96,High Risk,Loyalty Rewards + Premium Benefits,Priority Loyalty Offer + Proactive Support
Male,0,No,No,2,Yes,No,DSL,No,No,No,No,No,No,Month-to-month,No,Bank transfer (automatic),44.9,111.05,New Low-Spend Customers,No,Yes,59.87,Medium Risk,Early Engagement + Welcome Offer + Service Guidance,Early Engagement + Service Guidance
Male,0,No,No,10,Yes,No,Fiber optic,No,No,No,No,No,No,Month-to-month,Yes,Electronic check,70.0,740.0,High-Risk High-Spend Customers,Yes,Yes,83.3,High Risk,Priority Support + Personalized Offer + Long-Term Contract Incentive,Urgent Priority Support + Personalized Offer + Contract Incentive
Female,0,Yes,Yes,22,Yes,No,DSL,No,Yes,No,No,Yes,Yes,One year,Yes,Bank transfer (automatic),69.5,1498.2,High-Risk High-Spend Customers,Yes,No,25.65,Low Risk,Priority Support + Personalized Offer + Long-Term Contract Incentive,Maintain Premium Relationship
Female,0,Yes,No,68,Yes,Yes,Fiber optic,Yes,Yes,Yes,Yes,Yes,Yes,Two year,No,Bank transfer (automatic),114.9,7843.55,Loyal High-Spend Customers,No,No,9.52,Low Risk,Loyalty Rewards + Premium Benefits,Maintain Loyalty Benefits
Male,1,Yes,No,8,Yes,No,DSL,Yes,No,No,No,Yes,No,Month-to-month,No,Bank transfer (automatic),60.9,551.95,High-Risk High-Spend Customers,No,No,46.99,Medium Risk,Priority Support + Personalized Offer + Long-Term Contract Incentive,Proactive Support + Personalized Offer
Male,0,Yes,Yes,70,No,No phone service,DSL,Yes,No,Yes,Yes,Yes,Yes,Two year,No,Bank transfer (automatic),59.5,4144.8,Loyal High-Spend Customers,No,No,1.73,Low Risk,Loyalty Rewards + Premium Benefits,Maintain Loyalty Benefits
Female,0,Yes,No,52,Yes,Yes,Fiber optic,No,Yes,No,Yes,Yes,Yes,Month-to-month,Yes,Credit card (automatic),102.7,5138.1,Loyal High-Spend Customers,No,Yes,57.95,Medium Risk,Loyalty Rewards + Premium Benefits,Loyalty Reward + Customer Check-In
Male,0,Yes,Yes,7,Yes,No,Fiber optic,No,Yes,No,Yes,Yes,No,Month-to-month,Yes,Electronic check,89.75,608.8,High-Risk High-Spend Customers,Yes,Yes,69.75,High Risk,Priority Support + Personalized Offer + Long-Term Contract Incentive,Urgent Priority Support + Personalized Offer + Contract Incentive
Male,0,No,No,12,Yes,No,DSL,No,Yes,No,No,No,No,Month-to-month,Yes,Bank transfer (automatic),49.05,593.05,New Low-Spend Customers,No,Yes,50.98,Medium Risk,Early Engagement + Welcome Offer + Service Guidance,Early Engagement + Service Guidance
Female,0,No,No,41,Yes,Yes,Fiber optic,Yes,No,No,No,No,No,Month-to-month,Yes,Credit card (automatic),81.3,3190.65,Loyal High-Spend Customers,No,No,48.67,Medium Risk,Loyalty Rewards + Premium Benefits,Loyalty Reward + Customer Check-In
Female,0,Yes,Yes,29,Yes,Yes,No,No internet service,No internet service,No internet service,No internet service,No internet service,No internet service,Two year,No,Mailed check,26.1,692.55,New Low-Spend Customers,No,No,3.31,Low Risk,Early Engagement + Welcome Offer + Service Guidance,Regular Onboarding Communication
Male,0,Yes,Yes,57,Yes,No,No,No internet service,No internet service,No internet service,No internet service,No internet service,No internet service,Two year,No,Mailed check,20.75,1123.15,Loyal Low-Spend Customers,No,No,0.58,Low Risk,Maintain Service + Loyalty Communication,Maintain Service Quality
Male,0,No,No,31,Yes,Yes,Fiber optic,No,Yes,No,No,No,No,Month-to-month,Yes,Electronic check,80.45,2429.1,High-Risk High-Spend Customers,No,Yes,72.66,High Risk,Priority Support + Personalized Offer + Long-Term Contract Incentive,Urgent Priority Support + Personalized Offer + Contract Incentive
Female,1,Yes,No,60,Yes,Yes,Fiber optic,No,Yes,No,No,No,Yes,Month-to-month,No,Electronic check,89.45,5294.6,Loyal High-Spend Customers,No,Yes,57.21,Medium Risk,Loyalty Rewards + Premium Benefits,Loyalty Reward + Customer Check-In
Male,0,Yes,No,68,Yes,Yes,Fiber optic,Yes,Yes,No,Yes,Yes,Yes,Month-to-month,Yes,Electronic check,107.7,7320.9,Loyal High-Spend Customers,No,No,48.52,Medium Risk,Loyalty Rewards + Premium Benefits,Loyalty Reward + Customer Check-In
Male,0,No,No,58,Yes,No,DSL,No,Yes,Yes,Yes,Yes,No,Two year,No,Bank transfer (automatic),70.1,4048.95,Loyal High-Spend Customers,No,No,2.45,Low Risk,Loyalty Rewards + Premium Benefits,Maintain Loyalty Benefits
Male,0,No,No,2,Yes,No,Fiber optic,No,No,No,No,No,Yes,Month-to-month,Yes,Electronic check,80.95,171.15,High-Risk High-Spend Customers,Yes,Yes,89.12,High Risk,Priority Support + Personalized Offer + Long-Term Contract Incentive,Urgent Priority Support + Personalized Offer + Contract Incentive
Male,0,No,No,29,Yes,Yes,Fiber optic,No,No,No,No,No,Yes,Month-to-month,Yes,Electronic check,84.9,2516.2,High-Risk High-Spend Customers,No,Yes,83.81,High Risk,Priority Support + Personalized Offer + Long-Term Contract Incentive,Urgent Priority Support + Personalized Offer + Contract Incentive
Male,0,Yes,No,33,Yes,Yes,Fiber optic,No,Yes,Yes,No,No,Yes,Month-to-month,Yes,Electronic check,93.35,3092.0,High-Risk High-Spend Customers,No,Yes,80.71,High Risk,Priority Support + Personalized Offer + Long-Term Contract Incentive,Urgent Priority Support + Personalized Offer + Contract Incentive
Male,0,Yes,No,70,Yes,Yes,DSL,Yes,Yes,Yes,Yes,Yes,No,Two year,No,Mailed check,79.15,5536.5,Loyal High-Spend Customers,No,No,1.76,Low Risk,Loyalty Rewards + Premium Benefits,Maintain Loyalty Benefits
Male,0,Yes,Yes,49,Yes,Yes,Fiber optic,No,No,Yes,No,Yes,Yes,Month-to-month,Yes,Electronic check,99.8,4872.45,Loyal High-Spend Customers,Yes,Yes,75.27,High Risk,Loyalty Rewards + Premium Benefits,Priority Loyalty Offer + Proactive Support
Female,0,No,No,5,Yes,No,Fiber optic,No,Yes,No,No,Yes,No,Month-to-month,Yes,Mailed check,85.3,420.45,High-Risk High-Spend Customers,No,Yes,78.93,High Risk,Priority Support + Personalized Offer + Long-Term Contract Incentive,Urgent Priority Support + Personalized Offer + Contract Incentive
Male,0,Yes,Yes,18,Yes,No,No,No internet service,No internet service,No internet service,No internet service,No internet service,No internet service,One year,No,Bank transfer (automatic),19.8,342.3,New Low-Spend Customers,No,No,7.85,Low Risk,Early Engagement + Welcome Offer + Service Guidance,Regular Onboarding Communication
Female,0,No,No,10,Yes,No,DSL,No,No,No,Yes,No,Yes,Month-to-month,Yes,Mailed check,60.95,629.55,High-Risk High-Spend Customers,No,Yes,52.86,Medium Risk,Priority Support + Personalized Offer + Long-Term Contract Incentive,Proactive Support + Personalized Offer
Female,1,Yes,No,65,Yes,Yes,Fiber optic,No,Yes,Yes,No,Yes,Yes,Month-to-month,Yes,Bank transfer (automatic),108.8,7082.45,Loyal High-Spend Customers,No,Yes,61.01,High Risk,Loyalty Rewards + Premium Benefits,Priority Loyalty Offer + Proactive Support
Male,1,Yes,No,7,Yes,Yes,Fiber optic,No,No,No,No,No,No,Month-to-month,Yes,Electronic check,75.4,533.05,High-Risk High-Spend Customers,No,Yes,88.88,High Risk,Priority Support + Personalized Offer + Long-Term Contract Incentive,Urgent Priority Support + Personalized Offer + Contract Incentive
Female,0,No,No,30,Yes,Yes,Fiber optic,No,No,Yes,No,Yes,Yes,Month-to-month,No,Electronic check,100.45,3096.9,High-Risk High-Spend Customers,No,Yes,83.96,High Risk,Priority Support + Personalized Offer + Long-Term Contract Incentive,Urgent Priority Support + Personalized Offer + Contract Incentive
Male,0,No,No,3,Yes,No,DSL,No,No,No,No,No,No,Month-to-month,Yes,Electronic check,43.3,123.65,New Low-Spend Customers,Yes,Yes,75.73,High Risk,Early Engagement + Welcome Offer + Service Guidance,Immediate Welcome Offer + Onboarding Support
Female,0,No,No,11,Yes,Yes,Fiber optic,No,No,Yes,No,Yes,Yes,Month-to-month,Yes,Electronic check,100.75,1129.75,High-Risk High-Spend Customers,Yes,Yes,91.53,High Risk,Priority Support + Personalized Offer + Long-Term Contract Incentive,Urgent Priority Support + Personalized Offer + Contract Incentive
Male,1,Yes,No,63,Yes,Yes,Fiber optic,Yes,Yes,Yes,No,Yes,Yes,Two year,No,Credit card (automatic),108.5,6991.9,Loyal High-Spend Customers,No,No,19.0,Low Risk,Loyalty Rewards + Premium Benefits,Maintain Loyalty Benefits
Male,0,No,No,9,No,No phone service,DSL,No,No,No,No,No,No,Month-to-month,Yes,Mailed check,24.6,190.1,New Low-Spend Customers,No,Yes,74.29,High Risk,Early Engagement + Welcome Offer + Service Guidance,Immediate Welcome Offer + Onboarding Support
Male,0,No,No,12,Yes,No,Fiber optic,Yes,No,Yes,No,No,No,Month-to-month,No,Bank transfer (automatic),81.7,858.6,High-Risk High-Spend Customers,Yes,Yes,55.16,Medium Risk,Priority Support + Personalized Offer + Long-Term Contract Incentive,Proactive Support + Personalized Offer
Female,0,Yes,Yes,4,Yes,No,DSL,No,Yes,No,Yes,No,No,Month-to-month,No,Mailed check,56.5,235.1,New Low-Spend Customers,Yes,No,30.86,Medium Risk,Early Engagement + Welcome Offer + Service Guidance,Early Engagement + Service Guidance
Male,1,No,No,2,Yes,No,DSL,No,No,No,No,No,No,Month-to-month,No,Mailed check,44.95,85.15,New Low-Spend Customers,Yes,Yes,63.14,High Risk,Early Engagement + Welcome Offer + Service Guidance,Immediate Welcome Offer + Onboarding Support
Male,0,Yes,Yes,71,Yes,No,No,No internet service,No internet service,No internet service,No internet service,No internet service,No internet service,Two year,Yes,Bank transfer (automatic),19.6,1387.45,Loyal Low-Spend Customers,No,No,0.35,Low Risk,Maintain Service + Loyalty Communication,Maintain Service Quality
Male,0,Yes,Yes,42,Yes,No,DSL,No,No,Yes,Yes,Yes,Yes,One year,No,Electronic check,73.15,3088.25,High-Risk High-Spend Customers,No,No,15.28,Low Risk,Priority Support + Personalized Offer + Long-Term Contract Incentive,Maintain Premium Relationship
Male,0,Yes,Yes,26,Yes,No,Fiber optic,No,No,No,No,No,Yes,One year,No,Bank transfer (automatic),78.95,2034.25,High-Risk High-Spend Customers,No,No,36.67,Medium Risk,Priority Support + Personalized Offer + Long-Term Contract Incentive,Proactive Support + Personalized Offer
Female,0,Yes,No,72,Yes,Yes,No,No internet service,No internet service,No internet service,No internet service,No internet service,No internet service,Two year,Yes,Bank transfer (automatic),25.25,1841.2,Loyal Low-Spend Customers,No,No,0.7,Low Risk,Maintain Service + Loyalty Communication,Maintain Service Quality
Male,0,No,No,13,Yes,No,DSL,No,No,No,Yes,No,No,Month-to-month,Yes,Mailed check,50.55,610.75,New Low-Spend Customers,No,No,43.11,Medium Risk,Early Engagement + Welcome Offer + Service Guidance,Early Engagement + Service Guidance
Male,0,Yes,No,52,Yes,No,DSL,Yes,Yes,No,No,Yes,Yes,One year,Yes,Mailed check,75.4,3865.45,Loyal High-Spend Customers,No,No,10.22,Low Risk,Loyalty Rewards + Premium Benefits,Maintain Loyalty Benefits
Female,0,Yes,No,66,Yes,Yes,Fiber optic,No,Yes,Yes,No,Yes,Yes,Month-to-month,Yes,Electronic check,105.2,6936.85,Loyal High-Spend Customers,No,Yes,70.25,High Risk,Loyalty Rewards + Premium Benefits,Priority Loyalty Offer + Proactive Support
Male,1,No,No,1,Yes,No,Fiber optic,No,No,No,No,No,No,Month-to-month,Yes,Bank transfer (automatic),69.5,69.5,High-Risk High-Spend Customers,Yes,Yes,82.68,High Risk,Priority Support + Personalized Offer + Long-Term Contract Incentive,Urgent Priority Support + Personalized Offer + Contract Incentive
Female,0,No,No,47,No,No phone service,DSL,Yes,Yes,No,Yes,No,No,One year,No,Credit card (automatic),39.65,1798.65,Loyal Low-Spend Customers,No,No,4.44,Low Risk,Maintain Service + Loyalty Communication,Maintain Service Quality
Female,0,Yes,Yes,61,Yes,No,DSL,Yes,No,No,No,No,No,One year,Yes,Bank transfer (automatic),49.7,2961.4,Loyal Low-Spend Customers,No,No,2.59,Low Risk,Maintain Service + Loyalty Communication,Maintain Service Quality
Male,0,Yes,Yes,26,Yes,Yes,DSL,No,No,Yes,Yes,Yes,Yes,One year,Yes,Credit card (automatic),82.0,2083.1,High-Risk High-Spend Customers,No,No,26.54,Low Risk,Priority Support + Personalized Offer + Long-Term Contract Incentive,Maintain Premium Relationship
Male,0,No,No,19,Yes,No,DSL,No,Yes,No,Yes,No,Yes,One year,Yes,Bank transfer (automatic),65.35,1231.85,High-Risk High-Spend Customers,No,No,20.79,Low Risk,Priority Support + Personalized Offer + Long-Term Contract Incentive,Maintain Premium Relationship
Male,1,Yes,No,17,Yes,Yes,Fiber optic,No,No,Yes,No,Yes,Yes,Month-to-month,Yes,Credit card (automatic),100.45,1622.45,High-Risk High-Spend Customers,Yes,Yes,87.76,High Risk,Priority Support + Personalized Offer + Long-Term Contract Incentive,Urgent Priority Support + Personalized Offer + Contract Incentive
Female,0,Yes,Yes,72,Yes,No,Fiber optic,Yes,Yes,Yes,Yes,Yes,Yes,Two year,Yes,Bank transfer (automatic),108.3,7679.65,Loyal High-Spend Customers,No,No,5.46,Low Risk,Loyalty Rewards + Premium Benefits,Maintain Loyalty Benefits
Female,0,No,No,2,Yes,No,Fiber optic,Yes,Yes,No,No,Yes,No,Month-to-month,Yes,Electronic check,91.15,168.5,High-Risk High-Spend Customers,No,Yes,77.24,High Risk,Priority Support + Personalized Offer + Long-Term Contract Incentive,Urgent Priority Support + Personalized Offer + Contract Incentive
Female,0,No,No,17,Yes,No,No,No internet service,No internet service,No internet service,No internet service,No internet service,No internet service,One year,No,Mailed check,19.55,280.85,New Low-Spend Customers,No,No,11.67,Low Risk,Early Engagement + Welcome Offer + Service Guidance,Regular Onboarding Communication
Male,1,No,No,67,Yes,No,Fiber optic,Yes,Yes,No,Yes,Yes,Yes,Two year,Yes,Electronic check,105.05,7171.7,Loyal High-Spend Customers,No,No,12.97,Low Risk,Loyalty Rewards + Premium Benefits,Maintain Loyalty Benefits
Male,0,No,No,1,Yes,No,No,No internet service,No internet service,No internet service,No internet service,No internet service,No internet service,Month-to-month,Yes,Mailed check,20.45,20.45,New Low-Spend Customers,No,No,49.22,Medium Risk,Early Engagement + Welcome Offer + Service Guidance,Early Engagement + Service Guidance
Female,0,No,No,3,Yes,Yes,Fiber optic,No,No,No,No,No,No,Month-to-month,Yes,Electronic check,75.5,220.6,High-Risk High-Spend Customers,Yes,Yes,89.11,High Risk,Priority Support + Personalized Offer + Long-Term Contract Incentive,Urgent Priority Support + Personalized Offer + Contract Incentive
Male,0,Yes,No,11,Yes,No,No,No internet service,No internet service,No internet service,No internet service,No internet service,No internet service,One year,Yes,Mailed check,20.55,184.95,New Low-Spend Customers,No,No,19.14,Low Risk,Early Engagement + Welcome Offer + Service Guidance,Regular Onboarding Communication
Male,0,Yes,Yes,62,Yes,No,DSL,Yes,Yes,Yes,Yes,Yes,Yes,Two year,No,Electronic check,86.1,5215.25,Loyal High-Spend Customers,No,No,2.3,Low Risk,Loyalty Rewards + Premium Benefits,Maintain Loyalty Benefits
Male,0,No,No,60,Yes,No,DSL,Yes,No,Yes,Yes,Yes,Yes,One year,No,Mailed check,79.0,4801.1,Loyal High-Spend Customers,No,No,5.71,Low Risk,Loyalty Rewards + Premium Benefits,Maintain Loyalty Benefits
Female,0,Yes,Yes,64,Yes,Yes,Fiber optic,Yes,Yes,No,Yes,Yes,Yes,Two year,No,Bank transfer (automatic),110.3,6997.3,Loyal High-Spend Customers,No,No,6.46,Low Risk,Loyalty Rewards + Premium Benefits,Maintain Loyalty Benefits
Male,0,No,No,53,Yes,No,Fiber optic,No,Yes,No,Yes,No,No,Month-to-month,Yes,Mailed check,80.6,4348.1,Loyal High-Spend Customers,No,No,29.24,Low Risk,Loyalty Rewards + Premium Benefits,Maintain Loyalty Benefits
Male,0,Yes,Yes,64,Yes,No,DSL,Yes,No,Yes,No,Yes,Yes,One year,Yes,Credit card (automatic),73.05,4688.65,Loyal High-Spend Customers,No,No,7.21,Low Risk,Loyalty Rewards + Premium Benefits,Maintain Loyalty Benefits
Female,0,No,Yes,1,Yes,Yes,No,No internet service,No internet service,No internet service,No internet service,No internet service,No internet service,Month-to-month,No,Mailed check,24.0,24.0,New Low-Spend Customers,No,No,42.22,Medium Risk,Early Engagement + Welcome Offer + Service Guidance,Early Engagement + Service Guidance
Male,1,Yes,Yes,71,Yes,No,No,No internet service,No internet service,No internet service,No internet service,No internet service,No internet service,Two year,No,Credit card (automatic),19.8,1388.45,Loyal Low-Spend Customers,No,No,0.32,Low Risk,Maintain Service + Loyalty Communication,Maintain Service Quality
Female,0,No,Yes,22,Yes,No,No,No internet service,No internet service,No internet service,No internet service,No internet service,No internet service,Month-to-month,Yes,Electronic check,20.55,469.85,New Low-Spend Customers,No,No,24.57,Low Risk,Early Engagement + Welcome Offer + Service Guidance,Regular Onboarding Communication
Female,0,No,No,1,Yes,No,Fiber optic,No,No,No,No,No,No,Month-to-month,Yes,Electronic check,70.6,70.6,High-Risk High-Spend Customers,Yes,Yes,86.53,High Risk,Priority Support + Personalized Offer + Long-Term Contract Incentive,Urgent Priority Support + Personalized Offer + Contract Incentive
Female,0,Yes,No,18,Yes,No,No,No internet service,No internet service,No internet service,No internet service,No internet service,No internet service,Two year,No,Mailed check,20.1,370.5,New Low-Spend Customers,No,No,6.0,Low Risk,Early Engagement + Welcome Offer + Service Guidance,Regular Onboarding Communication
Female,0,Yes,Yes,55,Yes,No,Fiber optic,No,No,No,No,No,No,Two year,Yes,Credit card (automatic),69.05,3842.6,Loyal High-Spend Customers,No,No,9.78,Low Risk,Loyalty Rewards + Premium Benefits,Maintain Loyalty Benefits
Female,0,No,No,22,No,No phone service,DSL,No,No,Yes,No,Yes,Yes,Month-to-month,Yes,Electronic check,50.6,1073.3,New Low-Spend Customers,No,Yes,79.47,High Risk,Early Engagement + Welcome Offer + Service Guidance,Immediate Welcome Offer + Onboarding Support
Female,1,No,No,4,Yes,Yes,Fiber optic,No,No,No,No,No,Yes,Month-to-month,Yes,Electronic check,84.6,360.1,High-Risk High-Spend Customers,Yes,Yes,92.12,High Risk,Priority Support + Personalized Offer + Long-Term Contract Incentive,Urgent Priority Support + Personalized Offer + Contract Incentive
Female,0,No,No,47,Yes,Yes,Fiber optic,Yes,No,Yes,No,Yes,No,One year,No,Credit card (automatic),94.9,4615.25,Loyal High-Spend Customers,No,No,30.87,Medium Risk,Loyalty Rewards + Premium Benefits,Loyalty Reward + Customer Check-In
Female,0,Yes,No,13,Yes,No,DSL,No,No,No,No,No,No,One year,No,Electronic check,43.8,592.65,New Low-Spend Customers,No,No,37.98,Medium Risk,Early Engagement + Welcome Offer + Service Guidance,Early Engagement + Service Guidance
Female,0,Yes,No,60,Yes,No,DSL,Yes,Yes,No,Yes,No,No,Two year,No,Bank transfer (automatic),59.85,3483.45,Loyal Low-Spend Customers,No,No,0.85,Low Risk,Maintain Service + Loyalty Communication,Maintain Service Quality
Male,0,No,No,52,Yes,No,Fiber optic,Yes,No,Yes,No,Yes,No,One year,No,Electronic check,91.25,4738.3,Loyal High-Spend Customers,No,No,25.8,Low Risk,Loyalty Rewards + Premium Benefits,Maintain Loyalty Benefits
Female,0,No,No,7,Yes,Yes,Fiber optic,No,No,No,No,No,No,Month-to-month,No,Mailed check,75.45,480.75,High-Risk High-Spend Customers,Yes,Yes,78.56,High Risk,Priority Support + Personalized Offer + Long-Term Contract Incentive,Urgent Priority Support + Personalized Offer + Contract Incentive
Male,0,Yes,Yes,67,Yes,No,DSL,Yes,No,Yes,Yes,No,No,Two year,Yes,Bank transfer (automatic),60.4,3953.7,Loyal High-Spend Customers,No,No,0.8,Low Risk,Loyalty Rewards + Premium Benefits,Maintain Loyalty Benefits
Male,1,No,No,18,Yes,Yes,Fiber optic,No,Yes,No,No,No,No,Month-to-month,Yes,Credit card (automatic),80.55,1411.65,High-Risk High-Spend Customers,No,Yes,75.8,High Risk,Priority Support + Personalized Offer + Long-Term Contract Incentive,Urgent Priority Support + Personalized Offer + Contract Incentive
Male,0,Yes,No,69,No,No phone service,DSL,No,Yes,Yes,Yes,Yes,Yes,One year,Yes,Credit card (automatic),60.8,4263.4,Loyal High-Spend Customers,No,No,9.15,Low Risk,Loyalty Rewards + Premium Benefits,Maintain Loyalty Benefits
Male,0,No,No,51,Yes,Yes,No,No internet service,No internet service,No internet service,No internet service,No internet service,No internet service,One year,Yes,Bank transfer (automatic),24.6,1266.4,Loyal Low-Spend Customers,No,No,4.04,Low Risk,Maintain Service + Loyalty Communication,Maintain Service Quality
Male,0,No,No,38,Yes,No,No,No internet service,No internet service,No internet service,No internet service,No internet service,No internet service,One year,No,Mailed check,20.1,730.1,Loyal Low-Spend Customers,No,No,4.27,Low Risk,Maintain Service + Loyalty Communication,Maintain Service Quality
Female,0,Yes,No,7,Yes,No,DSL,Yes,No,Yes,Yes,Yes,Yes,Month-to-month,No,Bank transfer (automatic),81.25,580.1,High-Risk High-Spend Customers,No,No,39.59,Medium Risk,Priority Support + Personalized Offer + Long-Term Contract Incentive,Proactive Support + Personalized Offer
Male,1,Yes,Yes,58,Yes,Yes,Fiber optic,Yes,Yes,No,Yes,No,No,One year,Yes,Bank transfer (automatic),89.85,5125.75,Loyal High-Spend Customers,No,No,8.95,Low Risk,Loyalty Rewards + Premium Benefits,Maintain Loyalty Benefits
Male,0,Yes,No,1,Yes,No,DSL,Yes,No,Yes,No,No,No,Month-to-month,No,Mailed check,55.7,55.7,New Low-Spend Customers,No,No,48.73,Medium Risk,Early Engagement + Welcome Offer + Service Guidance,Early Engagement + Service Guidance
Female,0,Yes,Yes,72,Yes,No,Fiber optic,Yes,Yes,Yes,Yes,Yes,Yes,Two year,Yes,Credit card (automatic),109.5,7854.9,Loyal High-Spend Customers,No,No,6.14,Low Risk,Loyalty Rewards + Premium Benefits,Maintain Loyalty Benefits
Female,0,No,No,66,No,No phone service,DSL,Yes,Yes,Yes,Yes,Yes,Yes,Two year,Yes,Bank transfer (automatic),62.5,4136.4,Loyal High-Spend Customers,No,No,3.33,Low Risk,Loyalty Rewards + Premium Benefits,Maintain Loyalty Benefits
Male,1,Yes,No,6,Yes,No,Fiber optic,No,No,Yes,No,Yes,Yes,Month-to-month,Yes,Electronic check,95.75,573.75,High-Risk High-Spend Customers,Yes,Yes,90.77,High Risk,Priority Support + Personalized Offer + Long-Term Contract Incentive,Urgent Priority Support + Personalized Offer + Contract Incentive
Female,0,Yes,No,24,Yes,No,No,No internet service,No internet service,No internet service,No internet service,No internet service,No internet service,One year,No,Credit card (automatic),20.4,482.8,New Low-Spend Customers,No,No,8.57,Low Risk,Early Engagement + Welcome Offer + Service Guidance,Regular Onboarding Communication
Male,0,Yes,No,35,No,No phone service,DSL,Yes,No,Yes,No,Yes,Yes,One year,No,Credit card (automatic),53.15,1930.9,Loyal Low-Spend Customers,No,No,26.6,Low Risk,Maintain Service + Loyalty Communication,Maintain Service Quality
Female,0,Yes,Yes,21,Yes,No,DSL,No,No,No,No,No,No,Month-to-month,Yes,Electronic check,44.95,926.25,New Low-Spend Customers,No,No,47.41,Medium Risk,Early Engagement + Welcome Offer + Service Guidance,Early Engagement + Service Guidance
Female,0,Yes,Yes,69,Yes,No,No,No internet service,No internet service,No internet service,No internet service,No internet service,No internet service,Two year,No,Bank transfer (automatic),20.15,1337.5,Loyal Low-Spend Customers,No,No,0.28,Low Risk,Maintain Service + Loyalty Communication,Maintain Service Quality
Female,0,No,No,21,Yes,No,No,No internet service,No internet service,No internet service,No internet service,No internet service,No internet service,Two year,Yes,Credit card (automatic),20.85,435.25,New Low-Spend Customers,No,No,6.82,Low Risk,Early Engagement + Welcome Offer + Service Guidance,Regular Onboarding Communication
Female,1,No,No,7,Yes,No,Fiber optic,No,No,Yes,No,Yes,No,Month-to-month,Yes,Electronic check,84.35,609.65,High-Risk High-Spend Customers,No,Yes,88.29,High Risk,Priority Support + Personalized Offer + Long-Term Contract Incentive,Urgent Priority Support + Personalized Offer + Contract Incentive
Male,0,No,No,53,Yes,No,No,No internet service,No internet service,No internet service,No internet service,No internet service,No internet service,Two year,No,Bank transfer (automatic),19.65,978.0,Loyal Low-Spend Customers,No,No,0.96,Low Risk,Maintain Service + Loyalty Communication,Maintain Service Quality
Male,0,No,Yes,22,Yes,No,Fiber optic,No,Yes,Yes,No,Yes,No,Month-to-month,Yes,Electronic check,89.4,2001.5,High-Risk High-Spend Customers,Yes,Yes,72.37,High Risk,Priority Support + Personalized Offer + Long-Term Contract Incentive,Urgent Priority Support + Personalized Offer + Contract Incentive
Female,0,No,No,3,Yes,No,No,No internet service,No internet service,No internet service,No internet service,No internet service,No internet service,Month-to-month,No,Electronic check,19.55,61.05,New Low-Spend Customers,No,No,49.39,Medium Risk,Early Engagement + Welcome Offer + Service Guidance,Early Engagement + Service Guidance
Female,0,No,No,12,Yes,No,DSL,No,No,No,No,No,No,Month-to-month,Yes,Bank transfer (automatic),45.0,524.35,New Low-Spend Customers,No,Yes,54.74,Medium Risk,Early Engagement + Welcome Offer + Service Guidance,Early Engagement + Service Guidance
Female,0,No,Yes,26,No,No phone service,DSL,Yes,No,No,Yes,No,Yes,Month-to-month,No,Mailed check,45.8,1147.0,New Low-Spend Customers,No,No,24.6,Low Risk,Early Engagement + Welcome Offer + Service Guidance,Regular Onboarding Communication
Male,0,No,No,3,Yes,No,No,No internet service,No internet service,No internet service,No internet service,No internet service,No internet service,One year,Yes,Mailed check,19.45,69.25,New Low-Spend Customers,No,No,27.79,Low Risk,Early Engagement + Welcome Offer + Service Guidance,Regular Onboarding Communication
Male,0,No,No,37,No,No phone service,DSL,Yes,Yes,No,Yes,No,No,Two year,Yes,Mailed check,40.55,1390.85,Loyal Low-Spend Customers,No,No,4.48,Low Risk,Maintain Service + Loyalty Communication,Maintain Service Quality
Female,0,No,Yes,50,Yes,No,No,No internet service,No internet service,No internet service,No internet service,No internet service,No internet service,Two year,No,Credit card (automatic),20.15,970.85,Loyal Low-Spend Customers,No,No,0.86,Low Risk,Maintain Service + Loyalty Communication,Maintain Service Quality
